{
  "features" : [ {
    "geometry" : {
      "coordinates" : [ [ [ [ -0.24981558322906494, 46.65159058985548 ], [ -0.24981457740068436, 46.65159035971088 ], [ -0.24981357157230377, 46.65158966927708 ], [ -0.24981223046779633, 46.65158966927708 ], [ -0.24981189519166946, 46.651589208987865 ], [ -0.2498115599155426, 46.651588288409435 ], [ -0.2498115599155426, 46.65158644725253 ], [ -0.24981189519166946, 46.65158506638481 ], [ -0.2498125657439232, 46.65158437595094 ], [ -0.24981290102005005, 46.65158391566169 ], [ -0.24981893599033356, 46.65158391566169 ], [ -0.24981994181871414, 46.65158460609557 ], [ -0.2498212829232216, 46.65158575681868 ], [ -0.2498212829232216, 46.65158805826483 ], [ -0.24982061237096786, 46.651588978843264 ], [ -0.24981994181871414, 46.65158943913247 ], [ -0.24981994181871414, 46.65158989942168 ], [ -0.24981927126646042, 46.65159035971088 ], [ -0.24981893599033356, 46.65159035971088 ], [ -0.2498186007142067, 46.65159058985548 ], [ -0.24981558322906494, 46.65159058985548 ] ] ] ],
      "type" : "MultiPolygon"
    },
    "type" : "Feature",
    "properties" : {
      "confidence" : null,
      "zoom" : 20,
      "id" : "e35c965b-8043-4c4d-9a34-44b43f45e422",
      "label" : "PANNEAU_PHOTOVOLTAIQUE"
    }
  }, {
    "geometry" : {
      "coordinates" : [ [ [ [ -0.24993494153022766, 46.65193051236082 ], [ -0.24993393570184708, 46.65193005207451 ], [ -0.24993225932121277, 46.65192890135872 ], [ -0.24993225932121277, 46.65192706021341 ], [ -0.24993527680635452, 46.65192706021341 ], [ -0.24993561208248138, 46.651923608065786 ], [ -0.24993427097797394, 46.6519233779226 ], [ -0.24993427097797394, 46.6519213066339 ], [ -0.24993762373924255, 46.651921076490716 ], [ -0.24993762373924255, 46.651921766920296 ], [ -0.24993896484375, 46.65192199706348 ], [ -0.24993896484375, 46.6519284410724 ], [ -0.24993829429149628, 46.65192913150188 ], [ -0.24993829429149628, 46.65193051236082 ], [ -0.24993494153022766, 46.65193051236082 ] ] ] ],
      "type" : "MultiPolygon"
    },
    "type" : "Feature",
    "properties" : {
      "confidence" : null,
      "zoom" : 20,
      "id" : "d1ba5ea3-625f-4f02-a65e-f2d11e8a7f6c",
      "label" : "PANNEAU_PHOTOVOLTAIQUE"
    }
  }, {
    "geometry" : {
      "coordinates" : [ [ [ [ -0.24984274059534073, 46.65198804811848 ], [ -0.24984173476696014, 46.65198758783266 ], [ -0.24984106421470642, 46.65198758783266 ], [ -0.24983704090118408, 46.65198620697519 ], [ -0.24983637034893036, 46.65198597683227 ], [ -0.24983637034893036, 46.651983675403045 ], [ -0.24983737617731094, 46.65198321511719 ], [ -0.2498430758714676, 46.65198321511719 ], [ -0.24984441697597504, 46.65198344526012 ], [ -0.24984542280435562, 46.651983905545976 ], [ -0.24984709918498993, 46.651983905545976 ], [ -0.24984776973724365, 46.651984135688906 ], [ -0.24984844028949738, 46.65198459597474 ], [ -0.24984944611787796, 46.651984826117676 ], [ -0.24985011667013168, 46.651984826117676 ], [ -0.24985011667013168, 46.65198689740393 ], [ -0.24984944611787796, 46.651987357689755 ], [ -0.24984877556562424, 46.65198758783266 ], [ -0.24984776973724365, 46.651987817975574 ], [ -0.24984676390886307, 46.65198804811848 ], [ -0.24984274059534073, 46.65198804811848 ] ] ] ],
      "type" : "MultiPolygon"
    },
    "type" : "Feature",
    "properties" : {
      "confidence" : null,
      "zoom" : 20,
      "id" : "f5ed1a07-6314-4b41-b6b1-7f3383ae0581",
      "label" : "PANNEAU_PHOTOVOLTAIQUE"
    }
  }, {
    "geometry" : {
      "coordinates" : [ [ [ [ -0.2489686757326126, 46.651987127546846 ], [ -0.2489686757326126, 46.65198505626059 ], [ -0.24897068738937378, 46.65198505626059 ], [ -0.24897102266550064, 46.65198436583183 ], [ -0.2489723637700081, 46.65198436583183 ], [ -0.24897269904613495, 46.65198321511719 ], [ -0.24897538125514984, 46.65198321511719 ], [ -0.24897538125514984, 46.65198505626059 ], [ -0.2489740401506424, 46.65198505626059 ], [ -0.24897370487451553, 46.65198620697519 ], [ -0.2489730343222618, 46.65198620697519 ], [ -0.24897269904613495, 46.65198689740393 ], [ -0.2489686757326126, 46.651987127546846 ] ] ] ],
      "type" : "MultiPolygon"
    },
    "type" : "Feature",
    "properties" : {
      "confidence" : null,
      "zoom" : 20,
      "id" : "ddabecb5-7d89-46e1-92d2-ca302a244a40",
      "label" : "PANNEAU_PHOTOVOLTAIQUE"
    }
  }, {
    "geometry" : {
      "coordinates" : [ [ [ [ -0.2489887923002243, 46.65192084634752 ], [ -0.2489887923002243, 46.651918084629116 ], [ -0.24898946285247803, 46.65191785448591 ], [ -0.24898946285247803, 46.65191716405629 ], [ -0.24899214506149292, 46.65191716405629 ], [ -0.24899248033761978, 46.65191762434271 ], [ -0.24899248033761978, 46.65192084634752 ], [ -0.2489887923002243, 46.65192084634752 ] ] ] ],
      "type" : "MultiPolygon"
    },
    "type" : "Feature",
    "properties" : {
      "confidence" : null,
      "zoom" : 20,
      "id" : "c195d2a0-df54-4194-9760-58a440f22481",
      "label" : "PANNEAU_PHOTOVOLTAIQUE"
    }
  }, {
    "geometry" : {
      "coordinates" : [ [ [ [ -0.24905551224946976, 46.65193741665497 ], [ -0.2490541711449623, 46.65193649608246 ], [ -0.2490535005927086, 46.65193603579621 ], [ -0.24905283004045486, 46.65193534536681 ], [ -0.24905182421207428, 46.65193442479428 ], [ -0.24905048310756683, 46.65193350422172 ], [ -0.2490498125553131, 46.65193327407858 ], [ -0.24904780089855194, 46.65193327407858 ], [ -0.24904780089855194, 46.65193051236082 ], [ -0.24904847145080566, 46.651929821931354 ], [ -0.2490481361746788, 46.65192590949755 ], [ -0.2490481361746788, 46.651924068352145 ], [ -0.24904847145080566, 46.651922917636234 ], [ -0.2490491420030594, 46.651922227206676 ], [ -0.24904947727918625, 46.6519213066339 ], [ -0.24904947727918625, 46.651919465488334 ], [ -0.24905215948820114, 46.651919465488334 ], [ -0.24905215948820114, 46.65192314777942 ], [ -0.24905283004045486, 46.651923608065786 ], [ -0.24905383586883545, 46.651923838208965 ], [ -0.24905450642108917, 46.651923608065786 ], [ -0.24905584752559662, 46.65192314777942 ], [ -0.2490568533539772, 46.65192314777942 ], [ -0.2490578591823578, 46.651922917636234 ], [ -0.24905920028686523, 46.65192199706348 ], [ -0.2490585297346115, 46.6519213066339 ], [ -0.2490585297346115, 46.65191923534514 ], [ -0.24905920028686523, 46.65191877505873 ], [ -0.24906054139137268, 46.65191831477233 ], [ -0.24906355887651443, 46.65191831477233 ], [ -0.24906322360038757, 46.65192084634752 ], [ -0.24906322360038757, 46.65192314777942 ], [ -0.2490638941526413, 46.651923608065786 ], [ -0.24906489998102188, 46.65192498892486 ], [ -0.24906489998102188, 46.651925679354385 ], [ -0.2490655705332756, 46.65192613964073 ], [ -0.2490665763616562, 46.65192613964073 ], [ -0.2490665763616562, 46.65192798078608 ], [ -0.24906422942876816, 46.65192798078608 ], [ -0.2490628883242607, 46.65192890135872 ], [ -0.2490628883242607, 46.65192936164504 ], [ -0.24906255304813385, 46.651929821931354 ], [ -0.24906188249588013, 46.65193028221766 ], [ -0.2490612119436264, 46.651931202790266 ], [ -0.2490612119436264, 46.651933964508004 ], [ -0.24906087666749954, 46.651934654937406 ], [ -0.24906020611524582, 46.651935575509945 ], [ -0.2490595355629921, 46.65193603579621 ], [ -0.24905920028686523, 46.65193672622559 ], [ -0.24905819445848465, 46.65193741665497 ], [ -0.24905551224946976, 46.65193741665497 ] ] ] ],
      "type" : "MultiPolygon"
    },
    "type" : "Feature",
    "properties" : {
      "confidence" : null,
      "zoom" : 20,
      "id" : "e525e8d8-4cc3-4921-a236-8b496f150238",
      "label" : "PANNEAU_PHOTOVOLTAIQUE"
    }
  }, {
    "geometry" : {
      "coordinates" : [ [ [ [ -0.2490421012043953, 46.65196273239265 ], [ -0.2490410953760147, 46.6519620419636 ], [ -0.24904076009988785, 46.65196135153453 ], [ -0.24904076009988785, 46.65195881996124 ], [ -0.24904143065214157, 46.651957669246066 ], [ -0.24904143065214157, 46.651956288387815 ], [ -0.2490447834134102, 46.651956058244785 ], [ -0.24904746562242508, 46.651956288387815 ], [ -0.2490491420030594, 46.65195743910302 ], [ -0.2490491420030594, 46.651959970676394 ], [ -0.24904880672693253, 46.651960891248486 ], [ -0.2490464597940445, 46.6519620419636 ], [ -0.2490454539656639, 46.65196273239265 ], [ -0.2490421012043953, 46.65196273239265 ] ] ] ],
      "type" : "MultiPolygon"
    },
    "type" : "Feature",
    "properties" : {
      "confidence" : null,
      "zoom" : 20,
      "id" : "9c3b0c97-8cb7-4dbc-a787-de7603f08020",
      "label" : "PANNEAU_PHOTOVOLTAIQUE"
    }
  }, {
    "geometry" : {
      "coordinates" : [ [ [ [ -0.24976059794425964, 46.65157839219033 ], [ -0.2497592568397522, 46.65157839219033 ], [ -0.24975892156362534, 46.651576551033095 ], [ -0.24975791573524475, 46.65157609074377 ], [ -0.24975690990686417, 46.65157609074377 ], [ -0.24975690990686417, 46.651574249586446 ], [ -0.24975791573524475, 46.651574019441775 ], [ -0.24975858628749847, 46.65157355915243 ], [ -0.24975892156362534, 46.65157286871842 ], [ -0.24975959211587906, 46.65157240842906 ], [ -0.24976026266813278, 46.65157240842906 ], [ -0.2497609332203865, 46.651571948139704 ], [ -0.2497609332203865, 46.65157148785035 ], [ -0.24976395070552826, 46.65157125770567 ], [ -0.24976462125778198, 46.651571717995026 ], [ -0.24976562708616257, 46.651571948139704 ], [ -0.24976663291454315, 46.651572178284376 ], [ -0.24976730346679688, 46.651572178284376 ], [ -0.24976730346679688, 46.65157609074377 ], [ -0.24976663291454315, 46.651576320888424 ], [ -0.24976596236228943, 46.651576551033095 ], [ -0.24976462125778198, 46.651576551033095 ], [ -0.24976395070552826, 46.651577701756366 ], [ -0.24976395070552826, 46.65157816204568 ], [ -0.2497636154294014, 46.65157862233498 ], [ -0.24976059794425964, 46.65157839219033 ] ] ] ],
      "type" : "MultiPolygon"
    },
    "type" : "Feature",
    "properties" : {
      "confidence" : null,
      "zoom" : 20,
      "id" : "5e2d3639-a515-4f2f-9174-7bff6909fb4a",
      "label" : "MOISISSURE"
    }
  }, {
    "geometry" : {
      "coordinates" : [ [ [ [ -0.24968482553958893, 46.65160600954145 ], [ -0.24968381971120834, 46.65160554925238 ], [ -0.24968180805444717, 46.65160554925238 ], [ -0.24968113750219345, 46.65160508896331 ], [ -0.24968046694993973, 46.65160508896331 ], [ -0.24968046694993973, 46.65160278751788 ], [ -0.24968650192022324, 46.65160278751788 ], [ -0.24968717247247696, 46.65160324780698 ], [ -0.24968750774860382, 46.65160370809606 ], [ -0.24968750774860382, 46.65160600954145 ], [ -0.24968482553958893, 46.65160600954145 ] ] ] ],
      "type" : "MultiPolygon"
    },
    "type" : "Feature",
    "properties" : {
      "confidence" : null,
      "zoom" : 20,
      "id" : "4f52842d-8d60-45be-8205-60a9951fbf6b",
      "label" : "MOISISSURE"
    }
  }, {
    "geometry" : {
      "coordinates" : [ [ [ [ -0.24969354271888733, 46.65161015214291 ], [ -0.24969186633825302, 46.65160923156484 ], [ -0.2496901899576187, 46.65160808084223 ], [ -0.24968918412923813, 46.6516078506977 ], [ -0.24968918412923813, 46.65160600954145 ], [ -0.2496928721666336, 46.65160600954145 ], [ -0.24969354271888733, 46.65160623968598 ], [ -0.2496955543756485, 46.65160762055317 ], [ -0.24969622492790222, 46.6516078506977 ], [ -0.2496972307562828, 46.6516078506977 ], [ -0.2496972307562828, 46.651609921998386 ], [ -0.24969622492790222, 46.65161015214291 ], [ -0.24969354271888733, 46.65161015214291 ] ] ] ],
      "type" : "MultiPolygon"
    },
    "type" : "Feature",
    "properties" : {
      "confidence" : null,
      "zoom" : 20,
      "id" : "aa0d4b09-2605-476e-8c26-056b07d64580",
      "label" : "MOISISSURE"
    }
  }, {
    "geometry" : {
      "coordinates" : [ [ [ [ -0.2496710792183876, 46.6516200483562 ], [ -0.24967040866613388, 46.65161981821173 ], [ -0.24967007339000702, 46.65161774691141 ], [ -0.24967174977064133, 46.651617516766926 ], [ -0.2496694028377533, 46.65161728662245 ], [ -0.2496694028377533, 46.65161682633347 ], [ -0.24966638535261154, 46.65161636604449 ], [ -0.24966571480035782, 46.65161636604449 ], [ -0.24966605007648468, 46.65161360431055 ], [ -0.24966605007648468, 46.65161291387703 ], [ -0.2496650442481041, 46.65161222344352 ], [ -0.24966370314359665, 46.6516117631545 ], [ -0.24966269731521606, 46.65161153301 ], [ -0.24966169148683548, 46.65161153301 ], [ -0.2496606856584549, 46.65161107272097 ], [ -0.24965934455394745, 46.65161107272097 ], [ -0.2496590092778206, 46.65161061243193 ], [ -0.24965867400169373, 46.651609921998386 ], [ -0.24965666234493256, 46.651608541131274 ], [ -0.24965263903141022, 46.651608310986745 ], [ -0.24964995682239532, 46.651608310986745 ], [ -0.2496492862701416, 46.651608541131274 ], [ -0.24964861571788788, 46.65160900142031 ], [ -0.24964693933725357, 46.65160900142031 ], [ -0.24964626878499985, 46.65160923156484 ], [ -0.2496449276804924, 46.65161015214291 ], [ -0.24964191019535065, 46.65161015214291 ], [ -0.24964157491922379, 46.65160969185388 ], [ -0.24964157491922379, 46.65160923156484 ], [ -0.24964090436697006, 46.651608541131274 ], [ -0.24964090436697006, 46.65160808084223 ], [ -0.24963922798633575, 46.65160600954145 ], [ -0.2496388927102089, 46.651605319107844 ], [ -0.2496388927102089, 46.65160255737334 ], [ -0.24963956326246262, 46.65160163679513 ], [ -0.24963956326246262, 46.65160048607236 ], [ -0.24963922798633575, 46.65159933534955 ], [ -0.24963855743408203, 46.651598184626735 ], [ -0.24963855743408203, 46.65159542289186 ], [ -0.24963922798633575, 46.651593811879785 ], [ -0.24963922798633575, 46.651588288409435 ], [ -0.24963956326246262, 46.65158690754177 ], [ -0.24964023381471634, 46.65158621710792 ], [ -0.24964157491922379, 46.65158598696329 ], [ -0.2496422454714775, 46.651585526674054 ], [ -0.24964291602373123, 46.65158460609557 ], [ -0.24964693933725357, 46.65158437595094 ], [ -0.24964962154626846, 46.65158483624019 ], [ -0.24964995682239532, 46.651585526674054 ], [ -0.2496509626507759, 46.65158621710792 ], [ -0.24965230375528336, 46.65158667739715 ], [ -0.2496553212404251, 46.65158667739715 ], [ -0.24965666234493256, 46.65158690754177 ], [ -0.24965800344944, 46.65158736783099 ], [ -0.24966001510620117, 46.65158736783099 ], [ -0.2496606856584549, 46.651587597975606 ], [ -0.24966135621070862, 46.65158805826483 ], [ -0.24966135621070862, 46.65158989942168 ], [ -0.24966102093458176, 46.65159082000008 ], [ -0.24966001510620117, 46.65159197072306 ], [ -0.2496596798300743, 46.65159266115684 ], [ -0.2496596798300743, 46.65159358173519 ], [ -0.24966035038232803, 46.65159427216895 ], [ -0.24966202676296234, 46.651594502313536 ], [ -0.24966303259134293, 46.651594962602694 ], [ -0.24966638535261154, 46.651594962602694 ], [ -0.24966806173324585, 46.651596113325596 ], [ -0.24966906756162643, 46.65159680375931 ], [ -0.24967040866613388, 46.65159703390389 ], [ -0.2496710792183876, 46.65159703390389 ], [ -0.2496720850467682, 46.651597494193034 ], [ -0.24967342615127563, 46.651597494193034 ], [ -0.24967409670352936, 46.6515977243376 ], [ -0.24967476725578308, 46.651598184626735 ], [ -0.24967610836029053, 46.651598644915865 ], [ -0.2496771141886711, 46.651598644915865 ], [ -0.24967778474092484, 46.65159887506043 ], [ -0.24967845529317856, 46.65159933534955 ], [ -0.24967879056930542, 46.651600255927804 ], [ -0.24967879056930542, 46.65160232722879 ], [ -0.24967677891254425, 46.65160232722879 ], [ -0.24967610836029053, 46.65160255737334 ], [ -0.24967577308416367, 46.65160324780698 ], [ -0.24967610836029053, 46.65160370809606 ], [ -0.24967845529317856, 46.65160393824061 ], [ -0.24967845529317856, 46.651606469830526 ], [ -0.2496771141886711, 46.65160739040864 ], [ -0.2496771141886711, 46.65161038228742 ], [ -0.24967677891254425, 46.651611302865476 ], [ -0.24967610836029053, 46.65161222344352 ], [ -0.24967510253190994, 46.65161268373253 ], [ -0.24967443197965622, 46.65161360431055 ], [ -0.24967443197965622, 46.65161406459954 ], [ -0.24967476725578308, 46.651614524888544 ], [ -0.2496754378080368, 46.65161475503304 ], [ -0.24967577308416367, 46.65161521532203 ], [ -0.24967610836029053, 46.65161567561101 ], [ -0.24967610836029053, 46.6516179770559 ], [ -0.2496754378080368, 46.65161820720037 ], [ -0.24967409670352936, 46.65161866748934 ], [ -0.2496737614274025, 46.6516200483562 ], [ -0.2496710792183876, 46.6516200483562 ] ] ] ],
      "type" : "MultiPolygon"
    },
    "type" : "Feature",
    "properties" : {
      "confidence" : null,
      "zoom" : 20,
      "id" : "4b7c7537-5bca-4292-a134-0ef075bb2b92",
      "label" : "MOISISSURE"
    }
  }, {
    "geometry" : {
      "coordinates" : [ [ [ [ -0.24976763874292374, 46.65165733174818 ], [ -0.24976763874292374, 46.65165295900601 ], [ -0.24977099150419235, 46.65165295900601 ], [ -0.2497723326086998, 46.651653879583336 ], [ -0.2497723326086998, 46.651656411170904 ], [ -0.24977166205644608, 46.65165687145955 ], [ -0.24977099150419235, 46.65165687145955 ], [ -0.24977032095193863, 46.65165733174818 ], [ -0.24976763874292374, 46.65165733174818 ] ] ] ],
      "type" : "MultiPolygon"
    },
    "type" : "Feature",
    "properties" : {
      "confidence" : null,
      "zoom" : 20,
      "id" : "c3256f3d-16b8-4cc5-a9a5-9a5725dc844e",
      "label" : "MOISISSURE"
    }
  }, {
    "geometry" : {
      "coordinates" : [ [ [ [ -0.2497320994734764, 46.651668378674195 ], [ -0.24973176419734955, 46.65166722795284 ], [ -0.24973176419734955, 46.65166492651006 ], [ -0.24973243474960327, 46.65166469636578 ], [ -0.2497357875108719, 46.65166469636578 ], [ -0.24973612278699875, 46.65166354564434 ], [ -0.24973779916763306, 46.65166331550005 ], [ -0.24974115192890167, 46.65166331550005 ], [ -0.2497408166527748, 46.65166538679862 ], [ -0.2497401461005211, 46.6516656169429 ], [ -0.2497374638915062, 46.6516656169429 ], [ -0.24973679333925247, 46.65166745809711 ], [ -0.2497357875108719, 46.65166768824138 ], [ -0.2497347816824913, 46.651668378674195 ], [ -0.2497320994734764, 46.651668378674195 ] ] ] ],
      "type" : "MultiPolygon"
    },
    "type" : "Feature",
    "properties" : {
      "confidence" : null,
      "zoom" : 20,
      "id" : "234d8f53-3c17-4062-a23b-d017aa71ec21",
      "label" : "MOISISSURE"
    }
  }, {
    "geometry" : {
      "coordinates" : [ [ [ [ -0.24973243474960327, 46.65167965574218 ], [ -0.24973075836896896, 46.65167873516529 ], [ -0.2497304230928421, 46.65167827487684 ], [ -0.2497304230928421, 46.65167574329028 ], [ -0.24973075836896896, 46.65167528300181 ], [ -0.2497347816824913, 46.65167528300181 ], [ -0.2497347816824913, 46.65167735429992 ], [ -0.24973545223474503, 46.65167758444416 ], [ -0.24973545223474503, 46.65167965574218 ], [ -0.24973243474960327, 46.65167965574218 ] ] ] ],
      "type" : "MultiPolygon"
    },
    "type" : "Feature",
    "properties" : {
      "confidence" : null,
      "zoom" : 20,
      "id" : "88164822-d408-4141-8bc1-45637d51770c",
      "label" : "MOISISSURE"
    }
  }, {
    "geometry" : {
      "coordinates" : [ [ [ [ -0.24973679333925247, 46.65168702035674 ], [ -0.24973243474960327, 46.65168679021255 ], [ -0.2497314289212227, 46.651686560068356 ], [ -0.24973075836896896, 46.65168540934739 ], [ -0.2497304230928421, 46.651684718914794 ], [ -0.24973008781671524, 46.65168379833799 ], [ -0.24973008781671524, 46.65168195718433 ], [ -0.24973075836896896, 46.65168149689591 ], [ -0.24973176419734955, 46.65168080646327 ], [ -0.24973444640636444, 46.65168080646327 ], [ -0.24973444640636444, 46.65168172704012 ], [ -0.24973779916763306, 46.65168195718433 ], [ -0.24973813444375992, 46.65168057631905 ], [ -0.2497418224811554, 46.65168080646327 ], [ -0.24974215775728226, 46.6516812667517 ], [ -0.24974249303340912, 46.65168218732854 ], [ -0.24974249303340912, 46.651682647616965 ], [ -0.24974282830953598, 46.65168333804958 ], [ -0.2497434988617897, 46.65168402848219 ], [ -0.24974316358566284, 46.65168632992417 ], [ -0.24974215775728226, 46.65168679021255 ], [ -0.2497418224811554, 46.65168679021255 ], [ -0.24974148720502853, 46.65168702035674 ], [ -0.24973679333925247, 46.65168702035674 ] ] ] ],
      "type" : "MultiPolygon"
    },
    "type" : "Feature",
    "properties" : {
      "confidence" : null,
      "zoom" : 20,
      "id" : "48ce73b6-b506-4b8d-819a-d925dbf71075",
      "label" : "MOISISSURE"
    }
  }, {
    "geometry" : {
      "coordinates" : [ [ [ [ -0.24980518966913223, 46.65156251220705 ], [ -0.2498045191168785, 46.65156228206233 ], [ -0.24980351328849792, 46.65156182177288 ], [ -0.2498028427362442, 46.65156136148344 ], [ -0.24980217218399048, 46.65156136148344 ], [ -0.24979915469884872, 46.651559980615076 ], [ -0.24979714304208755, 46.651559750470355 ], [ -0.24979278445243835, 46.65156021075981 ], [ -0.24978742003440857, 46.65156021075981 ], [ -0.24978574365377426, 46.651559750470355 ], [ -0.24978406727313995, 46.651559750470355 ], [ -0.24978339672088623, 46.65155952032562 ], [ -0.24978239089250565, 46.651558829891414 ], [ -0.24978239089250565, 46.651557449022995 ], [ -0.24980854243040085, 46.651557449022995 ], [ -0.2498088777065277, 46.651558829891414 ], [ -0.2498088777065277, 46.651560901193996 ], [ -0.24980854243040085, 46.651561591628166 ], [ -0.249808207154274, 46.65156205191761 ], [ -0.24980787187814713, 46.65156251220705 ], [ -0.24980518966913223, 46.65156251220705 ] ] ] ],
      "type" : "MultiPolygon"
    },
    "type" : "Feature",
    "properties" : {
      "confidence" : null,
      "zoom" : 20,
      "id" : "abdb82de-d507-445e-b5fa-711f36ada0ce",
      "label" : "MOISISSURE"
    }
  }, {
    "geometry" : {
      "coordinates" : [ [ [ [ -0.24983704090118408, 46.65164996712958 ], [ -0.2498360350728035, 46.65164950684088 ], [ -0.2498350292444229, 46.65164927669653 ], [ -0.24983368813991547, 46.65164927669653 ], [ -0.24983234703540802, 46.65164881640783 ], [ -0.24983134120702744, 46.65164858626348 ], [ -0.24983000010252, 46.651648356119125 ], [ -0.24982698261737823, 46.651648125974766 ], [ -0.24982094764709473, 46.651648125974766 ], [ -0.24981994181871414, 46.651647435541705 ], [ -0.24981994181871414, 46.65164536424244 ], [ -0.24981893599033356, 46.651644673809336 ], [ -0.2498175948858261, 46.651643983376225 ], [ -0.24981658905744553, 46.651644213520605 ], [ -0.2498159185051918, 46.651644673809336 ], [ -0.24981558322906494, 46.65164536424244 ], [ -0.24981524795293808, 46.651647435541705 ], [ -0.24981390684843063, 46.65164789583041 ], [ -0.24981122463941574, 46.651648125974766 ], [ -0.24980653077363968, 46.651648125974766 ], [ -0.24980518966913223, 46.651647665686056 ], [ -0.2498045191168785, 46.65164720539734 ], [ -0.2498038485646248, 46.65164720539734 ], [ -0.24980317801237106, 46.651647435541705 ], [ -0.24980250746011734, 46.65164789583041 ], [ -0.24980150163173676, 46.651648125974766 ], [ -0.24979948997497559, 46.651648125974766 ], [ -0.249798484146595, 46.651648356119125 ], [ -0.24979747831821442, 46.65164881640783 ], [ -0.2497914433479309, 46.65164858626348 ], [ -0.24978943169116974, 46.65164858626348 ], [ -0.24978574365377426, 46.65164881640783 ], [ -0.24978306144475937, 46.65164858626348 ], [ -0.24978138506412506, 46.651648125974766 ], [ -0.24977903813123703, 46.65164789583041 ], [ -0.24977602064609528, 46.65164789583041 ], [ -0.24977300316095352, 46.651647665686056 ], [ -0.2497713267803192, 46.651647435541705 ], [ -0.24976931512355804, 46.65164720539734 ], [ -0.2497679740190506, 46.65164697525299 ], [ -0.24976730346679688, 46.6516117631545 ], [ -0.24976663291454315, 46.65161337416604 ], [ -0.24976663291454315, 46.65161383445504 ], [ -0.24976462125778198, 46.65161383445504 ], [ -0.24976328015327454, 46.651614294744036 ], [ -0.24975959211587906, 46.651614294744036 ], [ -0.2497592568397522, 46.65161337416604 ], [ -0.24975892156362534, 46.65161291387703 ], [ -0.24975724518299103, 46.6516117631545 ], [ -0.2497565746307373, 46.65161153301 ], [ -0.24975556880235672, 46.651611302865476 ], [ -0.2497532218694687, 46.651611302865476 ], [ -0.24975188076496124, 46.6516117631545 ], [ -0.24975121021270752, 46.65161222344352 ], [ -0.2497495338320732, 46.65161222344352 ], [ -0.24974819272756577, 46.65161245358802 ], [ -0.24974752217531204, 46.65161291387703 ], [ -0.24974718689918518, 46.65161360431055 ], [ -0.24974249303340912, 46.65161360431055 ], [ -0.24974148720502853, 46.65161337416604 ], [ -0.2497408166527748, 46.65161291387703 ], [ -0.24973981082439423, 46.65161268373253 ], [ -0.24973712861537933, 46.65161268373253 ], [ -0.24973612278699875, 46.65161245358802 ], [ -0.24973511695861816, 46.65161222344352 ], [ -0.24973444640636444, 46.6516117631545 ], [ -0.24973411113023758, 46.65161107272097 ], [ -0.24973344057798386, 46.65161061243193 ], [ -0.249733105301857, 46.65161015214291 ], [ -0.249733105301857, 46.65160969185388 ], [ -0.24973243474960327, 46.65160900142031 ], [ -0.24973243474960327, 46.65160600954145 ], [ -0.24973277002573013, 46.651604628674235 ], [ -0.24973344057798386, 46.65160301766243 ], [ -0.24973377585411072, 46.65160186693968 ], [ -0.24973344057798386, 46.65159887506043 ], [ -0.2497347816824913, 46.65159726404846 ], [ -0.2497347816824913, 46.651594732458115 ], [ -0.24973545223474503, 46.65159312144602 ], [ -0.2497364580631256, 46.651592891301426 ], [ -0.24973813444375992, 46.65159174057847 ], [ -0.24973880499601364, 46.651591510433875 ], [ -0.24974282830953598, 46.651591510433875 ], [ -0.2497445046901703, 46.65159197072306 ], [ -0.24975020438432693, 46.65159197072306 ], [ -0.24975288659334183, 46.65159220086766 ], [ -0.24975422769784927, 46.65159243101225 ], [ -0.24975523352622986, 46.651592891301426 ], [ -0.24975623935461044, 46.65159312144602 ], [ -0.24975724518299103, 46.651593351590606 ], [ -0.24975858628749847, 46.65159358173519 ], [ -0.2497619390487671, 46.65159358173519 ], [ -0.24976328015327454, 46.651594042024364 ], [ -0.24976562708616257, 46.65159427216895 ], [ -0.24976730346679688, 46.65159427216895 ], [ -0.2497679740190506, 46.65159312144602 ], [ -0.24976864457130432, 46.651592891301426 ], [ -0.24976931512355804, 46.651592891301426 ], [ -0.24977032095193863, 46.65159243101225 ], [ -0.24977166205644608, 46.65159220086766 ], [ -0.24977300316095352, 46.65159197072306 ], [ -0.2497783675789833, 46.65159197072306 ], [ -0.24978071451187134, 46.651591510433875 ], [ -0.24978440254926682, 46.65159128028928 ], [ -0.24978876113891602, 46.65159128028928 ], [ -0.24979043751955032, 46.651591510433875 ], [ -0.2497914433479309, 46.65159174057847 ], [ -0.24979278445243835, 46.65159220086766 ], [ -0.24979345500469208, 46.65159266115684 ], [ -0.2497941255569458, 46.651592891301426 ], [ -0.24979513138532639, 46.65159312144602 ], [ -0.24979613721370697, 46.651593351590606 ], [ -0.24979747831821442, 46.65159358173519 ], [ -0.24979881942272186, 46.651593811879785 ], [ -0.24980217218399048, 46.651593811879785 ], [ -0.24980485439300537, 46.651594042024364 ], [ -0.24980586022138596, 46.651594042024364 ], [ -0.2498072013258934, 46.651594042024364 ], [ -0.2498088777065277, 46.65159358173519 ], [ -0.24981055408716202, 46.651593351590606 ], [ -0.24981390684843063, 46.651593351590606 ], [ -0.2498289942741394, 46.65159358173519 ], [ -0.24983234703540802, 46.651593351590606 ], [ -0.24983402341604233, 46.651592891301426 ], [ -0.24983737617731094, 46.651592891301426 ], [ -0.24984240531921387, 46.651593351590606 ], [ -0.2498437464237213, 46.651593351590606 ], [ -0.2498474344611168, 46.65159312144602 ], [ -0.2498507872223854, 46.65159427216895 ], [ -0.24985145777463913, 46.651594502313536 ], [ -0.249851793050766, 46.65159542289186 ], [ -0.249851793050766, 46.65159588318101 ], [ -0.24985279887914658, 46.65159657361474 ], [ -0.24985279887914658, 46.65159703390389 ], [ -0.24985447525978088, 46.651598184626735 ], [ -0.24985548108816147, 46.651599565494124 ], [ -0.24985548108816147, 46.65160163679513 ], [ -0.24985481053590775, 46.65160186693968 ], [ -0.2498551458120346, 46.65160485881877 ], [ -0.24985548108816147, 46.65160577939692 ], [ -0.2498561516404152, 46.651606469830526 ], [ -0.2498561516404152, 46.651608310986745 ], [ -0.2498551458120346, 46.651609461709356 ], [ -0.2498551458120346, 46.65161291387703 ], [ -0.24985447525978088, 46.65161360431055 ], [ -0.24985447525978088, 46.651614294744036 ], [ -0.24985581636428833, 46.65161590575551 ], [ -0.24985581636428833, 46.6516191277783 ], [ -0.24985481053590775, 46.65162027850068 ], [ -0.24985481053590775, 46.651623960812124 ], [ -0.2498534694314003, 46.65162465124549 ], [ -0.24985313415527344, 46.651626032112205 ], [ -0.24985380470752716, 46.65162649240109 ], [ -0.24985380470752716, 46.651629254134384 ], [ -0.2498534694314003, 46.65163109528984 ], [ -0.24985279887914658, 46.65163178572311 ], [ -0.24985246360301971, 46.6516327063008 ], [ -0.24985246360301971, 46.65163569817819 ], [ -0.249851793050766, 46.65163638861141 ], [ -0.24985145777463913, 46.65163707904462 ], [ -0.24985145777463913, 46.65163799962221 ], [ -0.24985112249851227, 46.6516389201998 ], [ -0.24985045194625854, 46.651639840777364 ], [ -0.2498491108417511, 46.65164053121054 ], [ -0.24984877556562424, 46.651641221643686 ], [ -0.24984609335660934, 46.651641221643686 ], [ -0.2498437464237213, 46.651640301066145 ], [ -0.2498430758714676, 46.65164007092175 ], [ -0.24984240531921387, 46.65164076135491 ], [ -0.24984106421470642, 46.651641221643686 ], [ -0.2498403936624527, 46.651641221643686 ], [ -0.24983972311019897, 46.651641681932446 ], [ -0.24983972311019897, 46.651644213520605 ], [ -0.24983972311019897, 46.65164490395371 ], [ -0.24984005838632584, 46.651645594386814 ], [ -0.2498430758714676, 46.65164582453117 ], [ -0.24984441697597504, 46.65164605467554 ], [ -0.24984508752822876, 46.65164651496427 ], [ -0.2498447522521019, 46.65164881640783 ], [ -0.2498447522521019, 46.65164973698523 ], [ -0.24984274059534073, 46.65164996712958 ], [ -0.24983704090118408, 46.65164996712958 ] ] ] ],
      "type" : "MultiPolygon"
    },
    "type" : "Feature",
    "properties" : {
      "confidence" : null,
      "zoom" : 20,
      "id" : "1020b36c-720d-40ce-9296-7c507cd73b57",
      "label" : "MOISISSURE"
    }
  }, {
    "geometry" : {
      "coordinates" : [ [ [ [ -0.24976763874292374, 46.65170934433848 ], [ -0.24976763874292374, 46.651695305546916 ], [ -0.24976830929517746, 46.651695075402756 ], [ -0.24977199733257294, 46.651695075402756 ], [ -0.24977333843708038, 46.651695305546916 ], [ -0.24977467954158783, 46.651695765835214 ], [ -0.24977568536996841, 46.651696686411825 ], [ -0.24977736175060272, 46.65169737684426 ], [ -0.24977769702672958, 46.65169967828566 ], [ -0.24977736175060272, 46.65170036871805 ], [ -0.249776691198349, 46.65170082900633 ], [ -0.24977635592222214, 46.651701289294586 ], [ -0.24977602064609528, 46.651701979726965 ], [ -0.24977568536996841, 46.65170267015934 ], [ -0.24977568536996841, 46.651703360591696 ], [ -0.24977602064609528, 46.6517047414564 ], [ -0.249776691198349, 46.651705662032846 ], [ -0.249776691198349, 46.6517075031857 ], [ -0.24977568536996841, 46.6517079634739 ], [ -0.24977467954158783, 46.651708884050294 ], [ -0.24977367371320724, 46.65170911419439 ], [ -0.2497713267803192, 46.65170934433848 ], [ -0.24976763874292374, 46.65170934433848 ] ] ] ],
      "type" : "MultiPolygon"
    },
    "type" : "Feature",
    "properties" : {
      "confidence" : null,
      "zoom" : 20,
      "id" : "cea7de17-93dc-4293-b6a2-065189ab590b",
      "label" : "MOISISSURE"
    }
  }, {
    "geometry" : {
      "coordinates" : [ [ [ [ -0.2497592568397522, 46.65172200226219 ], [ -0.24975892156362534, 46.651721541974105 ], [ -0.24975858628749847, 46.65172108168601 ], [ -0.24975858628749847, 46.65171901038957 ], [ -0.24976227432489395, 46.65171901038957 ], [ -0.24976227432489395, 46.65172200226219 ], [ -0.2497592568397522, 46.65172200226219 ] ] ] ],
      "type" : "MultiPolygon"
    },
    "type" : "Feature",
    "properties" : {
      "confidence" : null,
      "zoom" : 20,
      "id" : "59a1c351-a302-4277-821c-3422878aac13",
      "label" : "MOISISSURE"
    }
  }, {
    "geometry" : {
      "coordinates" : [ [ [ [ -0.24974584579467773, 46.65172522427865 ], [ -0.24974483996629715, 46.65172453384656 ], [ -0.2497445046901703, 46.651724073558505 ], [ -0.24974383413791656, 46.6517247639906 ], [ -0.2497401461005211, 46.651724994134625 ], [ -0.24973947554826736, 46.6517247639906 ], [ -0.24973880499601364, 46.65172430370254 ], [ -0.24973846971988678, 46.65172361327044 ], [ -0.24973779916763306, 46.65172315298238 ], [ -0.24973779916763306, 46.65172062139792 ], [ -0.2497374638915062, 46.65172016110983 ], [ -0.2497364580631256, 46.65171947067768 ], [ -0.24973511695861816, 46.65171901038957 ], [ -0.2497347816824913, 46.65171855010147 ], [ -0.2497347816824913, 46.651716478804936 ], [ -0.24973511695861816, 46.6517160185168 ], [ -0.2497364580631256, 46.6517160185168 ], [ -0.24973779916763306, 46.65171509794053 ], [ -0.24973779916763306, 46.65171417736424 ], [ -0.2497391402721405, 46.651713256787936 ], [ -0.2497445046901703, 46.651713256787936 ], [ -0.249745175242424, 46.65171348693202 ], [ -0.24974584579467773, 46.651713947220166 ], [ -0.24974685162305832, 46.651713947220166 ], [ -0.24974752217531204, 46.65171440750831 ], [ -0.24974819272756577, 46.65171463765239 ], [ -0.2497505396604538, 46.65171486779646 ], [ -0.24975121021270752, 46.651715558228666 ], [ -0.24975255131721497, 46.651715788372734 ], [ -0.24975623935461044, 46.651715788372734 ], [ -0.24975690990686417, 46.6517160185168 ], [ -0.24975724518299103, 46.651716478804936 ], [ -0.24975724518299103, 46.651716939093056 ], [ -0.24975791573524475, 46.65171762952524 ], [ -0.24975791573524475, 46.65171947067768 ], [ -0.2497538924217224, 46.65171924053362 ], [ -0.2497532218694687, 46.65171924053362 ], [ -0.24975288659334183, 46.65171855010147 ], [ -0.2497522160410881, 46.65171831995741 ], [ -0.24975121021270752, 46.65171808981335 ], [ -0.24975020438432693, 46.651718780245524 ], [ -0.2497495338320732, 46.65171947067768 ], [ -0.24975087493658066, 46.65171993096578 ], [ -0.24975154548883438, 46.651720391253875 ], [ -0.24975188076496124, 46.65172200226219 ], [ -0.24975188076496124, 46.65172384341448 ], [ -0.24974986910820007, 46.65172384341448 ], [ -0.24974919855594635, 46.651724073558505 ], [ -0.2497488632798195, 46.65172522427865 ], [ -0.24974584579467773, 46.65172522427865 ] ] ] ],
      "type" : "MultiPolygon"
    },
    "type" : "Feature",
    "properties" : {
      "confidence" : null,
      "zoom" : 20,
      "id" : "e3007d80-f45b-4742-a7ac-88fe772eb22e",
      "label" : "MOISISSURE"
    }
  }, {
    "geometry" : {
      "coordinates" : [ [ [ [ -0.24980317801237106, 46.651755373137746 ], [ -0.2498028427362442, 46.651754912849945 ], [ -0.24980250746011734, 46.651754452562145 ], [ -0.24980250746011734, 46.651752611410885 ], [ -0.2498028427362442, 46.65175215112307 ], [ -0.2498038485646248, 46.65175146069133 ], [ -0.2498038485646248, 46.65175100040349 ], [ -0.24980317801237106, 46.65175007982782 ], [ -0.24980217218399048, 46.65174938939605 ], [ -0.24980217218399048, 46.651747087956764 ], [ -0.24980317801237106, 46.65174593723709 ], [ -0.24980351328849792, 46.651744786517376 ], [ -0.24980317801237106, 46.6517438659416 ], [ -0.24980250746011734, 46.65174317550975 ], [ -0.24980250746011734, 46.65174087407019 ], [ -0.2498028427362442, 46.65174018363832 ], [ -0.24980351328849792, 46.65173926306245 ], [ -0.24980418384075165, 46.651738802774524 ], [ -0.2498045191168785, 46.651738342486574 ], [ -0.2498045191168785, 46.65173788219863 ], [ -0.24980485439300537, 46.65173742191068 ], [ -0.24980518966913223, 46.65173696162274 ], [ -0.24980854243040085, 46.651737191766706 ], [ -0.24980921298265457, 46.65173788219863 ], [ -0.24980954825878143, 46.651738342486574 ], [ -0.24980954825878143, 46.65174064392624 ], [ -0.24980954825878143, 46.651741564502075 ], [ -0.24981021881103516, 46.65174202478998 ], [ -0.24981021881103516, 46.65174524680526 ], [ -0.2498098835349083, 46.65174639752495 ], [ -0.24980921298265457, 46.65174754824463 ], [ -0.24980921298265457, 46.65174961953997 ], [ -0.2498088777065277, 46.65175007982782 ], [ -0.2498072013258934, 46.65175123054741 ], [ -0.2498072013258934, 46.65175169083524 ], [ -0.24980653077363968, 46.65175215112307 ], [ -0.24980653077363968, 46.651754912849945 ], [ -0.24980619549751282, 46.651755373137746 ], [ -0.24980317801237106, 46.651755373137746 ] ] ] ],
      "type" : "MultiPolygon"
    },
    "type" : "Feature",
    "properties" : {
      "confidence" : null,
      "zoom" : 20,
      "id" : "245c4ef2-54a8-4e78-b6e6-6a927ca45ddb",
      "label" : "MOISISSURE"
    }
  }, {
    "geometry" : {
      "coordinates" : [ [ [ [ -0.24979613721370697, 46.65179265643642 ], [ -0.24979379028081894, 46.65179265643642 ], [ -0.24977970868349075, 46.65179265643642 ], [ -0.24977266788482666, 46.65179288658016 ], [ -0.24977199733257294, 46.65179219614894 ], [ -0.2497706562280655, 46.65179219614894 ], [ -0.24976763874292374, 46.65179242629268 ], [ -0.24976730346679688, 46.65179104543022 ], [ -0.2497662976384163, 46.65179127557396 ], [ -0.24976562708616257, 46.65179150571772 ], [ -0.24976428598165512, 46.65179242629268 ], [ -0.2497636154294014, 46.65179265643642 ], [ -0.2497626096010208, 46.65179288658016 ], [ -0.24970293045043945, 46.65179288658016 ], [ -0.24970293045043945, 46.65179173586146 ], [ -0.24970360100269318, 46.65179127557396 ], [ -0.24970360100269318, 46.65179081528647 ], [ -0.2497025951743126, 46.651790124855225 ], [ -0.24970293045043945, 46.65178805356143 ], [ -0.24970293045043945, 46.65178644255509 ], [ -0.2497025951743126, 46.65178368082983 ], [ -0.24970393627882004, 46.651782990398495 ], [ -0.2497042715549469, 46.651781149248215 ], [ -0.2497042715549469, 46.651777697091276 ], [ -0.24970460683107376, 46.65177723680367 ], [ -0.24970561265945435, 46.65177654637225 ], [ -0.24970561265945435, 46.651773554502654 ], [ -0.2497069537639618, 46.651772864071184 ], [ -0.24970795959234238, 46.65177217363971 ], [ -0.24970795959234238, 46.6517705626329 ], [ -0.2497086301445961, 46.65177010234523 ], [ -0.2497086301445961, 46.6517687214822 ], [ -0.24970795959234238, 46.65176826119451 ], [ -0.24970762431621552, 46.65176757076298 ], [ -0.2497069537639618, 46.651767110475284 ], [ -0.2497059479355812, 46.65176572961217 ], [ -0.2497059479355812, 46.651765269324464 ], [ -0.24970527738332748, 46.65176457889289 ], [ -0.24970494210720062, 46.65176388846131 ], [ -0.24970494210720062, 46.65176089659102 ], [ -0.24970561265945435, 46.651760206159395 ], [ -0.24970561265945435, 46.65175905543999 ], [ -0.24970527738332748, 46.65175698414501 ], [ -0.24970561265945435, 46.651755373137746 ], [ -0.24970628321170807, 46.651754682706034 ], [ -0.2497069537639618, 46.651754222418234 ], [ -0.24970728904008865, 46.6517528415548 ], [ -0.24970762431621552, 46.651750540115664 ], [ -0.24970762431621552, 46.6517454769492 ], [ -0.24970795959234238, 46.6517438659416 ], [ -0.24970829486846924, 46.65174317550975 ], [ -0.24970829486846924, 46.6517424850779 ], [ -0.24970795959234238, 46.65174202478998 ], [ -0.24970762431621552, 46.651741334358114 ], [ -0.24970762431621552, 46.65173742191068 ], [ -0.24970795959234238, 46.651736271190806 ], [ -0.24970930069684982, 46.65173535061488 ], [ -0.24970930069684982, 46.651734199894946 ], [ -0.24970963597297668, 46.65173350946297 ], [ -0.2497103065252304, 46.651733049174986 ], [ -0.24971064180135727, 46.651732358743004 ], [ -0.24971097707748413, 46.651731668311015 ], [ -0.249711312353611, 46.65173097787901 ], [ -0.24971164762973785, 46.651729366870974 ], [ -0.24971164762973785, 46.65172890658295 ], [ -0.24971064180135727, 46.651727755862886 ], [ -0.24971064180135727, 46.6517256845667 ], [ -0.24971097707748413, 46.65172522427865 ], [ -0.2497146651148796, 46.65172522427865 ], [ -0.2497156709432602, 46.6517256845667 ], [ -0.24971667677164078, 46.651726374998766 ], [ -0.24971768260002136, 46.65172729557485 ], [ -0.24971768260002136, 46.65172913672696 ], [ -0.24971701204776764, 46.651729366870974 ], [ -0.24971600621938705, 46.651729597014985 ], [ -0.24971533566713333, 46.65172982715899 ], [ -0.24971634149551392, 46.651730287447 ], [ -0.24972137063741684, 46.651730287447 ], [ -0.24972204118967056, 46.65172982715899 ], [ -0.24972204118967056, 46.65172913672696 ], [ -0.24972472339868546, 46.65172913672696 ], [ -0.24972572922706604, 46.65172982715899 ], [ -0.2497270703315735, 46.65173097787901 ], [ -0.24972807615995407, 46.65173143816701 ], [ -0.24972908198833466, 46.651731668311015 ], [ -0.2497304230928421, 46.651731668311015 ], [ -0.24973075836896896, 46.65173120802302 ], [ -0.24973176419734955, 46.65173120802302 ], [ -0.24973243474960327, 46.65173074773501 ], [ -0.24973277002573013, 46.651730287447 ], [ -0.24973277002573013, 46.65172982715899 ], [ -0.2497320994734764, 46.651729366870974 ], [ -0.2497320994734764, 46.65172752571887 ], [ -0.24973377585411072, 46.65172752571887 ], [ -0.24973444640636444, 46.65172706543083 ], [ -0.24973444640636444, 46.65172660514279 ], [ -0.24973712861537933, 46.65172660514279 ], [ -0.24973779916763306, 46.651726835286816 ], [ -0.24973846971988678, 46.65172729557485 ], [ -0.24973880499601364, 46.6517279860069 ], [ -0.24973947554826736, 46.651728216150914 ], [ -0.2497408166527748, 46.651728216150914 ], [ -0.24974115192890167, 46.651727755862886 ], [ -0.24974416941404343, 46.651727755862886 ], [ -0.24974416941404343, 46.651729597014985 ], [ -0.24974316358566284, 46.651729597014985 ], [ -0.24974282830953598, 46.651730287447 ], [ -0.2497401461005211, 46.651730287447 ], [ -0.2497391402721405, 46.651730517591005 ], [ -0.24973981082439423, 46.65173120802302 ], [ -0.24974048137664795, 46.65173143816701 ], [ -0.24974048137664795, 46.65173396975096 ], [ -0.24973981082439423, 46.651734430038935 ], [ -0.2497408166527748, 46.65173489032691 ], [ -0.24974249303340912, 46.65173489032691 ], [ -0.24974316358566284, 46.651734430038935 ], [ -0.24974316358566284, 46.65173396975096 ], [ -0.24974316358566284, 46.65173327931898 ], [ -0.24974282830953598, 46.651732819031 ], [ -0.24974282830953598, 46.65173097787901 ], [ -0.2497434988617897, 46.651730517591005 ], [ -0.24974819272756577, 46.651730517591005 ], [ -0.24974819272756577, 46.65173097787901 ], [ -0.24974919855594635, 46.651729366870974 ], [ -0.24975020438432693, 46.65172913672696 ], [ -0.24975087493658066, 46.65172890658295 ], [ -0.24975422769784927, 46.65172890658295 ], [ -0.24975456297397614, 46.651729597014985 ], [ -0.2497575804591179, 46.65172982715899 ], [ -0.2497575804591179, 46.651730517591005 ], [ -0.2497582510113716, 46.65173097787901 ], [ -0.2497592568397522, 46.65173120802302 ], [ -0.24975992739200592, 46.651731668311015 ], [ -0.2497609332203865, 46.651732588887 ], [ -0.24976227432489395, 46.65173327931898 ], [ -0.24976328015327454, 46.65173373960696 ], [ -0.24976462125778198, 46.65173373960696 ], [ -0.24976562708616257, 46.65173396975096 ], [ -0.24976696819067, 46.651734430038935 ], [ -0.24976730346679688, 46.65174202478998 ], [ -0.24976897984743118, 46.6517424850779 ], [ -0.24977333843708038, 46.65174271522186 ], [ -0.2497740089893341, 46.651743405653704 ], [ -0.2497740089893341, 46.651744096085544 ], [ -0.24977535009384155, 46.65174501666132 ], [ -0.24977736175060272, 46.65174501666132 ], [ -0.2497783675789833, 46.6517454769492 ], [ -0.24977903813123703, 46.6517454769492 ], [ -0.24977970868349075, 46.65174570709314 ], [ -0.24978037923574448, 46.65174639752495 ], [ -0.2497810497879982, 46.65174639752495 ], [ -0.24978172034025192, 46.6517466276689 ], [ -0.24978172034025192, 46.65174754824463 ], [ -0.24978239089250565, 46.651748468820344 ], [ -0.24978306144475937, 46.65174892910821 ], [ -0.2497837319970131, 46.65174892910821 ], [ -0.24978507310152054, 46.65174915925213 ], [ -0.24978641420602798, 46.65175007982782 ], [ -0.24978742003440857, 46.65175100040349 ], [ -0.24978842586278915, 46.65175169083524 ], [ -0.24978909641504288, 46.65175169083524 ], [ -0.2497897669672966, 46.65175192097916 ], [ -0.24979010224342346, 46.6517528415548 ], [ -0.24979110807180405, 46.651753762130426 ], [ -0.24979177862405777, 46.651754222418234 ], [ -0.24979278445243835, 46.651754682706034 ], [ -0.24979379028081894, 46.65175514299384 ], [ -0.24979446083307266, 46.651755373137746 ], [ -0.2497968077659607, 46.651755373137746 ], [ -0.24979814887046814, 46.65175652385722 ], [ -0.2498001605272293, 46.65175790472057 ], [ -0.24980083107948303, 46.65175813486445 ], [ -0.24980317801237106, 46.65175813486445 ], [ -0.24980653077363968, 46.65175790472057 ], [ -0.24980686604976654, 46.651761356878765 ], [ -0.24980653077363968, 46.65176319802972 ], [ -0.24980586022138596, 46.65176388846131 ], [ -0.24980586022138596, 46.65176434874904 ], [ -0.2498045191168785, 46.65176595975603 ], [ -0.24980418384075165, 46.65176665018758 ], [ -0.24980418384075165, 46.651767800906825 ], [ -0.24980485439300537, 46.65176895162604 ], [ -0.24980485439300537, 46.65177148320822 ], [ -0.24980418384075165, 46.65177217363971 ], [ -0.2498038485646248, 46.6517740147903 ], [ -0.2498038485646248, 46.65177470522175 ], [ -0.2498045191168785, 46.651776316228435 ], [ -0.2498045191168785, 46.65178022867305 ], [ -0.24980418384075165, 46.651781149248215 ], [ -0.24980351328849792, 46.65178206982336 ], [ -0.24980317801237106, 46.65178368082983 ], [ -0.24980351328849792, 46.65178598226756 ], [ -0.2498028427362442, 46.651786672698854 ], [ -0.2498028427362442, 46.65179081528647 ], [ -0.24980217218399048, 46.65179265643642 ], [ -0.24980183690786362, 46.65179265643642 ], [ -0.24980150163173676, 46.65179288658016 ], [ -0.24979613721370697, 46.65179265643642 ] ] ] ],
      "type" : "MultiPolygon"
    },
    "type" : "Feature",
    "properties" : {
      "confidence" : null,
      "zoom" : 20,
      "id" : "982b9a45-211d-4371-b7c6-cc8ca6a375ae",
      "label" : "MOISISSURE"
    }
  }, {
    "geometry" : {
      "coordinates" : [ [ [ [ -0.24992354214191437, 46.65194040851549 ], [ -0.2499232068657875, 46.651939718086155 ], [ -0.2499188482761383, 46.65193948794305 ], [ -0.24991784244775772, 46.651938797513694 ], [ -0.249917171895504, 46.65193856737057 ], [ -0.24991650134325027, 46.65193856737057 ], [ -0.2499161660671234, 46.65193649608246 ], [ -0.24992186576128006, 46.65193649608246 ], [ -0.24992287158966064, 46.651936956368715 ], [ -0.24992387741804123, 46.651936956368715 ], [ -0.24992387741804123, 46.65193787694121 ], [ -0.24992655962705612, 46.651938107084334 ], [ -0.24992689490318298, 46.65194017837238 ], [ -0.24992354214191437, 46.65194040851549 ] ] ] ],
      "type" : "MultiPolygon"
    },
    "type" : "Feature",
    "properties" : {
      "confidence" : null,
      "zoom" : 20,
      "id" : "639e5ca4-0448-448f-9c38-cda52b62407c",
      "label" : "MOISISSURE"
    }
  }, {
    "geometry" : {
      "coordinates" : [ [ [ [ -0.24987827986478806, 46.65180922678314 ], [ -0.24987626820802689, 46.65180922678314 ], [ -0.24987626820802689, 46.65180738563376 ], [ -0.24987727403640747, 46.6518069253464 ], [ -0.24987760931253433, 46.651806465059046 ], [ -0.2498779445886612, 46.65180600477168 ], [ -0.24987861514091492, 46.65180508419694 ], [ -0.24987895041704178, 46.65180439376588 ], [ -0.24987895041704178, 46.6518037033348 ], [ -0.24988297373056412, 46.6518037033348 ], [ -0.24988330900669098, 46.651805774627995 ], [ -0.24988297373056412, 46.65180623491536 ], [ -0.2498823031783104, 46.65180669520272 ], [ -0.2498823031783104, 46.65180922678314 ], [ -0.2498812973499298, 46.65180945692682 ], [ -0.24987827986478806, 46.65180922678314 ] ] ] ],
      "type" : "MultiPolygon"
    },
    "type" : "Feature",
    "properties" : {
      "confidence" : null,
      "zoom" : 20,
      "id" : "bfb94a7e-a5dd-4d6a-8d20-39034475d1e8",
      "label" : "MOISISSURE"
    }
  }, {
    "geometry" : {
      "coordinates" : [ [ [ [ -0.24990208446979523, 46.65181152821978 ], [ -0.24990107864141464, 46.651811067932464 ], [ -0.24990040808916092, 46.65181060764514 ], [ -0.24990040808916092, 46.65180945692682 ], [ -0.24990007281303406, 46.65180853635213 ], [ -0.24989772588014603, 46.651808306208466 ], [ -0.2498970553278923, 46.65180784592111 ], [ -0.2498943731188774, 46.651807615777436 ], [ -0.24989403784275055, 46.65180807606479 ], [ -0.24989336729049683, 46.65180853635213 ], [ -0.24989034980535507, 46.65180853635213 ], [ -0.24989034980535507, 46.651805544484304 ], [ -0.24989202618598938, 46.651805544484304 ], [ -0.24989236146211624, 46.65180508419694 ], [ -0.24989303201436996, 46.65180485405325 ], [ -0.24989403784275055, 46.65180462390957 ], [ -0.24989470839500427, 46.65180462390957 ], [ -0.249895378947258, 46.65180416362219 ], [ -0.24989839643239975, 46.65180439376588 ], [ -0.24990007281303406, 46.65180439376588 ], [ -0.24990107864141464, 46.6518039334785 ], [ -0.24990174919366837, 46.65180347319111 ], [ -0.24990174919366837, 46.65180278276002 ], [ -0.24990208446979523, 46.651802322472626 ], [ -0.24990342557430267, 46.65180140189783 ], [ -0.24990644305944443, 46.65180140189783 ], [ -0.24990711361169815, 46.65180186218522 ], [ -0.24990778416395187, 46.65180278276002 ], [ -0.24990778416395187, 46.65180462390957 ], [ -0.24990711361169815, 46.65180508419694 ], [ -0.24990711361169815, 46.65180738563376 ], [ -0.24990778416395187, 46.65180807606479 ], [ -0.24990778416395187, 46.651811067932464 ], [ -0.24990476667881012, 46.65181152821978 ], [ -0.24990208446979523, 46.65181152821978 ] ] ] ],
      "type" : "MultiPolygon"
    },
    "type" : "Feature",
    "properties" : {
      "confidence" : null,
      "zoom" : 20,
      "id" : "3503a7be-7d6d-4f45-8904-8da02a21397f",
      "label" : "MOISISSURE"
    }
  }, {
    "geometry" : {
      "coordinates" : [ [ [ [ -0.24968281388282776, 46.651850192340746 ], [ -0.24968013167381287, 46.65184996219724 ], [ -0.2496781200170517, 46.651849732053755 ], [ -0.2496764436364174, 46.65184904162326 ], [ -0.24967141449451447, 46.65184904162326 ], [ -0.24967007339000702, 46.65184881147976 ], [ -0.2496683970093727, 46.651848121049255 ], [ -0.24966739118099213, 46.651848121049255 ], [ -0.24966638535261154, 46.65184743061874 ], [ -0.2496650442481041, 46.65184743061874 ], [ -0.24966437369585037, 46.65184720047523 ], [ -0.24966269731521606, 46.65184604975768 ], [ -0.2496606856584549, 46.65184512918363 ], [ -0.2496596798300743, 46.651844438753066 ], [ -0.2496590092778206, 46.651844208609546 ], [ -0.24965800344944, 46.651844208609546 ], [ -0.24965733289718628, 46.651843978466026 ], [ -0.24965699762105942, 46.651843288035465 ], [ -0.24965431541204453, 46.65184305789194 ], [ -0.2496519684791565, 46.65184259760488 ], [ -0.24965163320302963, 46.651841907174294 ], [ -0.24965062737464905, 46.651841216743705 ], [ -0.2496492862701416, 46.65184075645663 ], [ -0.24964693933725357, 46.65184075645663 ], [ -0.24964593350887299, 46.65184098660016 ], [ -0.24964392185211182, 46.65184167703077 ], [ -0.2496432512998581, 46.65184213731783 ], [ -0.2496422454714775, 46.65184236746135 ], [ -0.24963721632957458, 46.65184236746135 ], [ -0.24963486939668655, 46.65184259760488 ], [ -0.2496335282921791, 46.65184282774841 ], [ -0.24963218718767166, 46.651843288035465 ], [ -0.24963084608316422, 46.651843288035465 ], [ -0.24962950497865677, 46.65184374832251 ], [ -0.24962548166513443, 46.65184374832251 ], [ -0.2496248111128807, 46.65184512918363 ], [ -0.24962414056062698, 46.65184535932714 ], [ -0.2496214583516121, 46.65184535932714 ], [ -0.24961944669485092, 46.65184581961416 ], [ -0.24961106479167938, 46.65184581961416 ], [ -0.2496073767542839, 46.65184558947065 ], [ -0.24960536509752274, 46.65184535932714 ], [ -0.24960435926914215, 46.65184489904011 ], [ -0.24960368871688843, 46.651844208609546 ], [ -0.24960335344076157, 46.65184374832251 ], [ -0.2496030181646347, 46.65184305789194 ], [ -0.2496030181646347, 46.65184167703077 ], [ -0.24960201233625412, 46.65184098660016 ], [ -0.2496013417840004, 46.65184075645663 ], [ -0.24960000067949295, 46.651840526313094 ], [ -0.2495986595749855, 46.651840526313094 ], [ -0.24959765374660492, 46.651841216743705 ], [ -0.24959731847047806, 46.651841907174294 ], [ -0.24959731847047806, 46.651843288035465 ], [ -0.2495959773659706, 46.651843288035465 ], [ -0.24959631264209747, 46.65183132057088 ], [ -0.24959631264209747, 46.65183063014014 ], [ -0.2495959773659706, 46.65182326554514 ], [ -0.2495986595749855, 46.65182326554514 ], [ -0.24959933012723923, 46.65182372583236 ], [ -0.2495996654033661, 46.65182441626318 ], [ -0.2496003359556198, 46.651824876550386 ], [ -0.2496013417840004, 46.651824876550386 ], [ -0.24960234761238098, 46.65182533683759 ], [ -0.24960335344076157, 46.65182533683759 ], [ -0.24960435926914215, 46.65182464640678 ], [ -0.24960502982139587, 46.65182395597596 ], [ -0.2496057003736496, 46.65182372583236 ], [ -0.24960502982139587, 46.65182326554514 ], [ -0.24960435926914215, 46.651823035401534 ], [ -0.24960167706012726, 46.651823035401534 ], [ -0.24960100650787354, 46.65182280525792 ], [ -0.24960067123174667, 46.65182234497069 ], [ -0.24960067123174667, 46.65182050382176 ], [ -0.24960100650787354, 46.65182004353452 ], [ -0.249604694545269, 46.65182004353452 ], [ -0.2496057003736496, 46.65181935310364 ], [ -0.2496057003736496, 46.65181728181096 ], [ -0.2496040239930153, 46.65181705166733 ], [ -0.2496030181646347, 46.65181659138006 ], [ -0.2496030181646347, 46.651814750230926 ], [ -0.24960435926914215, 46.65181428994362 ], [ -0.249604694545269, 46.65181359951268 ], [ -0.24960536509752274, 46.65181313922538 ], [ -0.24960603564977646, 46.65181290908173 ], [ -0.24960670620203018, 46.65181290908173 ], [ -0.24960771203041077, 46.651812448794416 ], [ -0.2496083825826645, 46.651812448794416 ], [ -0.24960938841104507, 46.651811988507106 ], [ -0.24961240589618683, 46.651811988507106 ], [ -0.249614417552948, 46.65181336936903 ], [ -0.24961508810520172, 46.65181336936903 ], [ -0.2496160939335823, 46.65181313922538 ], [ -0.24961743503808975, 46.65181290908173 ], [ -0.24961844086647034, 46.651811988507106 ], [ -0.24961911141872406, 46.65181152821978 ], [ -0.24962347000837326, 46.65181152821978 ], [ -0.2496258169412613, 46.651811298076126 ], [ -0.24962715804576874, 46.6518108377888 ], [ -0.24963151663541794, 46.651811067932464 ], [ -0.24963285773992538, 46.65181221865076 ], [ -0.24963520467281342, 46.65181221865076 ], [ -0.249636210501194, 46.651812448794416 ], [ -0.24964157491922379, 46.65181636123642 ], [ -0.24964258074760437, 46.65181659138006 ], [ -0.24964392185211182, 46.65181705166733 ], [ -0.24964459240436554, 46.651817511954604 ], [ -0.24964861571788788, 46.651817511954604 ], [ -0.2496492862701416, 46.651817972241865 ], [ -0.24964995682239532, 46.6518182023855 ], [ -0.2496519684791565, 46.6518182023855 ], [ -0.24965263903141022, 46.65181866267276 ], [ -0.24965330958366394, 46.65181889281639 ], [ -0.24965398013591766, 46.65181889281639 ], [ -0.24965498596429825, 46.65181958324727 ], [ -0.24965699762105942, 46.65182027367814 ], [ -0.24965833872556686, 46.65182050382176 ], [ -0.2496606856584549, 46.65182050382176 ], [ -0.2496623620390892, 46.65182096410901 ], [ -0.2496650442481041, 46.65182096410901 ], [ -0.24966638535261154, 46.65182050382176 ], [ -0.24966739118099213, 46.651819813390894 ], [ -0.24966873228549957, 46.65181866267276 ], [ -0.24967912584543228, 46.65181866267276 ], [ -0.249679796397686, 46.65181912296001 ], [ -0.24968113750219345, 46.65181958324727 ], [ -0.24968214333057404, 46.651819813390894 ], [ -0.24968281388282776, 46.651819813390894 ], [ -0.24968348443508148, 46.65182027367814 ], [ -0.24968449026346207, 46.65182050382176 ], [ -0.24968717247247696, 46.65182050382176 ], [ -0.2496901899576187, 46.65182004353452 ], [ -0.24969756603240967, 46.65182027367814 ], [ -0.2496999129652977, 46.651822114827084 ], [ -0.24970024824142456, 46.65182257511431 ], [ -0.24970024824142456, 46.65182464640678 ], [ -0.2496999129652977, 46.65182533683759 ], [ -0.24969924241304398, 46.651826027268385 ], [ -0.24969890713691711, 46.65182717798636 ], [ -0.24969890713691711, 46.65182901913507 ], [ -0.24969689548015594, 46.65183039999656 ], [ -0.24969689548015594, 46.6518310904273 ], [ -0.24969756603240967, 46.651831780858025 ], [ -0.24969756603240967, 46.65183523301151 ], [ -0.24969689548015594, 46.651836613872845 ], [ -0.24969689548015594, 46.651838915308325 ], [ -0.24969656020402908, 46.65183960573894 ], [ -0.24969488382339478, 46.65184167703077 ], [ -0.24969488382339478, 46.65184213731783 ], [ -0.24969421327114105, 46.65184282774841 ], [ -0.2496938779950142, 46.65184374832251 ], [ -0.2496938779950142, 46.65184489904011 ], [ -0.24969354271888733, 46.65184581961416 ], [ -0.24969320744276047, 46.651846510044706 ], [ -0.2496928721666336, 46.65184697033172 ], [ -0.24969220161437988, 46.65184743061874 ], [ -0.24969153106212616, 46.65184858133625 ], [ -0.24969052523374557, 46.651849501910256 ], [ -0.249689519405365, 46.65184996219724 ], [ -0.24968918412923813, 46.65184996219724 ], [ -0.24968884885311127, 46.651850192340746 ], [ -0.24968281388282776, 46.651850192340746 ] ] ] ],
      "type" : "MultiPolygon"
    },
    "type" : "Feature",
    "properties" : {
      "confidence" : null,
      "zoom" : 20,
      "id" : "cfd98d38-0621-45c8-97bb-bcb4735ebe8d",
      "label" : "MOISISSURE"
    }
  }, {
    "geometry" : {
      "coordinates" : [ [ [ [ -0.24988163262605667, 46.65190657746759 ], [ -0.24987895041704178, 46.65190634732434 ], [ -0.24987660348415375, 46.651905887037834 ], [ -0.2498752623796463, 46.651904045891726 ], [ -0.2498752623796463, 46.65190220474558 ], [ -0.24987727403640747, 46.65190082388592 ], [ -0.2498779445886612, 46.65190082388592 ], [ -0.24987861514091492, 46.65190036359936 ], [ -0.24987827986478806, 46.65189967316951 ], [ -0.2498769387602806, 46.65189898273965 ], [ -0.24987660348415375, 46.65189645116343 ], [ -0.2498769387602806, 46.65189253872723 ], [ -0.24987760931253433, 46.651892078440596 ], [ -0.24988029152154922, 46.651891157867325 ], [ -0.24988096207380295, 46.651891157867325 ], [ -0.24988297373056412, 46.65189046743736 ], [ -0.24988364428281784, 46.651890007150705 ], [ -0.24988364428281784, 46.651889546864055 ], [ -0.24988532066345215, 46.6518883961474 ], [ -0.24988599121570587, 46.6518883961474 ], [ -0.24988800287246704, 46.6518877057174 ], [ -0.24988867342472076, 46.65188724543073 ], [ -0.24988900870084763, 46.651886555000715 ], [ -0.24989169090986252, 46.651886555000715 ], [ -0.24989336729049683, 46.6518877057174 ], [ -0.2498943731188774, 46.65188816600407 ], [ -0.24989604949951172, 46.65188816600407 ], [ -0.24989604949951172, 46.651891157867325 ], [ -0.24989672005176544, 46.65189322915717 ], [ -0.24989672005176544, 46.65189553059023 ], [ -0.24989604949951172, 46.65189622102013 ], [ -0.24989604949951172, 46.65189668130673 ], [ -0.24989504367113113, 46.651898062166495 ], [ -0.2498943731188774, 46.651898522453074 ], [ -0.2498943731188774, 46.65190036359936 ], [ -0.24989336729049683, 46.65190151431576 ], [ -0.24989336729049683, 46.65190335546193 ], [ -0.2498926967382431, 46.651904276035 ], [ -0.2498910203576088, 46.65190542675131 ], [ -0.24989034980535507, 46.65190634732434 ], [ -0.24988699704408646, 46.65190634732434 ], [ -0.249885655939579, 46.65190657746759 ], [ -0.24988163262605667, 46.65190657746759 ] ] ] ],
      "type" : "MultiPolygon"
    },
    "type" : "Feature",
    "properties" : {
      "confidence" : null,
      "zoom" : 20,
      "id" : "fa236b7a-b5e1-42dc-a0b3-47a4c7f168ab",
      "label" : "MOISISSURE"
    }
  }, {
    "geometry" : {
      "coordinates" : [ [ [ [ -0.24970360100269318, 46.65180278276002 ], [ -0.24970192462205887, 46.651802322472626 ], [ -0.2496999129652977, 46.651802322472626 ], [ -0.24969890713691711, 46.651801632041526 ], [ -0.2496982365846634, 46.65180117175412 ], [ -0.2496972307562828, 46.65180048132301 ], [ -0.24969656020402908, 46.65179933060446 ], [ -0.24969622492790222, 46.6517970291673 ], [ -0.24969890713691711, 46.6517951880175 ], [ -0.24969890713691711, 46.651793116723894 ], [ -0.24971969425678253, 46.651793116723894 ], [ -0.2497200295329094, 46.65179449758631 ], [ -0.2497200295329094, 46.65179656887986 ], [ -0.24971835315227509, 46.65179771959846 ], [ -0.24971801787614822, 46.651798179885894 ], [ -0.24971801787614822, 46.651798870317045 ], [ -0.24971768260002136, 46.65179933060446 ], [ -0.24971600621938705, 46.65180048132301 ], [ -0.24971500039100647, 46.65180071146671 ], [ -0.24971432983875275, 46.65180117175412 ], [ -0.24971365928649902, 46.65180140189783 ], [ -0.24971231818199158, 46.651801632041526 ], [ -0.24971064180135727, 46.65180186218522 ], [ -0.24970896542072296, 46.65180186218522 ], [ -0.2497069537639618, 46.651802552616324 ], [ -0.24970661848783493, 46.65180278276002 ], [ -0.24970360100269318, 46.65180278276002 ] ] ] ],
      "type" : "MultiPolygon"
    },
    "type" : "Feature",
    "properties" : {
      "confidence" : null,
      "zoom" : 20,
      "id" : "75c8d345-e97d-4fa6-be4c-b7eb3cf30fc5",
      "label" : "MOISISSURE"
    }
  }, {
    "geometry" : {
      "coordinates" : [ [ [ [ -0.24993058294057846, 46.65183845502123 ], [ -0.24992924183607101, 46.651837994734144 ], [ -0.2499258890748024, 46.651837994734144 ], [ -0.24992521852254868, 46.65183776459059 ], [ -0.24992454797029495, 46.65183730430349 ], [ -0.24992454797029495, 46.651832471288735 ], [ -0.24992521852254868, 46.65183132057088 ], [ -0.24992521852254868, 46.65182970956582 ], [ -0.24992555379867554, 46.65182901913507 ], [ -0.24992622435092926, 46.651828558847896 ], [ -0.24992655962705612, 46.651827868417136 ], [ -0.24992655962705612, 46.65182464640678 ], [ -0.24992723017930984, 46.65182418611957 ], [ -0.2499275654554367, 46.65182372583236 ], [ -0.2499275654554367, 46.65182050382176 ], [ -0.24992823600769043, 46.651819813390894 ], [ -0.2499285712838173, 46.65181912296001 ], [ -0.24992890655994415, 46.6518182023855 ], [ -0.24992890655994415, 46.65181705166733 ], [ -0.24992924183607101, 46.65181613109277 ], [ -0.24992957711219788, 46.651815670805505 ], [ -0.2499302476644516, 46.65181544066185 ], [ -0.24992957711219788, 46.651814980374574 ], [ -0.24992957711219788, 46.65181452008728 ], [ -0.24992890655994415, 46.651813829656334 ], [ -0.24992890655994415, 46.651808996639474 ], [ -0.24992957711219788, 46.6518039334785 ], [ -0.24992957711219788, 46.65180140189783 ], [ -0.24992924183607101, 46.65179794974218 ], [ -0.24992957711219788, 46.6517970291673 ], [ -0.24993125349283218, 46.65179587844868 ], [ -0.24993225932121277, 46.651794957873776 ], [ -0.24993326514959335, 46.65179403729884 ], [ -0.24993326514959335, 46.65179357701138 ], [ -0.24993360042572021, 46.651793116723894 ], [ -0.24993896484375, 46.651793116723894 ], [ -0.24993896484375, 46.6518368440164 ], [ -0.24993829429149628, 46.65183730430349 ], [ -0.2499362826347351, 46.65183730430349 ], [ -0.24993527680635452, 46.65183822487769 ], [ -0.24993058294057846, 46.65183845502123 ] ] ] ],
      "type" : "MultiPolygon"
    },
    "type" : "Feature",
    "properties" : {
      "confidence" : null,
      "zoom" : 20,
      "id" : "29cf01d9-408b-4a05-8386-bf291b95e34e",
      "label" : "MOISISSURE"
    }
  }, {
    "geometry" : {
      "coordinates" : [ [ [ [ -0.24971097707748413, 46.651877809553085 ], [ -0.24970728904008865, 46.65187734926632 ], [ -0.24970661848783493, 46.65187734926632 ], [ -0.24970393627882004, 46.651877809553085 ], [ -0.24970058351755142, 46.651877809553085 ], [ -0.24969924241304398, 46.6518775794097 ], [ -0.2496982365846634, 46.65187734926632 ], [ -0.2496972307562828, 46.651876888979565 ], [ -0.24969656020402908, 46.651876888979565 ], [ -0.2496955543756485, 46.65187665883619 ], [ -0.24969488382339478, 46.65187619854941 ], [ -0.24969220161437988, 46.651875277975876 ], [ -0.24969052523374557, 46.651875047832476 ], [ -0.24968717247247696, 46.651875047832476 ], [ -0.24968650192022324, 46.651874817689084 ], [ -0.2496858313679695, 46.65187435740231 ], [ -0.24968482553958893, 46.65187412725892 ], [ -0.24968281388282776, 46.65187389711552 ], [ -0.2496764436364174, 46.65187389711552 ], [ -0.24967476725578308, 46.65187366697213 ], [ -0.24967342615127563, 46.65187320668534 ], [ -0.24967141449451447, 46.65187320668534 ], [ -0.24967040866613388, 46.651872746398546 ], [ -0.24966973811388016, 46.651872746398546 ], [ -0.24966906756162643, 46.65187228611174 ], [ -0.2496683970093727, 46.65187228611174 ], [ -0.24966739118099213, 46.651871825824934 ], [ -0.24966605007648468, 46.651871825824934 ], [ -0.24966537952423096, 46.651871595681534 ], [ -0.24966470897197723, 46.65187113539472 ], [ -0.24966370314359665, 46.65187113539472 ], [ -0.24966303259134293, 46.65187090525132 ], [ -0.2496623620390892, 46.65187044496451 ], [ -0.24966169148683548, 46.65186998467768 ], [ -0.24966169148683548, 46.65186699281327 ], [ -0.24966135621070862, 46.65186653252641 ], [ -0.2496606856584549, 46.65186607223956 ], [ -0.24966001510620117, 46.651865151665845 ], [ -0.2496596798300743, 46.65186446123555 ], [ -0.2496596798300743, 46.65186169951427 ], [ -0.24966035038232803, 46.65186077894047 ], [ -0.24966035038232803, 46.65185824736246 ], [ -0.2496606856584549, 46.65185617607128 ], [ -0.2496623620390892, 46.65185502535392 ], [ -0.24966739118099213, 46.65185502535392 ], [ -0.24966906756162643, 46.651855255497395 ], [ -0.24967074394226074, 46.651855485640866 ], [ -0.24967242032289505, 46.651855715784336 ], [ -0.2496737614274025, 46.651855945927814 ], [ -0.24967610836029053, 46.65185686650168 ], [ -0.2496771141886711, 46.65185709664516 ], [ -0.24967845529317856, 46.651857326788615 ], [ -0.24968013167381287, 46.651857326788615 ], [ -0.24968180805444717, 46.65185778707554 ], [ -0.24968549609184265, 46.65185778707554 ], [ -0.24968717247247696, 46.651858017219006 ], [ -0.2496885135769844, 46.65185824736246 ], [ -0.2496901899576187, 46.65185870764938 ], [ -0.24969186633825302, 46.65185870764938 ], [ -0.2496938779950142, 46.65185893779285 ], [ -0.24969521909952164, 46.6518591679363 ], [ -0.24969622492790222, 46.65185939807976 ], [ -0.2496972307562828, 46.65185962822321 ], [ -0.2496999129652977, 46.651860548797025 ], [ -0.24970058351755142, 46.65186100908392 ], [ -0.249701589345932, 46.65186123922737 ], [ -0.2497025951743126, 46.65186146937082 ], [ -0.24970393627882004, 46.65186169951427 ], [ -0.24970494210720062, 46.651861929657706 ], [ -0.2497059479355812, 46.651861929657706 ], [ -0.2497069537639618, 46.65186215980115 ], [ -0.24970795959234238, 46.65186262008804 ], [ -0.2497129887342453, 46.65186262008804 ], [ -0.24971500039100647, 46.65186285023148 ], [ -0.24971600621938705, 46.651863080374916 ], [ -0.24971701204776764, 46.65186331051836 ], [ -0.24971935898065567, 46.65186423109211 ], [ -0.24972036480903625, 46.65186446123555 ], [ -0.24972137063741684, 46.65186538180927 ], [ -0.24972237646579742, 46.6518656119527 ], [ -0.249723382294178, 46.65186630238299 ], [ -0.249723382294178, 46.6518686038172 ], [ -0.24972304701805115, 46.651869754534275 ], [ -0.24972237646579742, 46.65187067510791 ], [ -0.24972204118967056, 46.651871825824934 ], [ -0.2497217059135437, 46.651872746398546 ], [ -0.2497217059135437, 46.65187389711552 ], [ -0.24972137063741684, 46.651874587545706 ], [ -0.24972070008516312, 46.651875277975876 ], [ -0.2497200295329094, 46.65187596840603 ], [ -0.24971835315227509, 46.65187711912294 ], [ -0.2497173473238945, 46.65187711912294 ], [ -0.24971600621938705, 46.6518775794097 ], [ -0.2497156709432602, 46.651877809553085 ], [ -0.24971097707748413, 46.651877809553085 ] ] ] ],
      "type" : "MultiPolygon"
    },
    "type" : "Feature",
    "properties" : {
      "confidence" : null,
      "zoom" : 20,
      "id" : "cf567dbd-9670-44eb-a857-b4a39d320031",
      "label" : "MOISISSURE"
    }
  }, {
    "geometry" : {
      "coordinates" : [ [ [ [ -0.2497320994734764, 46.651890927724 ], [ -0.2497314289212227, 46.65189023729403 ], [ -0.24973109364509583, 46.651889777007376 ], [ -0.24973109364509583, 46.65188931672072 ], [ -0.2497304230928421, 46.65188885643407 ], [ -0.24973008781671524, 46.6518883961474 ], [ -0.24973008781671524, 46.651887475574064 ], [ -0.24972941726446152, 46.65188678514405 ], [ -0.24972975254058838, 46.65188402342391 ], [ -0.24972975254058838, 46.65188264256379 ], [ -0.24973075836896896, 46.65188264256379 ], [ -0.2497314289212227, 46.65188218227708 ], [ -0.24972908198833466, 46.65188172199036 ], [ -0.24972841143608093, 46.65188126170363 ], [ -0.24972807615995407, 46.65188080141691 ], [ -0.24972807615995407, 46.65188011098681 ], [ -0.24972740560770035, 46.65187965070007 ], [ -0.24972740560770035, 46.65187665883619 ], [ -0.24972841143608093, 46.6518764286928 ], [ -0.24973075836896896, 46.6518764286928 ], [ -0.2497314289212227, 46.651875738262646 ], [ -0.2497347816824913, 46.651875738262646 ], [ -0.24973511695861816, 46.65187849998321 ], [ -0.24973612278699875, 46.65187896026996 ], [ -0.24973679333925247, 46.651879420556696 ], [ -0.24973712861537933, 46.65188011098681 ], [ -0.24973712861537933, 46.65188241242043 ], [ -0.24973612278699875, 46.65188241242043 ], [ -0.24973545223474503, 46.65188287270714 ], [ -0.24973612278699875, 46.651883563137204 ], [ -0.24973679333925247, 46.651883563137204 ], [ -0.2497374638915062, 46.65188379328056 ], [ -0.2497374638915062, 46.651885634427344 ], [ -0.24973846971988678, 46.65188609471402 ], [ -0.24973846971988678, 46.6518883961474 ], [ -0.2497374638915062, 46.65188931672072 ], [ -0.24973679333925247, 46.65188931672072 ], [ -0.24973612278699875, 46.651889777007376 ], [ -0.2497357875108719, 46.65189023729403 ], [ -0.2497357875108719, 46.651890927724 ], [ -0.2497320994734764, 46.651890927724 ] ] ] ],
      "type" : "MultiPolygon"
    },
    "type" : "Feature",
    "properties" : {
      "confidence" : null,
      "zoom" : 20,
      "id" : "49f10257-46d8-4192-96fa-541e9dbc9de8",
      "label" : "MOISISSURE"
    }
  }, {
    "geometry" : {
      "coordinates" : [ [ [ [ -0.24990811944007874, 46.65191394205125 ], [ -0.24990644305944443, 46.65191371190803 ], [ -0.2499057725071907, 46.65191348176481 ], [ -0.24990476667881012, 46.65191279133512 ], [ -0.24990476667881012, 46.65191095018927 ], [ -0.2499067783355713, 46.65191072004603 ], [ -0.2499057725071907, 46.65191002961632 ], [ -0.24990543723106384, 46.65190933918659 ], [ -0.24990543723106384, 46.651908878900095 ], [ -0.24990476667881012, 46.65190841861361 ], [ -0.24990476667881012, 46.651906117181085 ], [ -0.24990610778331757, 46.65190519660805 ], [ -0.24990610778331757, 46.65190381574847 ], [ -0.24990644305944443, 46.65190312531866 ], [ -0.24990811944007874, 46.6519019746023 ], [ -0.2499084547162056, 46.65190151431576 ], [ -0.24990878999233246, 46.65190036359936 ], [ -0.24990878999233246, 46.651899443026224 ], [ -0.24990946054458618, 46.65189898273965 ], [ -0.24990979582071304, 46.651898522453074 ], [ -0.24990979582071304, 46.65189599087684 ], [ -0.24991046637296677, 46.65189530044693 ], [ -0.24991080164909363, 46.65189461001702 ], [ -0.24991080164909363, 46.651893459300474 ], [ -0.2499111369252205, 46.65189299901385 ], [ -0.24991214275360107, 46.6518923085839 ], [ -0.2499128133058548, 46.65189138801064 ], [ -0.24991314858198166, 46.651890697580676 ], [ -0.24991314858198166, 46.651889546864055 ], [ -0.24991516023874283, 46.65188816600407 ], [ -0.2499154955148697, 46.651887475574064 ], [ -0.24991583079099655, 46.65188678514405 ], [ -0.24991583079099655, 46.65188609471402 ], [ -0.2499154955148697, 46.65188494399731 ], [ -0.2499144896864891, 46.65188425356726 ], [ -0.2499144896864891, 46.65188218227708 ], [ -0.24991583079099655, 46.65188126170363 ], [ -0.24991583079099655, 46.65188034113017 ], [ -0.24991482496261597, 46.65187965070007 ], [ -0.2499144896864891, 46.65187919041333 ], [ -0.2499144896864891, 46.65187873012658 ], [ -0.24991381913423538, 46.65187803969646 ], [ -0.24991381913423538, 46.65187596840603 ], [ -0.24991415441036224, 46.651875277975876 ], [ -0.2499144896864891, 46.651874587545706 ], [ -0.24991583079099655, 46.65187366697213 ], [ -0.2499161660671234, 46.65187205596834 ], [ -0.24991583079099655, 46.65186952439086 ], [ -0.24991583079099655, 46.65186722295668 ], [ -0.24991650134325027, 46.65186630238299 ], [ -0.24991650134325027, 46.6518635406618 ], [ -0.249917171895504, 46.65186262008804 ], [ -0.24991750717163086, 46.651861929657706 ], [ -0.24991750717163086, 46.65186146937082 ], [ -0.249917171895504, 46.6518591679363 ], [ -0.24991784244775772, 46.65185824736246 ], [ -0.24991851300001144, 46.65185755693208 ], [ -0.24991918355226517, 46.65185709664516 ], [ -0.2499198541045189, 46.65185663635822 ], [ -0.24992119520902634, 46.651855485640866 ], [ -0.24992555379867554, 46.651855255497395 ], [ -0.24992655962705612, 46.65185502535392 ], [ -0.24992723017930984, 46.65185479521045 ], [ -0.24992823600769043, 46.65185410478002 ], [ -0.24992924183607101, 46.651853874636544 ], [ -0.24992991238832474, 46.651853414349574 ], [ -0.24993527680635452, 46.651853414349574 ], [ -0.24993862956762314, 46.65185364449306 ], [ -0.24993896484375, 46.65189829230979 ], [ -0.24993661791086197, 46.65189829230979 ], [ -0.24993594735860825, 46.65189875259637 ], [ -0.2499372884631157, 46.65189921288294 ], [ -0.24993829429149628, 46.65189921288294 ], [ -0.24993829429149628, 46.65190151431576 ], [ -0.2499372884631157, 46.65190220474558 ], [ -0.24993661791086197, 46.65190243488885 ], [ -0.24993561208248138, 46.65190312531866 ], [ -0.24993561208248138, 46.65190519660805 ], [ -0.24993695318698883, 46.65190634732434 ], [ -0.24993762373924255, 46.65190680761086 ], [ -0.24993862956762314, 46.65190680761086 ], [ -0.24993896484375, 46.65190841861361 ], [ -0.24993896484375, 46.65191072004603 ], [ -0.24992521852254868, 46.65191095018927 ], [ -0.2499205246567726, 46.65191072004603 ], [ -0.24991951882839203, 46.65191072004603 ], [ -0.24991918355226517, 46.6519118707622 ], [ -0.249917171895504, 46.651912100905434 ], [ -0.24991583079099655, 46.65191233104866 ], [ -0.24991516023874283, 46.65191256119189 ], [ -0.2499144896864891, 46.65191302147836 ], [ -0.24991314858198166, 46.65191348176481 ], [ -0.2499118074774742, 46.65191348176481 ], [ -0.2499111369252205, 46.65191394205125 ], [ -0.24990811944007874, 46.65191394205125 ] ] ] ],
      "type" : "MultiPolygon"
    },
    "type" : "Feature",
    "properties" : {
      "confidence" : null,
      "zoom" : 20,
      "id" : "1bd20451-560a-4c5a-8dbc-f2cd65812565",
      "label" : "MOISISSURE"
    }
  }, {
    "geometry" : {
      "coordinates" : [ [ [ [ -0.24992823600769043, 46.65192314777942 ], [ -0.24992790073156357, 46.651921766920296 ], [ -0.24992689490318298, 46.6519213066339 ], [ -0.2499258890748024, 46.6519213066339 ], [ -0.2499258890748024, 46.65191923534514 ], [ -0.24992655962705612, 46.65191900520193 ], [ -0.24992924183607101, 46.65191900520193 ], [ -0.24992957711219788, 46.651919465488334 ], [ -0.24992991238832474, 46.65191877505873 ], [ -0.24993091821670532, 46.651918084629116 ], [ -0.24993427097797394, 46.651918084629116 ], [ -0.24993527680635452, 46.65191877505873 ], [ -0.24993494153022766, 46.65192084634752 ], [ -0.24993393570184708, 46.6519213066339 ], [ -0.24993360042572021, 46.65192199706348 ], [ -0.2499329298734665, 46.651922457349855 ], [ -0.24993225932121277, 46.651922917636234 ], [ -0.2499319240450859, 46.65192314777942 ], [ -0.24992823600769043, 46.65192314777942 ] ] ] ],
      "type" : "MultiPolygon"
    },
    "type" : "Feature",
    "properties" : {
      "confidence" : null,
      "zoom" : 20,
      "id" : "6c9fa001-7bcd-42f2-bf6d-190c0f09a96d",
      "label" : "MOISISSURE"
    }
  }, {
    "geometry" : {
      "coordinates" : [ [ [ [ -0.2495959773659706, 46.65202855325517 ], [ -0.2495959773659706, 46.65199656340542 ], [ -0.24959664791822433, 46.651996333262545 ], [ -0.2495986595749855, 46.651996333262545 ], [ -0.24960000067949295, 46.65199610311967 ], [ -0.24960067123174667, 46.6519958729768 ], [ -0.24960234761238098, 46.651994722262415 ], [ -0.24960268288850784, 46.65199426197665 ], [ -0.2496030181646347, 46.651993571548005 ], [ -0.2496030181646347, 46.65199311126223 ], [ -0.249604694545269, 46.65199150026199 ], [ -0.24960536509752274, 46.6519910399762 ], [ -0.2496117353439331, 46.65199080983331 ], [ -0.24961508810520172, 46.65199080983331 ], [ -0.24961676448583603, 46.65199150026199 ], [ -0.2496177703142166, 46.65199150026199 ], [ -0.2496187761425972, 46.651991960547775 ], [ -0.24962011724710464, 46.651991960547775 ], [ -0.24962112307548523, 46.65199219069068 ], [ -0.24962279945611954, 46.651992881119334 ], [ -0.24962380528450012, 46.651992881119334 ], [ -0.24962682276964188, 46.65199403183377 ], [ -0.2496274933218956, 46.65199403183377 ], [ -0.24962849915027618, 46.651994722262415 ], [ -0.24962950497865677, 46.65199518254817 ], [ -0.2496301755309105, 46.65199518254817 ], [ -0.24963118135929108, 46.65199541269104 ], [ -0.24963319301605225, 46.65199656340542 ], [ -0.24963319301605225, 46.651997023691166 ], [ -0.24963386356830597, 46.651997714119766 ], [ -0.24963419884443283, 46.65199863469123 ], [ -0.24963419884443283, 46.65199932511981 ], [ -0.24963486939668655, 46.651999785405536 ], [ -0.24963486939668655, 46.65200323754829 ], [ -0.2496345341205597, 46.6520043882625 ], [ -0.24963419884443283, 46.65200507869101 ], [ -0.24963386356830597, 46.65200599926235 ], [ -0.24963319301605225, 46.6520071499765 ], [ -0.24963285773992538, 46.65200784040497 ], [ -0.24963285773992538, 46.652008760976265 ], [ -0.24963252246379852, 46.65200991169036 ], [ -0.2496318519115448, 46.65201060211879 ], [ -0.2496318519115448, 46.65201106240441 ], [ -0.24963118135929108, 46.65201175283285 ], [ -0.24963118135929108, 46.65201244326126 ], [ -0.24962984025478363, 46.65201405426086 ], [ -0.24962984025478363, 46.65201451454646 ], [ -0.2496274933218956, 46.652017506402714 ], [ -0.2496274933218956, 46.65201796668828 ], [ -0.24962514638900757, 46.65202118868712 ], [ -0.24962414056062698, 46.652021879115416 ], [ -0.24962279945611954, 46.652023720257496 ], [ -0.24962279945611954, 46.652024180543016 ], [ -0.24962246417999268, 46.65202487097127 ], [ -0.24962112307548523, 46.652025791542265 ], [ -0.2496204525232315, 46.65202694225599 ], [ -0.24961911141872406, 46.652028092969694 ], [ -0.24961844086647034, 46.65202832311244 ], [ -0.24961810559034348, 46.65202832311244 ], [ -0.2496177703142166, 46.65202855325517 ], [ -0.2495959773659706, 46.65202855325517 ] ] ] ],
      "type" : "MultiPolygon"
    },
    "type" : "Feature",
    "properties" : {
      "confidence" : null,
      "zoom" : 20,
      "id" : "384b241c-70f8-439e-a23e-6ac7d18d9474",
      "label" : "MOISISSURE"
    }
  }, {
    "geometry" : {
      "coordinates" : [ [ [ [ -0.2494712546467781, 46.65180347319111 ], [ -0.24947091937065125, 46.651802552616324 ], [ -0.24947024881839752, 46.65180186218522 ], [ -0.24947058409452438, 46.651799560748174 ], [ -0.2494712546467781, 46.65179933060446 ], [ -0.24947192519903183, 46.65179933060446 ], [ -0.24947259575128555, 46.651798870317045 ], [ -0.24947527796030045, 46.651798870317045 ], [ -0.24947527796030045, 46.651799560748174 ], [ -0.2494756132364273, 46.65180002103559 ], [ -0.24947628378868103, 46.65180048132301 ], [ -0.24947628378868103, 46.651802322472626 ], [ -0.24947460740804672, 46.65180347319111 ], [ -0.2494712546467781, 46.65180347319111 ] ] ] ],
      "type" : "MultiPolygon"
    },
    "type" : "Feature",
    "properties" : {
      "confidence" : null,
      "zoom" : 20,
      "id" : "a15abce1-cd2d-4204-a80d-45b8b85bf75d",
      "label" : "MOISISSURE"
    }
  }, {
    "geometry" : {
      "coordinates" : [ [ [ [ -0.24945784360170364, 46.6518037033348 ], [ -0.2494581788778305, 46.651801632041526 ], [ -0.2494581788778305, 46.651800251179296 ], [ -0.24945750832557678, 46.65179933060446 ], [ -0.24945683777332306, 46.651798640173325 ], [ -0.24945616722106934, 46.651798179885894 ], [ -0.24945516139268875, 46.65179679902358 ], [ -0.2494548261165619, 46.65179587844868 ], [ -0.2494548261165619, 46.65179403729884 ], [ -0.24945516139268875, 46.65179357701138 ], [ -0.24945583194494247, 46.651793116723894 ], [ -0.24946622550487518, 46.651793116723894 ], [ -0.24946656078100204, 46.6517951880175 ], [ -0.24946656078100204, 46.6517970291673 ], [ -0.249464213848114, 46.65179725931102 ], [ -0.24946387857198715, 46.65179771959846 ], [ -0.249464213848114, 46.651798410029606 ], [ -0.24946555495262146, 46.65179910046075 ], [ -0.24946589022874832, 46.65180117175412 ], [ -0.2494652196764946, 46.651801632041526 ], [ -0.24946320801973343, 46.651801632041526 ], [ -0.24946220219135284, 46.65180186218522 ], [ -0.24946153163909912, 46.651802322472626 ], [ -0.24946153163909912, 46.6518037033348 ], [ -0.24945784360170364, 46.6518037033348 ] ] ] ],
      "type" : "MultiPolygon"
    },
    "type" : "Feature",
    "properties" : {
      "confidence" : null,
      "zoom" : 20,
      "id" : "f272a7ec-c3f7-424e-b3ce-1fa3cca0b5a7",
      "label" : "MOISISSURE"
    }
  }, {
    "geometry" : {
      "coordinates" : [ [ [ [ -0.249495729804039, 46.651810147357814 ], [ -0.24949505925178528, 46.651809917214145 ], [ -0.24949438869953156, 46.65180945692682 ], [ -0.24949371814727783, 46.65180945692682 ], [ -0.24949271231889725, 46.65180922678314 ], [ -0.2494913712143898, 46.65180853635213 ], [ -0.24949070066213608, 46.65180807606479 ], [ -0.24949003010988235, 46.65180807606479 ], [ -0.24948835372924805, 46.6518069253464 ], [ -0.24948801845312119, 46.65180600477168 ], [ -0.24948768317699432, 46.65180531434063 ], [ -0.24948768317699432, 46.65180301290373 ], [ -0.24949070066213608, 46.65180301290373 ], [ -0.24949170649051666, 46.651802322472626 ], [ -0.24949036538600922, 46.65180140189783 ], [ -0.2494896948337555, 46.651801632041526 ], [ -0.24948902428150177, 46.65180186218522 ], [ -0.24948835372924805, 46.651802552616324 ], [ -0.24948600679636002, 46.65180278276002 ], [ -0.24948231875896454, 46.65180278276002 ], [ -0.24948131293058395, 46.651802322472626 ], [ -0.2494809776544571, 46.651799790891886 ], [ -0.24948198348283768, 46.651799560748174 ], [ -0.24948298931121826, 46.651798870317045 ], [ -0.2494843304157257, 46.651798410029606 ], [ -0.2494870126247406, 46.651798410029606 ], [ -0.24948935955762863, 46.651798179885894 ], [ -0.24949070066213608, 46.65179725931102 ], [ -0.24949103593826294, 46.651795648304955 ], [ -0.24949237704277039, 46.651794957873776 ], [ -0.2494940534234047, 46.65179403729884 ], [ -0.24949472397565842, 46.65179403729884 ], [ -0.24949539452791214, 46.65179357701138 ], [ -0.24949606508016586, 46.651793346867635 ], [ -0.24949707090854645, 46.651793116723894 ], [ -0.24950142949819565, 46.651793116723894 ], [ -0.24950210005044937, 46.65179357701138 ], [ -0.24950310587882996, 46.651793807155116 ], [ -0.24950411170721054, 46.65179449758631 ], [ -0.24950578808784485, 46.651794957873776 ], [ -0.2495071291923523, 46.65179610859241 ], [ -0.24950779974460602, 46.65179610859241 ], [ -0.2495088055729866, 46.65179656887986 ], [ -0.2495098114013672, 46.65179725931102 ], [ -0.2495098114013672, 46.651799790891886 ], [ -0.24950914084911346, 46.65180048132301 ], [ -0.2495088055729866, 46.65180117175412 ], [ -0.2495088055729866, 46.65180462390957 ], [ -0.24950813502073288, 46.65180600477168 ], [ -0.24950813502073288, 46.65180669520272 ], [ -0.24950779974460602, 46.65180715549008 ], [ -0.2495061233639717, 46.65180784592111 ], [ -0.2495044469833374, 46.651808996639474 ], [ -0.2495017647743225, 46.651809917214145 ], [ -0.24950042366981506, 46.651810147357814 ], [ -0.249495729804039, 46.651810147357814 ] ] ] ],
      "type" : "MultiPolygon"
    },
    "type" : "Feature",
    "properties" : {
      "confidence" : null,
      "zoom" : 20,
      "id" : "ff3c2bf1-4b72-45ee-9da3-1035cf34a6f1",
      "label" : "MOISISSURE"
    }
  }, {
    "geometry" : {
      "coordinates" : [ [ [ [ -0.24959363043308258, 46.65190335546193 ], [ -0.24959329515695572, 46.6519028951754 ], [ -0.24959295988082886, 46.6519019746023 ], [ -0.249592624604702, 46.651901284172475 ], [ -0.249592624604702, 46.65190059374263 ], [ -0.24959228932857513, 46.65189967316951 ], [ -0.24959195405244827, 46.65189898273965 ], [ -0.24959128350019455, 46.651898522453074 ], [ -0.24959128350019455, 46.65189668130673 ], [ -0.24959228932857513, 46.65189645116343 ], [ -0.24959295988082886, 46.65189622102013 ], [ -0.24959363043308258, 46.65189576073353 ], [ -0.24959295988082886, 46.65189437987371 ], [ -0.24959295988082886, 46.651892078440596 ], [ -0.24959564208984375, 46.651892078440596 ], [ -0.24959564208984375, 46.65190335546193 ], [ -0.24959363043308258, 46.65190335546193 ] ] ] ],
      "type" : "MultiPolygon"
    },
    "type" : "Feature",
    "properties" : {
      "confidence" : null,
      "zoom" : 20,
      "id" : "8fe54af7-f037-4185-9243-7510938a7d59",
      "label" : "MOISISSURE"
    }
  }, {
    "geometry" : {
      "coordinates" : [ [ [ [ -0.24938005954027176, 46.651921536777095 ], [ -0.24937905371189117, 46.65192084634752 ], [ -0.24937838315963745, 46.65192061620433 ], [ -0.2493743598461151, 46.65192061620433 ], [ -0.24937301874160767, 46.65192038606113 ], [ -0.24937201291322708, 46.65192015591793 ], [ -0.2493710070848465, 46.65191969563154 ], [ -0.2493700012564659, 46.651919465488334 ], [ -0.2493656426668167, 46.651919465488334 ], [ -0.249364972114563, 46.65191923534514 ], [ -0.24936430156230927, 46.65191877505873 ], [ -0.24936363101005554, 46.65191854491553 ], [ -0.24936262518167496, 46.65191831477233 ], [ -0.2493622899055481, 46.65191762434271 ], [ -0.24936161935329437, 46.65191716405629 ], [ -0.2493606135249138, 46.65191693391308 ], [ -0.24935994297266006, 46.65191624348345 ], [ -0.24935994297266006, 46.651914402337695 ], [ -0.2493606135249138, 46.651914402337695 ], [ -0.24936161935329437, 46.65191371190803 ], [ -0.24936363101005554, 46.65191348176481 ], [ -0.2493639662861824, 46.65191302147836 ], [ -0.2493639662861824, 46.65191095018927 ], [ -0.24939212948083878, 46.65191095018927 ], [ -0.24939212948083878, 46.65191394205125 ], [ -0.24939078837633133, 46.65191509276736 ], [ -0.24938944727182388, 46.65191578319702 ], [ -0.2493884414434433, 46.651916473626656 ], [ -0.24938810616731644, 46.65191785448591 ], [ -0.24938710033893585, 46.65191831477233 ], [ -0.24938609451055527, 46.65191854491553 ], [ -0.24938508868217468, 46.65191900520193 ], [ -0.2493840828537941, 46.65191969563154 ], [ -0.24938341230154037, 46.65192061620433 ], [ -0.24938341230154037, 46.651921076490716 ], [ -0.24938274174928665, 46.651921536777095 ], [ -0.24938005954027176, 46.651921536777095 ] ] ] ],
      "type" : "MultiPolygon"
    },
    "type" : "Feature",
    "properties" : {
      "confidence" : null,
      "zoom" : 20,
      "id" : "13916531-3131-4185-9e16-33229db121f4",
      "label" : "MOISISSURE"
    }
  }, {
    "geometry" : {
      "coordinates" : [ [ [ [ -0.24930663406848907, 46.65195743910302 ], [ -0.2493046224117279, 46.651956288387815 ], [ -0.24930361658334732, 46.651956288387815 ], [ -0.24930227547883987, 46.65195536781563 ], [ -0.249301940202713, 46.65195467738649 ], [ -0.249301940202713, 46.65195398695734 ], [ -0.24930160492658615, 46.65195283624206 ], [ -0.24929959326982498, 46.651951455383696 ], [ -0.2492985874414444, 46.65195122524063 ], [ -0.24929724633693695, 46.65195099509756 ], [ -0.2492942288517952, 46.65195099509756 ], [ -0.24929355829954147, 46.65195053481143 ], [ -0.24929121136665344, 46.651949153953005 ], [ -0.24929054081439972, 46.65194869366685 ], [ -0.24928953498601913, 46.6519482333807 ], [ -0.24928852915763855, 46.65194800323762 ], [ -0.24928651750087738, 46.651946622379135 ], [ -0.24928651750087738, 46.65194409080515 ], [ -0.24928685277700424, 46.651943400375856 ], [ -0.24928752332925797, 46.651942479803445 ], [ -0.24928852915763855, 46.65194178937414 ], [ -0.24928919970989227, 46.65194132908793 ], [ -0.24929054081439972, 46.65194040851549 ], [ -0.2492915466427803, 46.65194017837238 ], [ -0.24929221719503403, 46.651939718086155 ], [ -0.24929355829954147, 46.65193925779993 ], [ -0.2492942288517952, 46.65193925779993 ], [ -0.24929556995630264, 46.651938797513694 ], [ -0.24929624050855637, 46.651938337227456 ], [ -0.24929657578468323, 46.65193764679809 ], [ -0.24929825216531754, 46.65193649608246 ], [ -0.24930261075496674, 46.65193649608246 ], [ -0.24930361658334732, 46.65193672622559 ], [ -0.24930428713560104, 46.651936956368715 ], [ -0.24930495768785477, 46.65193741665497 ], [ -0.24930596351623535, 46.65193764679809 ], [ -0.24930696934461594, 46.65193764679809 ], [ -0.24930864572525024, 46.651938337227456 ], [ -0.24930931627750397, 46.651938337227456 ], [ -0.24931032210588455, 46.65193856737057 ], [ -0.24931099265813828, 46.65193902765681 ], [ -0.24931233376264572, 46.65193948794305 ], [ -0.24931401014328003, 46.65193948794305 ], [ -0.24931501597166061, 46.651939718086155 ], [ -0.24931702762842178, 46.65194040851549 ], [ -0.2493187040090561, 46.651941559231034 ], [ -0.24931970983743668, 46.65194201951724 ], [ -0.2493203803896904, 46.65194224966035 ], [ -0.24932138621807098, 46.65194224966035 ], [ -0.2493220567703247, 46.651942479803445 ], [ -0.24932272732257843, 46.65194317023275 ], [ -0.24932272732257843, 46.65194984438222 ], [ -0.24932138621807098, 46.65195076495449 ], [ -0.24932138621807098, 46.65195122524063 ], [ -0.24932105094194412, 46.65195168552676 ], [ -0.2493203803896904, 46.65195237595594 ], [ -0.24931970983743668, 46.65195283624206 ], [ -0.24931836873292923, 46.651953296528184 ], [ -0.2493143454194069, 46.651956058244785 ], [ -0.2493133395910263, 46.651956518530866 ], [ -0.24931233376264572, 46.651956518530866 ], [ -0.249311663210392, 46.6519567486739 ], [ -0.2493106573820114, 46.65195743910302 ], [ -0.24930663406848907, 46.65195743910302 ] ] ] ],
      "type" : "MultiPolygon"
    },
    "type" : "Feature",
    "properties" : {
      "confidence" : null,
      "zoom" : 20,
      "id" : "db587fa3-305b-41ba-9102-25f95193f8d0",
      "label" : "MOISISSURE"
    }
  }, {
    "geometry" : {
      "coordinates" : [ [ [ [ -0.24928081780672073, 46.65198344526012 ], [ -0.249280147254467, 46.65198275483134 ], [ -0.249280147254467, 46.65198206440254 ], [ -0.24927780032157898, 46.65198183425961 ], [ -0.24927746504545212, 46.651981143830795 ], [ -0.2492767944931984, 46.651980453401976 ], [ -0.2492767944931984, 46.651979302687266 ], [ -0.24927612394094467, 46.65197861225842 ], [ -0.2492751181125641, 46.65197792182958 ], [ -0.2492751181125641, 46.65197608068593 ], [ -0.2492757886648178, 46.651975160114084 ], [ -0.2492757886648178, 46.65197331897035 ], [ -0.24927545338869095, 46.6519719381125 ], [ -0.24927444756031036, 46.65197170796953 ], [ -0.24927444756031036, 46.65196986682568 ], [ -0.24927746504545212, 46.651969636682686 ], [ -0.24927746504545212, 46.65197078739761 ], [ -0.24927880614995956, 46.65197078739761 ], [ -0.24927914142608643, 46.65197032711165 ], [ -0.24927914142608643, 46.65196871611074 ], [ -0.24927981197834015, 46.65196871611074 ], [ -0.2492811530828476, 46.65196825582475 ], [ -0.24928182363510132, 46.65196825582475 ], [ -0.2492828294634819, 46.65196779553876 ], [ -0.2492855116724968, 46.65196779553876 ], [ -0.24928618222475052, 46.65196825582475 ], [ -0.24928618222475052, 46.6519694065397 ], [ -0.24928651750087738, 46.65196986682568 ], [ -0.24928852915763855, 46.65197124768357 ], [ -0.24928953498601913, 46.65197124768357 ], [ -0.24929020553827286, 46.65197170796953 ], [ -0.24929020553827286, 46.65197354911332 ], [ -0.249289870262146, 46.65197585054297 ], [ -0.24928919970989227, 46.6519767711148 ], [ -0.24928685277700424, 46.65197838211548 ], [ -0.24928584694862366, 46.651979302687266 ], [ -0.2492855116724968, 46.65198160411667 ], [ -0.24928417056798935, 46.651982294545476 ], [ -0.24928417056798935, 46.65198344526012 ], [ -0.24928081780672073, 46.65198344526012 ] ] ] ],
      "type" : "MultiPolygon"
    },
    "type" : "Feature",
    "properties" : {
      "confidence" : null,
      "zoom" : 20,
      "id" : "c2f3c689-5522-4100-9d3d-268d973f8f46",
      "label" : "MOISISSURE"
    }
  }, {
    "geometry" : {
      "coordinates" : [ [ [ [ -0.24932540953159332, 46.651841216743705 ], [ -0.24932440370321274, 46.65184029616956 ], [ -0.24932339787483215, 46.651840066026026 ], [ -0.24932172149419785, 46.651839835882484 ], [ -0.24931568652391434, 46.651839835882484 ], [ -0.2493143454194069, 46.65183960573894 ], [ -0.2493133395910263, 46.65183937559541 ], [ -0.24931233376264572, 46.651838685164776 ], [ -0.24931099265813828, 46.65183822487769 ], [ -0.24931032210588455, 46.65183822487769 ], [ -0.24930965155363083, 46.65183776459059 ], [ -0.24930864572525024, 46.65183776459059 ], [ -0.2493073046207428, 46.65183730430349 ], [ -0.24930663406848907, 46.6518368440164 ], [ -0.24930529296398163, 46.6518368440164 ], [ -0.2493046224117279, 46.651836613872845 ], [ -0.24930395185947418, 46.651835923442185 ], [ -0.24930328130722046, 46.651836613872845 ], [ -0.24929959326982498, 46.6518368440164 ], [ -0.24929825216531754, 46.65183638372929 ], [ -0.2492975816130638, 46.65183546315507 ], [ -0.2492975816130638, 46.65183500286795 ], [ -0.2492959052324295, 46.65183477272439 ], [ -0.24929456412792206, 46.65183385215015 ], [ -0.2492925524711609, 46.65183385215015 ], [ -0.24928953498601913, 46.65183339186301 ], [ -0.2492888644337654, 46.65183270143231 ], [ -0.24928685277700424, 46.65183270143231 ], [ -0.2492845058441162, 46.65183224114517 ], [ -0.2492838352918625, 46.65183155071444 ], [ -0.24928148835897446, 46.65183155071444 ], [ -0.249280147254467, 46.651831780858025 ], [ -0.24927981197834015, 46.651832471288735 ], [ -0.24927813559770584, 46.65183270143231 ], [ -0.24927545338869095, 46.65183270143231 ], [ -0.2492741122841835, 46.651832471288735 ], [ -0.24927344173192978, 46.6518320110016 ], [ -0.24927277117967606, 46.651831780858025 ], [ -0.24927210062742233, 46.65183224114517 ], [ -0.2492697536945343, 46.65183224114517 ], [ -0.24926874786615372, 46.651832471288735 ], [ -0.24926774203777313, 46.65183270143231 ], [ -0.24926673620939255, 46.651833161719445 ], [ -0.24926204234361649, 46.651833161719445 ], [ -0.2492610365152359, 46.65183293157588 ], [ -0.24926036596298218, 46.651832471288735 ], [ -0.24925969541072845, 46.651832471288735 ], [ -0.24925868958234787, 46.65183224114517 ], [ -0.24925734847784042, 46.65183155071444 ], [ -0.2492566779255867, 46.6518310904273 ], [ -0.24925600737333298, 46.651830169852985 ], [ -0.24925533682107925, 46.65182970956582 ], [ -0.24925466626882553, 46.651830169852985 ], [ -0.24925265461206436, 46.651830169852985 ], [ -0.24925265461206436, 46.651793116723894 ], [ -0.24933144450187683, 46.651793116723894 ], [ -0.24933144450187683, 46.65179357701138 ], [ -0.24933211505413055, 46.65179449758631 ], [ -0.24933211505413055, 46.6517951880175 ], [ -0.249333456158638, 46.651795418161235 ], [ -0.24933379143476486, 46.65179587844868 ], [ -0.24933379143476486, 46.65179679902358 ], [ -0.24933446198701859, 46.65179725931102 ], [ -0.24933446198701859, 46.651799560748174 ], [ -0.24933379143476486, 46.65180048132301 ], [ -0.24933379143476486, 46.65180094161042 ], [ -0.24933412671089172, 46.65180140189783 ], [ -0.24933546781539917, 46.651802322472626 ], [ -0.24933546781539917, 46.65180531434063 ], [ -0.24933580309152603, 46.65180600477168 ], [ -0.24933647364377975, 46.651806465059046 ], [ -0.24933747947216034, 46.651806465059046 ], [ -0.2493394911289215, 46.65180715549008 ], [ -0.24933982640504837, 46.65180945692682 ], [ -0.24933915585279465, 46.65181037750147 ], [ -0.24933915585279465, 46.651811988507106 ], [ -0.24933848530054092, 46.651812448794416 ], [ -0.24933815002441406, 46.65181290908173 ], [ -0.24933815002441406, 46.651813829656334 ], [ -0.24933848530054092, 46.65181452008728 ], [ -0.24933915585279465, 46.651815670805505 ], [ -0.24933915585279465, 46.65181636123642 ], [ -0.2493394911289215, 46.651817511954604 ], [ -0.24934016168117523, 46.6518182023855 ], [ -0.2493404969573021, 46.65181935310364 ], [ -0.2493404969573021, 46.65182441626318 ], [ -0.24934016168117523, 46.651826027268385 ], [ -0.24933982640504837, 46.651827408129954 ], [ -0.24933915585279465, 46.65182809856073 ], [ -0.24933915585279465, 46.651829249278656 ], [ -0.24933982640504837, 46.651830169852985 ], [ -0.24933982640504837, 46.65183339186301 ], [ -0.24933915585279465, 46.65183477272439 ], [ -0.24933915585279465, 46.651836153585734 ], [ -0.24933815002441406, 46.65183730430349 ], [ -0.24933815002441406, 46.65183822487769 ], [ -0.24933714419603348, 46.651838915308325 ], [ -0.24933580309152603, 46.65183960573894 ], [ -0.24933446198701859, 46.65184029616956 ], [ -0.249333456158638, 46.65184075645663 ], [ -0.24933245033025742, 46.65184098660016 ], [ -0.24933144450187683, 46.651841216743705 ], [ -0.24932540953159332, 46.651841216743705 ] ] ] ],
      "type" : "MultiPolygon"
    },
    "type" : "Feature",
    "properties" : {
      "confidence" : null,
      "zoom" : 20,
      "id" : "e36d85d6-e3d3-47d0-91ea-f221b6e5e52e",
      "label" : "MOISISSURE"
    }
  }, {
    "geometry" : {
      "coordinates" : [ [ [ [ -0.24949539452791214, 46.6518531842061 ], [ -0.24949438869953156, 46.65185295406262 ], [ -0.24949371814727783, 46.65185272391913 ], [ -0.2494930475950241, 46.65185249377564 ], [ -0.24949170649051666, 46.651851343058205 ], [ -0.24949036538600922, 46.651849501910256 ], [ -0.24949036538600922, 46.65184904162326 ], [ -0.24948935955762863, 46.65184789090575 ], [ -0.24948935955762863, 46.65184674018821 ], [ -0.24948902428150177, 46.65184604975768 ], [ -0.24948768317699432, 46.651844438753066 ], [ -0.24948768317699432, 46.651843978466026 ], [ -0.24948734790086746, 46.651843288035465 ], [ -0.24948634207248688, 46.65184213731783 ], [ -0.24948634207248688, 46.65184167703077 ], [ -0.24948466569185257, 46.65183960573894 ], [ -0.2494843304157257, 46.651838915308325 ], [ -0.24948399513959885, 46.65183822487769 ], [ -0.24948399513959885, 46.65183776459059 ], [ -0.24948298931121826, 46.651836613872845 ], [ -0.2494826540350914, 46.651835923442185 ], [ -0.24948231875896454, 46.65183523301151 ], [ -0.24948198348283768, 46.651834312437266 ], [ -0.24948164820671082, 46.65183270143231 ], [ -0.24948131293058395, 46.65183086028372 ], [ -0.24948131293058395, 46.65182809856073 ], [ -0.24948231875896454, 46.651827408129954 ], [ -0.24948298931121826, 46.651827408129954 ], [ -0.2494843304157257, 46.65182694784277 ], [ -0.24948634207248688, 46.65182533683759 ], [ -0.24948768317699432, 46.65182533683759 ], [ -0.24948835372924805, 46.651825106693984 ], [ -0.24948902428150177, 46.65182464640678 ], [ -0.24948835372924805, 46.65182418611957 ], [ -0.24948634207248688, 46.651823035401534 ], [ -0.24948500096797943, 46.65182257511431 ], [ -0.24948298931121826, 46.65182142439624 ], [ -0.2494799718260765, 46.65181958324727 ], [ -0.24947896599769592, 46.65181889281639 ], [ -0.24947896599769592, 46.65181636123642 ], [ -0.24947930127382278, 46.651815670805505 ], [ -0.24947963654994965, 46.65181521051821 ], [ -0.24948064237833023, 46.651814980374574 ], [ -0.24948164820671082, 46.651814750230926 ], [ -0.24948399513959885, 46.651814750230926 ], [ -0.24948500096797943, 46.65181428994362 ], [ -0.24948768317699432, 46.65181428994362 ], [ -0.24949003010988235, 46.651814750230926 ], [ -0.24949070066213608, 46.651814750230926 ], [ -0.24949204176664352, 46.65181452008728 ], [ -0.24949338287115097, 46.65181405979998 ], [ -0.24949472397565842, 46.651813829656334 ], [ -0.24949807673692703, 46.65181359951268 ], [ -0.24950142949819565, 46.65181359951268 ], [ -0.24950243532657623, 46.651813829656334 ], [ -0.24950344115495682, 46.65181405979998 ], [ -0.249505452811718, 46.65181544066185 ], [ -0.24950746446847916, 46.65181544066185 ], [ -0.24950813502073288, 46.651815670805505 ], [ -0.24950914084911346, 46.65181613109277 ], [ -0.24950947612524033, 46.65181659138006 ], [ -0.24950947612524033, 46.65181728181096 ], [ -0.2495104819536209, 46.651817972241865 ], [ -0.2495104819536209, 46.65182165453985 ], [ -0.24951014667749405, 46.65182326554514 ], [ -0.24950947612524033, 46.65182418611957 ], [ -0.24950914084911346, 46.651825106693984 ], [ -0.24950914084911346, 46.65182901913507 ], [ -0.2495088055729866, 46.65182993970941 ], [ -0.24950847029685974, 46.65183063014014 ], [ -0.24950813502073288, 46.65183155071444 ], [ -0.24950746446847916, 46.651832471288735 ], [ -0.2495071291923523, 46.651833161719445 ], [ -0.24950679391622543, 46.651834312437266 ], [ -0.24950679391622543, 46.651835923442185 ], [ -0.2495061233639717, 46.651836613872845 ], [ -0.2495061233639717, 46.65183776459059 ], [ -0.249505452811718, 46.651838685164776 ], [ -0.249505452811718, 46.65183960573894 ], [ -0.24950478225946426, 46.65184029616956 ], [ -0.24950478225946426, 46.65184213731783 ], [ -0.2495044469833374, 46.65184305789194 ], [ -0.24950411170721054, 46.65184374832251 ], [ -0.24950377643108368, 46.65184466889659 ], [ -0.2495027706027031, 46.65184581961416 ], [ -0.24950243532657623, 46.651846510044706 ], [ -0.24950210005044937, 46.65184720047523 ], [ -0.2495017647743225, 46.651848351192754 ], [ -0.2495017647743225, 46.651849501910256 ], [ -0.24950142949819565, 46.651850652627736 ], [ -0.24950075894594193, 46.651851343058205 ], [ -0.24950075894594193, 46.65185180334518 ], [ -0.24950042366981506, 46.65185226363216 ], [ -0.2495000883936882, 46.65185272391913 ], [ -0.24949941784143448, 46.65185295406262 ], [ -0.24949807673692703, 46.6518531842061 ], [ -0.24949539452791214, 46.6518531842061 ] ] ] ],
      "type" : "MultiPolygon"
    },
    "type" : "Feature",
    "properties" : {
      "confidence" : null,
      "zoom" : 20,
      "id" : "7ae9ecae-067e-4f93-bf16-2eb465351ad4",
      "label" : "MOISISSURE"
    }
  }, {
    "geometry" : {
      "coordinates" : [ [ [ [ -0.2494766190648079, 46.65185640621475 ], [ -0.249473936855793, 46.65185617607128 ], [ -0.24947293102741241, 46.651855485640866 ], [ -0.2494712546467781, 46.651855485640866 ], [ -0.24947024881839752, 46.65185479521045 ], [ -0.2494695782661438, 46.65185502535392 ], [ -0.2494679018855095, 46.651855255497395 ], [ -0.2494652196764946, 46.651855255497395 ], [ -0.24946387857198715, 46.65185479521045 ], [ -0.2494598552584648, 46.65185479521045 ], [ -0.2494591847062111, 46.65185456506697 ], [ -0.2494581788778305, 46.651853874636544 ], [ -0.24945616722106934, 46.651853874636544 ], [ -0.2494554966688156, 46.651853414349574 ], [ -0.24945348501205444, 46.651853414349574 ], [ -0.24945247918367386, 46.6518531842061 ], [ -0.24945147335529327, 46.65185272391913 ], [ -0.24945080280303955, 46.65185226363216 ], [ -0.24944845587015152, 46.65185226363216 ], [ -0.24944409728050232, 46.65185249377564 ], [ -0.24944275617599487, 46.6518515732017 ], [ -0.24943973869085312, 46.6518515732017 ], [ -0.2494380623102188, 46.651851343058205 ], [ -0.24943672120571136, 46.65185088277123 ], [ -0.24943504482507706, 46.651850652627736 ], [ -0.24942699819803238, 46.651850652627736 ], [ -0.24942532181739807, 46.651849501910256 ], [ -0.2494243159890175, 46.65184881147976 ], [ -0.24942398071289062, 46.65184996219724 ], [ -0.2494189515709877, 46.65184996219724 ], [ -0.24941794574260712, 46.651849501910256 ], [ -0.2494172751903534, 46.651849501910256 ], [ -0.24941660463809967, 46.65184904162326 ], [ -0.24941358715295792, 46.65184881147976 ], [ -0.2494119107723236, 46.651848351192754 ], [ -0.24941124022006989, 46.651848121049255 ], [ -0.24941056966781616, 46.65184766076224 ], [ -0.2494075521826744, 46.65184766076224 ], [ -0.24940721690654755, 46.651848121049255 ], [ -0.24940486997365952, 46.651848351192754 ], [ -0.24940051138401031, 46.651848351192754 ], [ -0.24939917027950287, 46.65184766076224 ], [ -0.24939849972724915, 46.65184720047523 ], [ -0.2493971586227417, 46.651846510044706 ], [ -0.24939514696598053, 46.651846510044706 ], [ -0.24939414113759995, 46.65184581961416 ], [ -0.24939246475696564, 46.65184558947065 ], [ -0.24939212948083878, 46.65184489904011 ], [ -0.24939145892858505, 46.651844438753066 ], [ -0.24939045310020447, 46.651844438753066 ], [ -0.2493901178240776, 46.651841907174294 ], [ -0.24939045310020447, 46.65184098660016 ], [ -0.24939078837633133, 46.65184029616956 ], [ -0.24939145892858505, 46.65183960573894 ], [ -0.24939145892858505, 46.6518368440164 ], [ -0.24939212948083878, 46.65183569329862 ], [ -0.24939179420471191, 46.65183293157588 ], [ -0.24939246475696564, 46.65183132057088 ], [ -0.24939246475696564, 46.65182648755558 ], [ -0.24939380586147308, 46.651824876550386 ], [ -0.24939414113759995, 46.65182372583236 ], [ -0.24939414113759995, 46.65182142439624 ], [ -0.24939581751823425, 46.65182119425262 ], [ -0.24939615279436111, 46.65182050382176 ], [ -0.24939648807048798, 46.65182004353452 ], [ -0.24940084666013718, 46.65182004353452 ], [ -0.24940218776464462, 46.65182027367814 ], [ -0.24940352886915207, 46.65182073396538 ], [ -0.24940554052591324, 46.65182096410901 ], [ -0.2494058758020401, 46.65182165453985 ], [ -0.24940654635429382, 46.651822114827084 ], [ -0.2494075521826744, 46.65182142439624 ], [ -0.24941157549619675, 46.65182142439624 ], [ -0.2494119107723236, 46.651821884683464 ], [ -0.24941392242908478, 46.651821884683464 ], [ -0.2494145929813385, 46.65182257511431 ], [ -0.24941526353359222, 46.651822114827084 ], [ -0.24941794574260712, 46.651822114827084 ], [ -0.2494199573993683, 46.65182142439624 ], [ -0.24942096322774887, 46.65182096410901 ], [ -0.2494216337800026, 46.65182096410901 ], [ -0.24942297488451004, 46.65182050382176 ], [ -0.24942364543676376, 46.65182004353452 ], [ -0.2494243159890175, 46.65181912296001 ], [ -0.2494243159890175, 46.65181613109277 ], [ -0.24942733347415924, 46.65181613109277 ], [ -0.24942833930253983, 46.65181659138006 ], [ -0.24942900985479355, 46.65181659138006 ], [ -0.24943001568317413, 46.651816821523695 ], [ -0.24943102151155472, 46.65181705166733 ], [ -0.24943236261606216, 46.65181728181096 ], [ -0.2494337037205696, 46.6518182023855 ], [ -0.24943538010120392, 46.65181866267276 ], [ -0.24943605065345764, 46.65181912296001 ], [ -0.24943705648183823, 46.65181935310364 ], [ -0.24944040924310684, 46.65181935310364 ], [ -0.2494417503476143, 46.65181958324727 ], [ -0.24944275617599487, 46.65182050382176 ], [ -0.2494434267282486, 46.65182096410901 ], [ -0.24944409728050232, 46.65182119425262 ], [ -0.2494461089372635, 46.65182119425262 ], [ -0.24944711476564407, 46.65182165453985 ], [ -0.2494511380791664, 46.65182165453985 ], [ -0.24945281445980072, 46.65182234497069 ], [ -0.2494538202881813, 46.65182234497069 ], [ -0.24945616722106934, 46.65182326554514 ], [ -0.24945683777332306, 46.65182326554514 ], [ -0.24945750832557678, 46.65182395597596 ], [ -0.2494581788778305, 46.65182441626318 ], [ -0.24945951998233795, 46.65182441626318 ], [ -0.24946019053459167, 46.651824876550386 ], [ -0.2494608610868454, 46.651824876550386 ], [ -0.24946186691522598, 46.65182533683759 ], [ -0.24946320801973343, 46.65182533683759 ], [ -0.249464213848114, 46.65182556698119 ], [ -0.2494652196764946, 46.651826027268385 ], [ -0.24946589022874832, 46.651826027268385 ], [ -0.24946656078100204, 46.65182648755558 ], [ -0.24946756660938263, 46.651827408129954 ], [ -0.24946890771389008, 46.65182832870432 ], [ -0.2494695782661438, 46.65182901913507 ], [ -0.24947024881839752, 46.651830169852985 ], [ -0.24947091937065125, 46.65183063014014 ], [ -0.2494712546467781, 46.651833161719445 ], [ -0.24947091937065125, 46.65183569329862 ], [ -0.24947091937065125, 46.651836613872845 ], [ -0.2494712546467781, 46.65183730430349 ], [ -0.24947326630353928, 46.65183753444704 ], [ -0.24947427213191986, 46.65183845502123 ], [ -0.24947494268417358, 46.65183845502123 ], [ -0.2494756132364273, 46.651838915308325 ], [ -0.24947628378868103, 46.651839835882484 ], [ -0.2494766190648079, 46.651840526313094 ], [ -0.2494766190648079, 46.651841216743705 ], [ -0.24947762489318848, 46.65184236746135 ], [ -0.24947762489318848, 46.65184282774841 ], [ -0.2494782954454422, 46.65184351817898 ], [ -0.24947930127382278, 46.651844208609546 ], [ -0.24947963654994965, 46.65184489904011 ], [ -0.24948030710220337, 46.65184512918363 ], [ -0.24948131293058395, 46.65184535932714 ], [ -0.24948164820671082, 46.65184581961416 ], [ -0.24948164820671082, 46.65184674018821 ], [ -0.24948198348283768, 46.65184766076224 ], [ -0.24948332458734512, 46.651848351192754 ], [ -0.24948399513959885, 46.65184927176676 ], [ -0.24948399513959885, 46.65184996219724 ], [ -0.2494843304157257, 46.65185042248424 ], [ -0.24948500096797943, 46.65185088277123 ], [ -0.2494853362441063, 46.6518515732017 ], [ -0.24948567152023315, 46.65185226363216 ], [ -0.2494853362441063, 46.6518543349235 ], [ -0.24948399513959885, 46.65185479521045 ], [ -0.2494826540350914, 46.651855715784336 ], [ -0.24948164820671082, 46.65185617607128 ], [ -0.24948131293058395, 46.65185617607128 ], [ -0.2494809776544571, 46.65185640621475 ], [ -0.2494766190648079, 46.65185640621475 ] ] ] ],
      "type" : "MultiPolygon"
    },
    "type" : "Feature",
    "properties" : {
      "confidence" : null,
      "zoom" : 20,
      "id" : "40c48989-7f39-4024-87a3-7008d1248c3c",
      "label" : "MOISISSURE"
    }
  }, {
    "geometry" : {
      "coordinates" : [ [ [ [ -0.24927008897066116, 46.651924298495324 ], [ -0.2492653951048851, 46.651924068352145 ], [ -0.24926405400037766, 46.651923838208965 ], [ -0.2492627128958702, 46.6519233779226 ], [ -0.24926137179136276, 46.65192314777942 ], [ -0.2492593601346016, 46.651922917636234 ], [ -0.24925332516431808, 46.651922917636234 ], [ -0.24925265461206436, 46.65192268749304 ], [ -0.24925265461206436, 46.65188517414065 ], [ -0.249258354306221, 46.65188517414065 ], [ -0.24926070123910904, 46.651885404284 ], [ -0.24926304817199707, 46.651885634427344 ], [ -0.2492653951048851, 46.65188609471402 ], [ -0.24926740676164627, 46.65188632485737 ], [ -0.2492697536945343, 46.651886555000715 ], [ -0.24927277117967606, 46.651886555000715 ], [ -0.2492741122841835, 46.65188701528739 ], [ -0.24927712976932526, 46.65188724543073 ], [ -0.24928316473960876, 46.65188724543073 ], [ -0.24928517639636993, 46.6518877057174 ], [ -0.24928919970989227, 46.6518877057174 ], [ -0.24929020553827286, 46.65188793586074 ], [ -0.2492915466427803, 46.6518883961474 ], [ -0.24929288774728775, 46.651889086577405 ], [ -0.24929389357566833, 46.651889777007376 ], [ -0.24929389357566833, 46.6518923085839 ], [ -0.24929355829954147, 46.651893459300474 ], [ -0.2492932230234146, 46.65189437987371 ], [ -0.24929288774728775, 46.65189507030363 ], [ -0.2492925524711609, 46.65189576073353 ], [ -0.24929221719503403, 46.65189668130673 ], [ -0.24929188191890717, 46.65189737173662 ], [ -0.2492915466427803, 46.651898062166495 ], [ -0.24929087609052658, 46.65189875259637 ], [ -0.24929087609052658, 46.65189921288294 ], [ -0.24929020553827286, 46.65190013345608 ], [ -0.24928919970989227, 46.65190082388592 ], [ -0.2492888644337654, 46.65190151431576 ], [ -0.2492871880531311, 46.65190266503212 ], [ -0.24928651750087738, 46.65190335546193 ], [ -0.24928618222475052, 46.651904276035 ], [ -0.24928618222475052, 46.651906117181085 ], [ -0.2492855116724968, 46.65190726789736 ], [ -0.24928517639636993, 46.65190864875685 ], [ -0.2492855116724968, 46.65191095018927 ], [ -0.2492855116724968, 46.65191279133512 ], [ -0.24928517639636993, 46.65191371190803 ], [ -0.24928484112024307, 46.65191463248093 ], [ -0.2492838352918625, 46.65191601334023 ], [ -0.2492828294634819, 46.65191670376987 ], [ -0.24928249418735504, 46.65191716405629 ], [ -0.24928215891122818, 46.65191785448591 ], [ -0.24928215891122818, 46.65191923534514 ], [ -0.24928148835897446, 46.65191969563154 ], [ -0.2492811530828476, 46.65192038606113 ], [ -0.24928048253059387, 46.65192084634752 ], [ -0.249280147254467, 46.651921536777095 ], [ -0.2492794767022133, 46.65192199706348 ], [ -0.24927612394094467, 46.651924068352145 ], [ -0.2492757886648178, 46.651924068352145 ], [ -0.24927545338869095, 46.651924298495324 ], [ -0.24927008897066116, 46.651924298495324 ] ] ] ],
      "type" : "MultiPolygon"
    },
    "type" : "Feature",
    "properties" : {
      "confidence" : null,
      "zoom" : 20,
      "id" : "4f460e39-be18-417d-9d7c-525a5ce0b1ba",
      "label" : "MOISISSURE"
    }
  }, {
    "geometry" : {
      "coordinates" : [ [ [ [ -0.2494504675269127, 46.65195858981821 ], [ -0.24944711476564407, 46.65195835967518 ], [ -0.24944644421339035, 46.65195812953214 ], [ -0.2494461089372635, 46.651957669246066 ], [ -0.2494461089372635, 46.65195720895999 ], [ -0.24944543838500977, 46.651956518530866 ], [ -0.24944577366113663, 46.65195398695734 ], [ -0.24944543838500977, 46.651953296528184 ], [ -0.24944476783275604, 46.65195306638511 ], [ -0.24944309145212173, 46.65195306638511 ], [ -0.2494417503476143, 46.651953296528184 ], [ -0.2494407445192337, 46.65195375681428 ], [ -0.24943973869085312, 46.65195398695734 ], [ -0.24943437427282333, 46.65195398695734 ], [ -0.24943269789218903, 46.65195444724345 ], [ -0.24942733347415924, 46.65195444724345 ], [ -0.24942196905612946, 46.65195421710039 ], [ -0.24942096322774887, 46.65195398695734 ], [ -0.2494199573993683, 46.65195352667123 ], [ -0.24941861629486084, 46.65195352667123 ], [ -0.2494172751903534, 46.651953296528184 ], [ -0.2494162693619728, 46.65195283624206 ], [ -0.24941559880971909, 46.65195283624206 ], [ -0.24941492825746536, 46.65195237595594 ], [ -0.24941425770521164, 46.65195214581288 ], [ -0.24941325187683105, 46.65195191566982 ], [ -0.24941157549619675, 46.65195168552676 ], [ -0.24941056966781616, 46.65195168552676 ], [ -0.24940956383943558, 46.651951455383696 ], [ -0.24940822273492813, 46.65195099509756 ], [ -0.24940721690654755, 46.65195076495449 ], [ -0.2494058758020401, 46.65195053481143 ], [ -0.24940352886915207, 46.65195053481143 ], [ -0.24940218776464462, 46.65195030466836 ], [ -0.24940118193626404, 46.65194984438222 ], [ -0.24940051138401031, 46.65194984438222 ], [ -0.24939950555562973, 46.65194938409608 ], [ -0.24939849972724915, 46.65194938409608 ], [ -0.24939749389886856, 46.651949153953005 ], [ -0.24939615279436111, 46.65194869366685 ], [ -0.24939514696598053, 46.65194800323762 ], [ -0.24939481168985367, 46.65194754295147 ], [ -0.24939481168985367, 46.651945931949875 ], [ -0.24939414113759995, 46.651945471663694 ], [ -0.24939414113759995, 46.65194317023275 ], [ -0.24939481168985367, 46.65194224966035 ], [ -0.24939481168985367, 46.651936956368715 ], [ -0.24939581751823425, 46.65193649608246 ], [ -0.24939615279436111, 46.65193603579621 ], [ -0.24939648807048798, 46.65193534536681 ], [ -0.24939648807048798, 46.651931202790266 ], [ -0.2493971586227417, 46.651930742503964 ], [ -0.2493971586227417, 46.6519295917882 ], [ -0.24939782917499542, 46.65192890135872 ], [ -0.24939849972724915, 46.6519284410724 ], [ -0.24939849972724915, 46.651927290356575 ], [ -0.24939917027950287, 46.651926830070245 ], [ -0.24939950555562973, 46.65192613964073 ], [ -0.24940017610788345, 46.651925679354385 ], [ -0.24940084666013718, 46.65192498892486 ], [ -0.24940084666013718, 46.651923838208965 ], [ -0.24940118193626404, 46.6519233779226 ], [ -0.24940285831689835, 46.651922227206676 ], [ -0.24940352886915207, 46.6519213066339 ], [ -0.24940386414527893, 46.65192015591793 ], [ -0.2494041994214058, 46.65191854491553 ], [ -0.2494041994214058, 46.65191532291058 ], [ -0.24940453469753265, 46.65191486262413 ], [ -0.24940621107816696, 46.65191371190803 ], [ -0.24940621107816696, 46.65191256119189 ], [ -0.24940688163042068, 46.651912100905434 ], [ -0.24940688163042068, 46.65191095018927 ], [ -0.24940352886915207, 46.65191072004603 ], [ -0.24940352886915207, 46.65190795832711 ], [ -0.24940386414527893, 46.65190680761086 ], [ -0.2494041994214058, 46.651905887037834 ], [ -0.24940486997365952, 46.65190519660805 ], [ -0.24940486997365952, 46.65190381574847 ], [ -0.24940554052591324, 46.6519028951754 ], [ -0.24940621107816696, 46.65190220474558 ], [ -0.24940688163042068, 46.651901284172475 ], [ -0.24940822273492813, 46.65190059374263 ], [ -0.24940889328718185, 46.65190036359936 ], [ -0.24941124022006989, 46.65190013345608 ], [ -0.24941559880971909, 46.65190013345608 ], [ -0.24941660463809967, 46.65190059374263 ], [ -0.2494172751903534, 46.65190059374263 ], [ -0.24941828101873398, 46.651901054029196 ], [ -0.2494199573993683, 46.651901054029196 ], [ -0.24942096322774887, 46.65190151431576 ], [ -0.24942398071289062, 46.65190151431576 ], [ -0.24942398071289062, 46.6519028951754 ], [ -0.24942532181739807, 46.65190335546193 ], [ -0.2494276687502861, 46.65190335546193 ], [ -0.24943001568317413, 46.6519035856052 ], [ -0.24943102151155472, 46.651904276035 ], [ -0.2494320273399353, 46.65190450617826 ], [ -0.24943504482507706, 46.65190450617826 ], [ -0.24943571537733078, 46.65190496646479 ], [ -0.2494363859295845, 46.65190519660805 ], [ -0.24943839758634567, 46.65190542675131 ], [ -0.24944040924310684, 46.65190542675131 ], [ -0.2494417503476143, 46.651905887037834 ], [ -0.249442420899868, 46.65190634732434 ], [ -0.2494434267282486, 46.65190657746759 ], [ -0.24944409728050232, 46.65190657746759 ], [ -0.24944543838500977, 46.65190680761086 ], [ -0.2494461089372635, 46.6519070377541 ], [ -0.24944711476564407, 46.65190749804061 ], [ -0.24944879114627838, 46.65190841861361 ], [ -0.24945080280303955, 46.65190956932983 ], [ -0.2494511380791664, 46.65191048990279 ], [ -0.24945180863142014, 46.65191095018927 ], [ -0.24945951998233795, 46.65191095018927 ], [ -0.2494598552584648, 46.65191164061897 ], [ -0.2494598552584648, 46.65191486262413 ], [ -0.24946019053459167, 46.65191555305379 ], [ -0.2494608610868454, 46.65191601334023 ], [ -0.24946119636297226, 46.651916473626656 ], [ -0.24946153163909912, 46.65191716405629 ], [ -0.24946153163909912, 46.65191762434271 ], [ -0.24946220219135284, 46.65191831477233 ], [ -0.24946220219135284, 46.65192038606113 ], [ -0.2494625374674797, 46.65192084634752 ], [ -0.249464213848114, 46.65192199706348 ], [ -0.24946488440036774, 46.65192268749304 ], [ -0.24946488440036774, 46.6519263697839 ], [ -0.24946454912424088, 46.65192798078608 ], [ -0.249464213848114, 46.6519295917882 ], [ -0.24946387857198715, 46.65193005207451 ], [ -0.24946387857198715, 46.651930742503964 ], [ -0.24946454912424088, 46.65193166307657 ], [ -0.24946454912424088, 46.65193672622559 ], [ -0.249464213848114, 46.65193764679809 ], [ -0.24946387857198715, 46.651938107084334 ], [ -0.24946320801973343, 46.65193856737057 ], [ -0.24946287274360657, 46.65193925779993 ], [ -0.24946287274360657, 46.65194086880172 ], [ -0.2494625374674797, 46.65194201951724 ], [ -0.24946220219135284, 46.65194270994655 ], [ -0.24946153163909912, 46.65194363051895 ], [ -0.24946019053459167, 46.65194455109133 ], [ -0.24945951998233795, 46.65194524152061 ], [ -0.24945951998233795, 46.65194570180678 ], [ -0.24945884943008423, 46.651946622379135 ], [ -0.24945717304944992, 46.65194777309455 ], [ -0.24945717304944992, 46.6519482333807 ], [ -0.2494565024971962, 46.651948923809925 ], [ -0.2494565024971962, 46.65195053481143 ], [ -0.24945583194494247, 46.65195122524063 ], [ -0.24945583194494247, 46.65195283624206 ], [ -0.2494548261165619, 46.65195352667123 ], [ -0.24945449084043503, 46.65195421710039 ], [ -0.24945449084043503, 46.65195582810172 ], [ -0.24945415556430817, 46.65195743910302 ], [ -0.24945348501205444, 46.65195812953214 ], [ -0.24945314973592758, 46.65195858981821 ], [ -0.2494504675269127, 46.65195858981821 ] ] ] ],
      "type" : "MultiPolygon"
    },
    "type" : "Feature",
    "properties" : {
      "confidence" : null,
      "zoom" : 20,
      "id" : "05b64a3a-4603-40f3-a7d4-3a0a95e08a6d",
      "label" : "MOISISSURE"
    }
  }, {
    "geometry" : {
      "coordinates" : [ [ [ [ -0.24958256632089615, 46.65201060211879 ], [ -0.24958256632089615, 46.652007610262146 ], [ -0.24958189576864243, 46.652006459548005 ], [ -0.24958156049251556, 46.65200553897668 ], [ -0.24958156049251556, 46.65200346769114 ], [ -0.2495822310447693, 46.652003007405455 ], [ -0.24958256632089615, 46.65200254711977 ], [ -0.24958256632089615, 46.652001856691214 ], [ -0.249582901597023, 46.65200139640551 ], [ -0.2495839074254036, 46.65200070597695 ], [ -0.2495839074254036, 46.65200024569125 ], [ -0.24958424270153046, 46.65199955526268 ], [ -0.24958491325378418, 46.651998864834084 ], [ -0.24958591908216476, 46.6519981744055 ], [ -0.24958625435829163, 46.6519974839769 ], [ -0.24958692491054535, 46.651997023691166 ], [ -0.2495872601866722, 46.651996333262545 ], [ -0.24958893656730652, 46.65199518254817 ], [ -0.24958960711956024, 46.65199495240529 ], [ -0.24959061294794083, 46.651994722262415 ], [ -0.24959329515695572, 46.651994722262415 ], [ -0.2495943009853363, 46.65199426197665 ], [ -0.24959564208984375, 46.65199426197665 ], [ -0.24959564208984375, 46.652007610262146 ], [ -0.24959396570920944, 46.652007610262146 ], [ -0.24959295988082886, 46.6520071499765 ], [ -0.24959228932857513, 46.6520071499765 ], [ -0.2495909482240677, 46.65200738011933 ], [ -0.2495909482240677, 46.65200830069062 ], [ -0.24959027767181396, 46.652008760976265 ], [ -0.24958893656730652, 46.652008760976265 ], [ -0.24958793073892593, 46.65200899111908 ], [ -0.2495872601866722, 46.6520092212619 ], [ -0.24958625435829163, 46.652010141833166 ], [ -0.2495855838060379, 46.65201060211879 ], [ -0.24958256632089615, 46.65201060211879 ] ] ] ],
      "type" : "MultiPolygon"
    },
    "type" : "Feature",
    "properties" : {
      "confidence" : null,
      "zoom" : 20,
      "id" : "05f59462-febe-4c57-b5af-c7c0d1507022",
      "label" : "MOISISSURE"
    }
  }, {
    "geometry" : {
      "coordinates" : [ [ [ [ -0.2493743598461151, 46.65202855325517 ], [ -0.24937335401773453, 46.65202855325517 ], [ -0.2493394911289215, 46.65202855325517 ], [ -0.24933882057666779, 46.65202832311244 ], [ -0.24933647364377975, 46.65202671211325 ], [ -0.24933580309152603, 46.65202648197051 ], [ -0.24933446198701859, 46.65202625182776 ], [ -0.24933379143476486, 46.65202625182776 ], [ -0.24933245033025742, 46.652025791542265 ], [ -0.24933110922574997, 46.65202487097127 ], [ -0.2493307739496231, 46.65202210925818 ], [ -0.2493307739496231, 46.6520198078305 ], [ -0.24933144450187683, 46.65201934754495 ], [ -0.2493317797780037, 46.65201865711663 ], [ -0.2493317797780037, 46.652017506402714 ], [ -0.24933245033025742, 46.65201635568879 ], [ -0.249333456158638, 46.652016125546 ], [ -0.24933412671089172, 46.65201566526043 ], [ -0.24933446198701859, 46.652014744689254 ], [ -0.24933446198701859, 46.65201106240441 ], [ -0.24933479726314545, 46.652010371975976 ], [ -0.24933546781539917, 46.65200968154753 ], [ -0.24933580309152603, 46.652008760976265 ], [ -0.24933580309152603, 46.65200691983367 ], [ -0.2493361383676529, 46.65200576911951 ], [ -0.24933647364377975, 46.65200530883385 ], [ -0.24933747947216034, 46.652004618405336 ], [ -0.2493378147482872, 46.65200323754829 ], [ -0.24933815002441406, 46.65200116626266 ], [ -0.24933815002441406, 46.65199794426263 ], [ -0.24933848530054092, 46.651996793548285 ], [ -0.24933882057666779, 46.6519958729768 ], [ -0.2493394911289215, 46.651994722262415 ], [ -0.24933982640504837, 46.65199380169088 ], [ -0.24934016168117523, 46.651992881119334 ], [ -0.24934016168117523, 46.65199150026199 ], [ -0.2493404969573021, 46.65199034954752 ], [ -0.24934116750955582, 46.65198965911882 ], [ -0.24934116750955582, 46.6519887385472 ], [ -0.24934183806180954, 46.65198804811848 ], [ -0.2493421733379364, 46.651987357689755 ], [ -0.24934250861406326, 46.65198666726102 ], [ -0.24934250861406326, 46.65198597683227 ], [ -0.24934284389019012, 46.65198505626059 ], [ -0.24934351444244385, 46.65198436583183 ], [ -0.2493438497185707, 46.651983675403045 ], [ -0.24934418499469757, 46.65198275483134 ], [ -0.24934452027082443, 46.65198206440254 ], [ -0.2493448555469513, 46.65198137397373 ], [ -0.2493448555469513, 46.65198068354492 ], [ -0.24934519082307816, 46.651979532830204 ], [ -0.24934552609920502, 46.65197884240136 ], [ -0.24934586137533188, 46.65197815197253 ], [ -0.2493465319275856, 46.651977231400714 ], [ -0.24934988468885422, 46.651977001257755 ], [ -0.2493508905172348, 46.6519767711148 ], [ -0.24935156106948853, 46.65197631082889 ], [ -0.2493518963456154, 46.651974009399254 ], [ -0.2493518963456154, 46.651973088827376 ], [ -0.24935156106948853, 46.651971017540596 ], [ -0.2493508905172348, 46.65197009696866 ], [ -0.2493508905172348, 46.65196641468078 ], [ -0.24935122579336166, 46.65196526396577 ], [ -0.2493518963456154, 46.65196457353675 ], [ -0.24935223162174225, 46.65196365296472 ], [ -0.24935223162174225, 46.65196250224963 ], [ -0.2493525668978691, 46.65196135153453 ], [ -0.24935323745012283, 46.65196043096244 ], [ -0.2493535727262497, 46.65195951039033 ], [ -0.2493535727262497, 46.65195697881695 ], [ -0.24935390800237656, 46.65195559795869 ], [ -0.24935424327850342, 46.65195490752954 ], [ -0.24935457855463028, 46.65195398695734 ], [ -0.24935558438301086, 46.65195283624206 ], [ -0.24935558438301086, 46.65195237595594 ], [ -0.2493562549352646, 46.65195168552676 ], [ -0.2493562549352646, 46.65195099509756 ], [ -0.24935659021139145, 46.65195053481143 ], [ -0.2493579313158989, 46.65194961423914 ], [ -0.24935927242040634, 46.651949153953005 ], [ -0.24936161935329437, 46.651948923809925 ], [ -0.24936530739068985, 46.651948923809925 ], [ -0.24936597794294357, 46.65194938409608 ], [ -0.2493666484951973, 46.65194961423914 ], [ -0.24936731904745102, 46.65194961423914 ], [ -0.24936966598033905, 46.65195053481143 ], [ -0.24937067180871964, 46.65195076495449 ], [ -0.24937201291322708, 46.65195099509756 ], [ -0.24937301874160767, 46.65195099509756 ], [ -0.24937402456998825, 46.65195122524063 ], [ -0.2493753656744957, 46.651951455383696 ], [ -0.24937603622674942, 46.65195168552676 ], [ -0.24937704205513, 46.65195237595594 ], [ -0.2493780478835106, 46.651952606099 ], [ -0.2493787184357643, 46.65195306638511 ], [ -0.24938106536865234, 46.65195421710039 ], [ -0.24938106536865234, 46.65195467738649 ], [ -0.24938173592090607, 46.65195536781563 ], [ -0.24938374757766724, 46.65195559795869 ], [ -0.24938441812992096, 46.651956058244785 ], [ -0.24938508868217468, 46.651956288387815 ], [ -0.2493857592344284, 46.651956288387815 ], [ -0.24938642978668213, 46.6519567486739 ], [ -0.24938710033893585, 46.6519567486739 ], [ -0.24938810616731644, 46.65195720895999 ], [ -0.24938877671957016, 46.65195720895999 ], [ -0.24938944727182388, 46.65195743910302 ], [ -0.2493901178240776, 46.6519578993891 ], [ -0.24939078837633133, 46.6519578993891 ], [ -0.24939313530921936, 46.65195881996124 ], [ -0.24939414113759995, 46.65195881996124 ], [ -0.24939481168985367, 46.65195905010427 ], [ -0.2493954822421074, 46.65195951039033 ], [ -0.24939682334661484, 46.651959970676394 ], [ -0.24939816445112228, 46.65196020081942 ], [ -0.24939950555562973, 46.65196020081942 ], [ -0.2494015172123909, 46.65196043096244 ], [ -0.24940252304077148, 46.65196066110546 ], [ -0.24940352886915207, 46.65196135153453 ], [ -0.24940554052591324, 46.65196135153453 ], [ -0.24940688163042068, 46.65196158167756 ], [ -0.24940788745880127, 46.65196181182058 ], [ -0.24940922856330872, 46.6519620419636 ], [ -0.2494102343916893, 46.651962272106616 ], [ -0.24941157549619675, 46.65196273239265 ], [ -0.24941224604845047, 46.65196273239265 ], [ -0.24941325187683105, 46.65196319267868 ], [ -0.24941861629486084, 46.65196319267868 ], [ -0.24942029267549515, 46.65196388310772 ], [ -0.2494233101606369, 46.65196388310772 ], [ -0.24942398071289062, 46.651964113250735 ], [ -0.24942398071289062, 46.65196457353675 ], [ -0.24942666292190552, 46.65196503382276 ], [ -0.2494293451309204, 46.65196503382276 ], [ -0.249430350959301, 46.65196526396577 ], [ -0.2494320273399353, 46.651965724251774 ], [ -0.24943336844444275, 46.651965954394775 ], [ -0.24943437427282333, 46.651965954394775 ], [ -0.2494363859295845, 46.651965724251774 ], [ -0.24943839758634567, 46.65196457353675 ], [ -0.2494390681385994, 46.651964113250735 ], [ -0.24943940341472626, 46.6519634228217 ], [ -0.24944208562374115, 46.6519634228217 ], [ -0.24944275617599487, 46.65196296253566 ], [ -0.24944275617599487, 46.65196250224963 ], [ -0.24944577366113663, 46.65196250224963 ], [ -0.24944644421339035, 46.65196273239265 ], [ -0.2494467794895172, 46.65196365296472 ], [ -0.24944845587015152, 46.651965724251774 ], [ -0.24944879114627838, 46.65196664482378 ], [ -0.24944879114627838, 46.65196733525277 ], [ -0.24944979697465897, 46.65196848596775 ], [ -0.24945013225078583, 46.65196917639672 ], [ -0.24945013225078583, 46.65197170796953 ], [ -0.24945013225078583, 46.651972398398456 ], [ -0.24945013225078583, 46.651973088827376 ], [ -0.24945080280303955, 46.65197377925629 ], [ -0.24945147335529327, 46.65197423954223 ], [ -0.249452143907547, 46.65197423954223 ], [ -0.24945247918367386, 46.65197792182958 ], [ -0.2494511380791664, 46.65197838211548 ], [ -0.24945013225078583, 46.651979072544314 ], [ -0.24944979697465897, 46.651979532830204 ], [ -0.24944979697465897, 46.65197999311609 ], [ -0.24944979697465897, 46.65198068354492 ], [ -0.24944979697465897, 46.65198298497426 ], [ -0.2494494616985321, 46.651985286403516 ], [ -0.24944912642240524, 46.65198758783266 ], [ -0.24944879114627838, 46.65198804811848 ], [ -0.2494461089372635, 46.65198988926171 ], [ -0.24944543838500977, 46.65199057969042 ], [ -0.24944543838500977, 46.6519910399762 ], [ -0.24944309145212173, 46.651991270119105 ], [ -0.249442420899868, 46.651991730404895 ], [ -0.24944208562374115, 46.65199219069068 ], [ -0.24944208562374115, 46.65199334140512 ], [ -0.24944141507148743, 46.65199403183377 ], [ -0.24944107979536057, 46.651994722262415 ], [ -0.24944107979536057, 46.65199541269104 ], [ -0.24944208562374115, 46.651995642833924 ], [ -0.24944208562374115, 46.6519974839769 ], [ -0.24944107979536057, 46.6519981744055 ], [ -0.2494407445192337, 46.651998864834084 ], [ -0.24944007396697998, 46.651999785405536 ], [ -0.24943973869085312, 46.65200116626266 ], [ -0.24943973869085312, 46.652003007405455 ], [ -0.2494380623102188, 46.65200530883385 ], [ -0.2494363859295845, 46.652006459548005 ], [ -0.24943538010120392, 46.652006689690836 ], [ -0.24943437427282333, 46.65200738011933 ], [ -0.24943403899669647, 46.652008070547794 ], [ -0.24943336844444275, 46.65200853083344 ], [ -0.24943269789218903, 46.652008760976265 ], [ -0.24943102151155472, 46.652008760976265 ], [ -0.24942968040704727, 46.65200899111908 ], [ -0.2494286745786667, 46.65200968154753 ], [ -0.24942900985479355, 46.652010371975976 ], [ -0.24942968040704727, 46.6520108322616 ], [ -0.24943001568317413, 46.652011522690024 ], [ -0.24943001568317413, 46.652011982975644 ], [ -0.24943068623542786, 46.652012673404066 ], [ -0.24943269789218903, 46.65201290354687 ], [ -0.24943269789218903, 46.65201497483204 ], [ -0.24943236261606216, 46.65202049825881 ], [ -0.2494320273399353, 46.65202164897265 ], [ -0.2494320273399353, 46.65202233940095 ], [ -0.2494320273399353, 46.652024410685755 ], [ -0.24943135678768158, 46.65202533125677 ], [ -0.24943135678768158, 46.65202855325517 ], [ -0.2493743598461151, 46.65202855325517 ] ] ] ],
      "type" : "MultiPolygon"
    },
    "type" : "Feature",
    "properties" : {
      "confidence" : null,
      "zoom" : 20,
      "id" : "136c6985-2d20-4fc6-9edd-f2b76526be0a",
      "label" : "MOISISSURE"
    }
  }, {
    "geometry" : {
      "coordinates" : [ [ [ [ -0.2495735138654709, 46.65202855325517 ], [ -0.2495735138654709, 46.65202717239874 ], [ -0.24957384914159775, 46.652025791542265 ], [ -0.24957485496997833, 46.65202487097127 ], [ -0.2495785430073738, 46.65202487097127 ], [ -0.24957988411188126, 46.652025791542265 ], [ -0.24957988411188126, 46.65202625182776 ], [ -0.24958021938800812, 46.65202671211325 ], [ -0.2495812252163887, 46.65202740254148 ], [ -0.2495822310447693, 46.652027632684224 ], [ -0.2495822310447693, 46.65202855325517 ], [ -0.2495735138654709, 46.65202855325517 ] ] ] ],
      "type" : "MultiPolygon"
    },
    "type" : "Feature",
    "properties" : {
      "confidence" : null,
      "zoom" : 20,
      "id" : "ae06e4b3-561d-46b1-adaa-1bc2d1388029",
      "label" : "MOISISSURE"
    }
  }, {
    "geometry" : {
      "coordinates" : [ [ [ [ -0.24941157549619675, 46.65168955194275 ], [ -0.24941157549619675, 46.65168702035674 ], [ -0.2494129166007042, 46.65168632992417 ], [ -0.2494129166007042, 46.65168563949158 ], [ -0.24941392242908478, 46.65168540934739 ], [ -0.24941526353359222, 46.651684949058996 ], [ -0.24941492825746536, 46.65168402848219 ], [ -0.24941492825746536, 46.65168172704012 ], [ -0.24941559880971909, 46.6516812667517 ], [ -0.2494162693619728, 46.651681036607485 ], [ -0.24942029267549515, 46.651681036607485 ], [ -0.24942129850387573, 46.65168149689591 ], [ -0.24942364543676376, 46.65168149689591 ], [ -0.24942364543676376, 46.651684258626396 ], [ -0.2494233101606369, 46.651684718914794 ], [ -0.2494216337800026, 46.65168517920319 ], [ -0.24942029267549515, 46.65168517920319 ], [ -0.24941928684711456, 46.65168586963577 ], [ -0.24941861629486084, 46.65168632992417 ], [ -0.24941861629486084, 46.65168748064511 ], [ -0.24941794574260712, 46.651688171077666 ], [ -0.24941794574260712, 46.6516890916544 ], [ -0.2494172751903534, 46.65168932179858 ], [ -0.2494162693619728, 46.65168955194275 ], [ -0.24941157549619675, 46.65168955194275 ] ] ] ],
      "type" : "MultiPolygon"
    },
    "type" : "Feature",
    "properties" : {
      "confidence" : null,
      "zoom" : 20,
      "id" : "78a74e0c-d2b7-4ae5-96a5-e1900adc5fc6",
      "label" : "MOISISSURE"
    }
  }, {
    "geometry" : {
      "coordinates" : [ [ [ [ -0.2493606135249138, 46.651588288409435 ], [ -0.24936027824878693, 46.65158782812022 ], [ -0.2493596076965332, 46.65158690754177 ], [ -0.24935893714427948, 46.65158644725253 ], [ -0.24935290217399597, 46.65158644725253 ], [ -0.24935290217399597, 46.65158460609557 ], [ -0.24935390800237656, 46.65158460609557 ], [ -0.24935390800237656, 46.65158391566169 ], [ -0.24935290217399597, 46.65158299508317 ], [ -0.2493518963456154, 46.65158598696329 ], [ -0.24935156106948853, 46.65158644725253 ], [ -0.2493508905172348, 46.65158644725253 ], [ -0.24935021996498108, 46.65158690754177 ], [ -0.24934619665145874, 46.65158690754177 ], [ -0.24934619665145874, 46.65158414580631 ], [ -0.2493475377559662, 46.65158391566169 ], [ -0.2493482083082199, 46.65158299508317 ], [ -0.24934988468885422, 46.65158299508317 ], [ -0.24935021996498108, 46.65158023334751 ], [ -0.2493508905172348, 46.65157977305822 ], [ -0.2493508905172348, 46.65157931276893 ], [ -0.24935290217399597, 46.651579082624274 ], [ -0.24935390800237656, 46.65157862233498 ], [ -0.24935491383075714, 46.65157862233498 ], [ -0.2493562549352646, 46.65157816204568 ], [ -0.2493569254875183, 46.651577701756366 ], [ -0.2493569254875183, 46.651576781177745 ], [ -0.24935558438301086, 46.65157609074377 ], [ -0.24935591965913773, 46.65157355915243 ], [ -0.24935591965913773, 46.651572178284376 ], [ -0.24935558438301086, 46.65156826582472 ], [ -0.24935591965913773, 46.65156757539063 ], [ -0.24935659021139145, 46.65156688495653 ], [ -0.24935659021139145, 46.651566194522424 ], [ -0.2493579313158989, 46.6515652739436 ], [ -0.24935860186815262, 46.6515652739436 ], [ -0.24935927242040634, 46.6515650437989 ], [ -0.2493596076965332, 46.65156412322006 ], [ -0.24936027824878693, 46.65156389307534 ], [ -0.24936027824878693, 46.65156274235177 ], [ -0.24936094880104065, 46.65156205191761 ], [ -0.2493612840771675, 46.651561591628166 ], [ -0.24936530739068985, 46.651561591628166 ], [ -0.24936597794294357, 46.65156136148344 ], [ -0.24936698377132416, 46.651560901193996 ], [ -0.24936798959970474, 46.65156044090454 ], [ -0.24936866015195847, 46.651559980615076 ], [ -0.24936899542808533, 46.65155929018089 ], [ -0.24936899542808533, 46.65155790931247 ], [ -0.24936966598033905, 46.651557449022995 ], [ -0.2493840828537941, 46.65155767916773 ], [ -0.24938441812992096, 46.65155813945721 ], [ -0.24938441812992096, 46.651558599746686 ], [ -0.24938710033893585, 46.651559060036156 ], [ -0.24938810616731644, 46.65155952032562 ], [ -0.24938810616731644, 46.65156113133872 ], [ -0.24938877671957016, 46.65156182177288 ], [ -0.24938911199569702, 46.65156274235177 ], [ -0.24938911199569702, 46.6515652739436 ], [ -0.24938978254795074, 46.65156642466713 ], [ -0.2493901178240776, 46.65156780553532 ], [ -0.24938978254795074, 46.65157010698224 ], [ -0.24938978254795074, 46.65157102756098 ], [ -0.2493901178240776, 46.65157332900776 ], [ -0.24939078837633133, 46.65157378929711 ], [ -0.24939078837633133, 46.65157447973112 ], [ -0.24939145892858505, 46.65157494002045 ], [ -0.24939179420471191, 46.651575400309774 ], [ -0.24939179420471191, 46.65157724146706 ], [ -0.24939078837633133, 46.65157793190103 ], [ -0.24939078837633133, 46.65157931276893 ], [ -0.2493901178240776, 46.65157977305822 ], [ -0.24938911199569702, 46.65158023334751 ], [ -0.24938475340604782, 46.65158000320287 ], [ -0.24938207119703293, 46.65158023334751 ], [ -0.24938173592090607, 46.65158276493854 ], [ -0.2493830770254135, 46.65158299508317 ], [ -0.2493830770254135, 46.65158483624019 ], [ -0.24938173592090607, 46.65158506638481 ], [ -0.24937838315963745, 46.65158483624019 ], [ -0.24937737733125687, 46.65158483624019 ], [ -0.24937603622674942, 46.65158506638481 ], [ -0.24937503039836884, 46.651585526674054 ], [ -0.2493743598461151, 46.651585526674054 ], [ -0.2493736892938614, 46.65158575681868 ], [ -0.24937301874160767, 46.65158621710792 ], [ -0.2493710070848465, 46.65158644725253 ], [ -0.24936866015195847, 46.65158644725253 ], [ -0.24936765432357788, 46.65158713768638 ], [ -0.24936597794294357, 46.65158713768638 ], [ -0.249364972114563, 46.65158736783099 ], [ -0.2493639662861824, 46.65158782812022 ], [ -0.24936329573392868, 46.651588288409435 ], [ -0.2493606135249138, 46.651588288409435 ] ] ] ],
      "type" : "MultiPolygon"
    },
    "type" : "Feature",
    "properties" : {
      "confidence" : null,
      "zoom" : 20,
      "id" : "93cc1363-256c-4155-b3d8-dc3accb7f2b1",
      "label" : "MOISISSURE"
    }
  }, {
    "geometry" : {
      "coordinates" : [ [ [ [ -0.24929925799369812, 46.651641681932446 ], [ -0.2492975816130638, 46.651640301066145 ], [ -0.24929657578468323, 46.65164007092175 ], [ -0.2492959052324295, 46.651639840777364 ], [ -0.2492959052324295, 46.65163592832259 ], [ -0.2492985874414444, 46.65163569817819 ], [ -0.24929959326982498, 46.651635468033774 ], [ -0.24930059909820557, 46.651635007744964 ], [ -0.24930495768785477, 46.651635007744964 ], [ -0.24930596351623535, 46.65163523788937 ], [ -0.24930663406848907, 46.651635468033774 ], [ -0.2493073046207428, 46.65163592832259 ], [ -0.24930763989686966, 46.65163638861141 ], [ -0.2493073046207428, 46.65163845991101 ], [ -0.2493062987923622, 46.6516389201998 ], [ -0.2493062987923622, 46.65164007092175 ], [ -0.24930596351623535, 46.65164076135491 ], [ -0.2493056282401085, 46.651641221643686 ], [ -0.2493029460310936, 46.651641681932446 ], [ -0.24929925799369812, 46.651641681932446 ] ] ] ],
      "type" : "MultiPolygon"
    },
    "type" : "Feature",
    "properties" : {
      "confidence" : null,
      "zoom" : 20,
      "id" : "06229587-4155-4c9d-b89e-ef024d9d292e",
      "label" : "MOISISSURE"
    }
  }, {
    "geometry" : {
      "coordinates" : [ [ [ [ -0.24931970983743668, 46.65164536424244 ], [ -0.24931903928518295, 46.651644673809336 ], [ -0.2493176981806755, 46.651644213520605 ], [ -0.24931635707616806, 46.651644213520605 ], [ -0.24931635707616806, 46.651643753231845 ], [ -0.24931568652391434, 46.651643292943106 ], [ -0.24931501597166061, 46.651643292943106 ], [ -0.2493143454194069, 46.65164306279873 ], [ -0.24931367486715317, 46.65164260250997 ], [ -0.249311663210392, 46.65164260250997 ], [ -0.2493106573820114, 46.65164237236559 ], [ -0.2493099868297577, 46.65164191207684 ], [ -0.24930965155363083, 46.651639840777364 ], [ -0.24930965155363083, 46.65163707904462 ], [ -0.24931032210588455, 46.65163661875581 ], [ -0.24931099265813828, 46.65163661875581 ], [ -0.249311663210392, 46.651636158467 ], [ -0.24931535124778748, 46.651636158467 ], [ -0.24931568652391434, 46.65163707904462 ], [ -0.24931669235229492, 46.65163707904462 ], [ -0.2493203803896904, 46.65163707904462 ], [ -0.24932138621807098, 46.65163661875581 ], [ -0.24932272732257843, 46.65163661875581 ], [ -0.24932373315095901, 46.651636158467 ], [ -0.24932708591222763, 46.651636158467 ], [ -0.24932775646448135, 46.65163661875581 ], [ -0.24932842701673508, 46.65163684890021 ], [ -0.24932943284511566, 46.65163684890021 ], [ -0.24932943284511566, 46.65163869005541 ], [ -0.2493290975689888, 46.65164007092175 ], [ -0.24932842701673508, 46.65164053121054 ], [ -0.24932675063610077, 46.65164214222121 ], [ -0.2493264153599739, 46.65164283265435 ], [ -0.2493247389793396, 46.651643753231845 ], [ -0.24932440370321274, 46.65164444366497 ], [ -0.24932339787483215, 46.651645134098075 ], [ -0.2493230625987053, 46.651645134098075 ], [ -0.24932272732257843, 46.65164536424244 ], [ -0.24931970983743668, 46.65164536424244 ] ] ] ],
      "type" : "MultiPolygon"
    },
    "type" : "Feature",
    "properties" : {
      "confidence" : null,
      "zoom" : 20,
      "id" : "8378fe44-c810-4aa3-8b4f-8a5021fe175e",
      "label" : "MOISISSURE"
    }
  }, {
    "geometry" : {
      "coordinates" : [ [ [ [ -0.2492985874414444, 46.65167114040535 ], [ -0.2492975816130638, 46.65167068011683 ], [ -0.2492969110608101, 46.65167068011683 ], [ -0.24929624050855637, 46.65167044997256 ], [ -0.24929523468017578, 46.651669989684045 ], [ -0.2492942288517952, 46.65166952939553 ], [ -0.24929389357566833, 46.65166860881846 ], [ -0.24929355829954147, 46.65166722795284 ], [ -0.24929355829954147, 46.65166515665434 ], [ -0.2492942288517952, 46.65166469636578 ], [ -0.2492942288517952, 46.65166423607721 ], [ -0.24929556995630264, 46.651662625067175 ], [ -0.2492959052324295, 46.651661474345694 ], [ -0.2492959052324295, 46.65166101405709 ], [ -0.24929523468017578, 46.65166009347989 ], [ -0.24929523468017578, 46.65165802218112 ], [ -0.24929657578468323, 46.6516577920368 ], [ -0.24929724633693695, 46.65165733174818 ], [ -0.2492975816130638, 46.65165664131522 ], [ -0.2492975816130638, 46.651655260449296 ], [ -0.24929791688919067, 46.65165480016064 ], [ -0.24930093437433243, 46.65165480016064 ], [ -0.24930261075496674, 46.651655030304966 ], [ -0.24930395185947418, 46.65165549059362 ], [ -0.24930797517299652, 46.65165549059362 ], [ -0.24930931627750397, 46.65165664131522 ], [ -0.2493106573820114, 46.65165664131522 ], [ -0.24931266903877258, 46.65165733174818 ], [ -0.2493133395910263, 46.6516577920368 ], [ -0.24931401014328003, 46.65165871261405 ], [ -0.2493143454194069, 46.6516603236242 ], [ -0.2493143454194069, 46.65166308535576 ], [ -0.24931401014328003, 46.65166354564434 ], [ -0.24931367486715317, 46.65166400593292 ], [ -0.24931266903877258, 46.65166423607721 ], [ -0.249311663210392, 46.65166492651006 ], [ -0.24931099265813828, 46.65166492651006 ], [ -0.24931032210588455, 46.65166538679862 ], [ -0.2493099868297577, 46.65166584708718 ], [ -0.2493099868297577, 46.65166653752002 ], [ -0.24930965155363083, 46.65166699780857 ], [ -0.2493089810013771, 46.65166745809711 ], [ -0.24930763989686966, 46.65166768824138 ], [ -0.2493073046207428, 46.651668378674195 ], [ -0.24930529296398163, 46.651669989684045 ], [ -0.2493046224117279, 46.65167044997256 ], [ -0.24930395185947418, 46.65167068011683 ], [ -0.24930261075496674, 46.65167091026109 ], [ -0.24930160492658615, 46.65167114040535 ], [ -0.2492985874414444, 46.65167114040535 ] ] ] ],
      "type" : "MultiPolygon"
    },
    "type" : "Feature",
    "properties" : {
      "confidence" : null,
      "zoom" : 20,
      "id" : "82864977-5a45-4e3c-a295-44d5598c479d",
      "label" : "MOISISSURE"
    }
  }, {
    "geometry" : {
      "coordinates" : [ [ [ [ -0.24931132793426514, 46.65168333804958 ], [ -0.2493073046207428, 46.65168310790538 ], [ -0.24930663406848907, 46.651682647616965 ], [ -0.2493046224117279, 46.651682647616965 ], [ -0.24930395185947418, 46.65168218732854 ], [ -0.24930261075496674, 46.651682647616965 ], [ -0.24929992854595184, 46.651682647616965 ], [ -0.24929892271757126, 46.65168218732854 ], [ -0.24929825216531754, 46.65168195718433 ], [ -0.24929825216531754, 46.65168149689591 ], [ -0.2492969110608101, 46.65168057631905 ], [ -0.24929624050855637, 46.651679425597955 ], [ -0.24929556995630264, 46.65167896530951 ], [ -0.24929556995630264, 46.65167712415569 ], [ -0.2492985874414444, 46.65167712415569 ], [ -0.24929992854595184, 46.65167597343452 ], [ -0.24930059909820557, 46.65167574329028 ], [ -0.2493012696504593, 46.65167574329028 ], [ -0.24930160492658615, 46.65167528300181 ], [ -0.24931367486715317, 46.65167528300181 ], [ -0.24931367486715317, 46.65167620357876 ], [ -0.24931468069553375, 46.65167689401146 ], [ -0.24931568652391434, 46.65167712415569 ], [ -0.24931669235229492, 46.65167781458838 ], [ -0.24931836873292923, 46.65167873516529 ], [ -0.2493203803896904, 46.65167873516529 ], [ -0.24932105094194412, 46.65167896530951 ], [ -0.24932138621807098, 46.651681036607485 ], [ -0.2493187040090561, 46.651681036607485 ], [ -0.24931736290454865, 46.65168149689591 ], [ -0.24931702762842178, 46.65168218732854 ], [ -0.24931669235229492, 46.65168287776117 ], [ -0.24931635707616806, 46.65168333804958 ], [ -0.24931132793426514, 46.65168333804958 ] ] ] ],
      "type" : "MultiPolygon"
    },
    "type" : "Feature",
    "properties" : {
      "confidence" : null,
      "zoom" : 20,
      "id" : "17bbc732-2abb-49df-82b7-be100d4be2e0",
      "label" : "MOISISSURE"
    }
  }, {
    "geometry" : {
      "coordinates" : [ [ [ [ -0.24936698377132416, 46.65168632992417 ], [ -0.24936530739068985, 46.65168517920319 ], [ -0.24936463683843613, 46.651684949058996 ], [ -0.24936329573392868, 46.651684718914794 ], [ -0.2493612840771675, 46.651684718914794 ], [ -0.2493606135249138, 46.65168448877059 ], [ -0.24935994297266006, 46.65168379833799 ], [ -0.24935860186815262, 46.65168310790538 ], [ -0.24935860186815262, 46.6516812667517 ], [ -0.2493596076965332, 46.65168057631905 ], [ -0.2493596076965332, 46.65167965574218 ], [ -0.24935893714427948, 46.65167873516529 ], [ -0.24935893714427948, 46.651675513146046 ], [ -0.2493596076965332, 46.65167528300181 ], [ -0.24935759603977203, 46.65167505285757 ], [ -0.2493569254875183, 46.65167436242484 ], [ -0.24935591965913773, 46.65167344184787 ], [ -0.24935457855463028, 46.651672291126616 ], [ -0.24935457855463028, 46.651669759539786 ], [ -0.24935491383075714, 46.65166929925125 ], [ -0.249355249106884, 46.65166860881846 ], [ -0.2493562549352646, 46.651668378674195 ], [ -0.24935726076364517, 46.65166768824138 ], [ -0.24935759603977203, 46.65166676766429 ], [ -0.24936027824878693, 46.65166676766429 ], [ -0.24936195462942123, 46.65166653752002 ], [ -0.24936296045780182, 46.65166607723146 ], [ -0.24936463683843613, 46.65166607723146 ], [ -0.2493656426668167, 46.65166538679862 ], [ -0.24936798959970474, 46.65166515665434 ], [ -0.24937033653259277, 46.65166515665434 ], [ -0.24937067180871964, 46.65166423607721 ], [ -0.24937737733125687, 46.65166423607721 ], [ -0.24937737733125687, 46.65166584708718 ], [ -0.24937771260738373, 46.65166653752002 ], [ -0.2493787184357643, 46.65166722795284 ], [ -0.24937938898801804, 46.65166745809711 ], [ -0.24938173592090607, 46.65166745809711 ], [ -0.24938207119703293, 46.65166791838566 ], [ -0.24938374757766724, 46.65166814852992 ], [ -0.24938441812992096, 46.65166883896272 ], [ -0.24938911199569702, 46.65166883896272 ], [ -0.2493911236524582, 46.65166745809711 ], [ -0.24939145892858505, 46.65166676766429 ], [ -0.2493928000330925, 46.65166584708718 ], [ -0.2493928000330925, 46.65166538679862 ], [ -0.24939347058534622, 46.65166469636578 ], [ -0.24939347058534622, 46.65166400593292 ], [ -0.24939414113759995, 46.65166354564434 ], [ -0.2493944764137268, 46.65166285521147 ], [ -0.24939581751823425, 46.65166193463429 ], [ -0.24939615279436111, 46.651661474345694 ], [ -0.24939615279436111, 46.65166101405709 ], [ -0.24939414113759995, 46.65165986333558 ], [ -0.24939246475696564, 46.65165986333558 ], [ -0.24939246475696564, 46.651657561892485 ], [ -0.24939145892858505, 46.65165687145955 ], [ -0.2493901178240776, 46.65165618102658 ], [ -0.24938944727182388, 46.65165618102658 ], [ -0.24938777089118958, 46.65165549059362 ], [ -0.24938710033893585, 46.65165549059362 ], [ -0.2493857592344284, 46.65165457001631 ], [ -0.24938475340604782, 46.651654109727666 ], [ -0.24938341230154037, 46.651653649439 ], [ -0.24938173592090607, 46.651653649439 ], [ -0.2493814006447792, 46.65165318915034 ], [ -0.24938106536865234, 46.65165249871733 ], [ -0.24938073009252548, 46.65165180828432 ], [ -0.24938039481639862, 46.65165088770696 ], [ -0.24938039481639862, 46.65164996712958 ], [ -0.24937938898801804, 46.65164881640783 ], [ -0.24937938898801804, 46.65164720539734 ], [ -0.24937838315963745, 46.65164651496427 ], [ -0.24937737733125687, 46.6516462848199 ], [ -0.24937637150287628, 46.651645594386814 ], [ -0.24937570095062256, 46.651645594386814 ], [ -0.24937503039836884, 46.65164536424244 ], [ -0.2493736892938614, 46.65164444366497 ], [ -0.24937301874160767, 46.651643753231845 ], [ -0.2493726834654808, 46.651643292943106 ], [ -0.2493726834654808, 46.65164283265435 ], [ -0.24937234818935394, 46.65164237236559 ], [ -0.24937167763710022, 46.65164191207684 ], [ -0.24937067180871964, 46.65164053121054 ], [ -0.24937033653259277, 46.651639840777364 ], [ -0.24937033653259277, 46.651637769477816 ], [ -0.24936966598033905, 46.65163707904462 ], [ -0.24936866015195847, 46.65163684890021 ], [ -0.24936765432357788, 46.65163638861141 ], [ -0.24936698377132416, 46.65163638861141 ], [ -0.24936597794294357, 46.65163569817819 ], [ -0.24936463683843613, 46.651635468033774 ], [ -0.2493639662861824, 46.651635007744964 ], [ -0.24936161935329437, 46.651633396734056 ], [ -0.2493612840771675, 46.6516327063008 ], [ -0.2493612840771675, 46.65163201586754 ], [ -0.2493606135249138, 46.651631325434266 ], [ -0.24936027824878693, 46.65163063500098 ], [ -0.24935994297266006, 46.651629714423265 ], [ -0.2493596076965332, 46.651629023989955 ], [ -0.2493596076965332, 46.65162695268999 ], [ -0.2493606135249138, 46.651626262256656 ], [ -0.24936161935329437, 46.651626032112205 ], [ -0.2493622899055481, 46.651626032112205 ], [ -0.24936363101005554, 46.6516255718233 ], [ -0.24936430156230927, 46.65162511153439 ], [ -0.24937167763710022, 46.65162511153439 ], [ -0.2493726834654808, 46.65162534167886 ], [ -0.24937402456998825, 46.651625801967754 ], [ -0.24937503039836884, 46.651626032112205 ], [ -0.24938173592090607, 46.651626032112205 ], [ -0.24938274174928665, 46.651626032112205 ], [ -0.2493901178240776, 46.651626032112205 ], [ -0.2493911236524582, 46.65162649240109 ], [ -0.24939179420471191, 46.65162649240109 ], [ -0.24939246475696564, 46.65162672254555 ], [ -0.24939313530921936, 46.65162695268999 ], [ -0.24939347058534622, 46.651627412978875 ], [ -0.24939380586147308, 46.651627873267756 ], [ -0.24939414113759995, 46.651628793845525 ], [ -0.24939414113759995, 46.65163063500098 ], [ -0.24939615279436111, 46.65163201586754 ], [ -0.2493971586227417, 46.65163224601197 ], [ -0.24939816445112228, 46.65163293644522 ], [ -0.24940185248851776, 46.65163293644522 ], [ -0.24940352886915207, 46.65163316658965 ], [ -0.24940453469753265, 46.651633396734056 ], [ -0.24940554052591324, 46.651633626878485 ], [ -0.24940654635429382, 46.651633857022894 ], [ -0.24940721690654755, 46.65163431731172 ], [ -0.24940788745880127, 46.65163454745613 ], [ -0.24940889328718185, 46.65163408716731 ], [ -0.24941358715295792, 46.65163408716731 ], [ -0.2494145929813385, 46.65163431731172 ], [ -0.24941660463809967, 46.651635007744964 ], [ -0.24941761046648026, 46.65163569817819 ], [ -0.24941928684711456, 46.65163684890021 ], [ -0.24941962212324142, 46.65163799962221 ], [ -0.24942029267549515, 46.65163869005541 ], [ -0.24942029267549515, 46.65164053121054 ], [ -0.2494199573993683, 46.65164214222121 ], [ -0.24941928684711456, 46.65164283265435 ], [ -0.24941928684711456, 46.651643292943106 ], [ -0.2494189515709877, 46.651643983376225 ], [ -0.24941794574260712, 46.65164536424244 ], [ -0.2494172751903534, 46.65164605467554 ], [ -0.24941660463809967, 46.65164651496427 ], [ -0.2494162693619728, 46.65164720539734 ], [ -0.24941559880971909, 46.651647665686056 ], [ -0.24941425770521164, 46.651648356119125 ], [ -0.24941325187683105, 46.65164904655218 ], [ -0.24941258132457733, 46.65164996712958 ], [ -0.24941224604845047, 46.65165065756262 ], [ -0.24941224604845047, 46.651651347995646 ], [ -0.2494129166007042, 46.65165249871733 ], [ -0.2494129166007042, 46.651653649439 ], [ -0.24941358715295792, 46.65165457001631 ], [ -0.24941392242908478, 46.651655260449296 ], [ -0.24941392242908478, 46.651657561892485 ], [ -0.2494129166007042, 46.65165802218112 ], [ -0.24941224604845047, 46.65165825232543 ], [ -0.24941124022006989, 46.65165848246974 ], [ -0.24940922856330872, 46.65165848246974 ], [ -0.24940822273492813, 46.65165871261405 ], [ -0.24940688163042068, 46.65165917290266 ], [ -0.24940554052591324, 46.65166009347989 ], [ -0.24940621107816696, 46.651660553768494 ], [ -0.24940721690654755, 46.651660553768494 ], [ -0.24940889328718185, 46.651660783912796 ], [ -0.24941056966781616, 46.65166193463429 ], [ -0.24941090494394302, 46.651662625067175 ], [ -0.24941090494394302, 46.65166492651006 ], [ -0.2494119107723236, 46.65166538679862 ], [ -0.2494119107723236, 46.65166745809711 ], [ -0.24940989911556244, 46.65166745809711 ], [ -0.24940889328718185, 46.65166768824138 ], [ -0.24940788745880127, 46.651668378674195 ], [ -0.24940788745880127, 46.65167137054961 ], [ -0.24940486997365952, 46.65167137054961 ], [ -0.24940285831689835, 46.65167068011683 ], [ -0.24940252304077148, 46.65166860881846 ], [ -0.2494031935930252, 46.651668378674195 ], [ -0.2494041994214058, 46.65166814852992 ], [ -0.24940453469753265, 46.65166699780857 ], [ -0.24940352886915207, 46.65166630737574 ], [ -0.24940218776464462, 46.65166538679862 ], [ -0.24940118193626404, 46.65166515665434 ], [ -0.24939950555562973, 46.65166515665434 ], [ -0.249398835003376, 46.6516656169429 ], [ -0.24939849972724915, 46.65166653752002 ], [ -0.24939849972724915, 46.651668378674195 ], [ -0.24939782917499542, 46.65166883896272 ], [ -0.24939682334661484, 46.65166952939553 ], [ -0.24939682334661484, 46.651672291126616 ], [ -0.24939581751823425, 46.65167367199211 ], [ -0.2493928000330925, 46.65167390213635 ], [ -0.24939246475696564, 46.65167321170362 ], [ -0.24939212948083878, 46.65167275141511 ], [ -0.24938911199569702, 46.651672291126616 ], [ -0.2493884414434433, 46.65167275141511 ], [ -0.24938810616731644, 46.65167321170362 ], [ -0.24938810616731644, 46.65167436242484 ], [ -0.2493874356150627, 46.65167505285757 ], [ -0.2493874356150627, 46.65167597343452 ], [ -0.24938642978668213, 46.65167666386723 ], [ -0.2493857592344284, 46.65167712415569 ], [ -0.24938542395830154, 46.65167873516529 ], [ -0.24938441812992096, 46.65167919545373 ], [ -0.24938441812992096, 46.65168011603062 ], [ -0.24938542395830154, 46.651680346174835 ], [ -0.24938609451055527, 46.65167965574218 ], [ -0.24938710033893585, 46.651679425597955 ], [ -0.2493874356150627, 46.65167873516529 ], [ -0.24938911199569702, 46.65167781458838 ], [ -0.24938978254795074, 46.65167689401146 ], [ -0.2493901178240776, 46.65167620357876 ], [ -0.2493901178240776, 46.65167528300181 ], [ -0.24940386414527893, 46.65167528300181 ], [ -0.24940386414527893, 46.65167735429992 ], [ -0.24940185248851776, 46.65167758444416 ], [ -0.2494015172123909, 46.65167827487684 ], [ -0.24940084666013718, 46.65167873516529 ], [ -0.24940051138401031, 46.6516798858864 ], [ -0.24940185248851776, 46.65168080646327 ], [ -0.24940218776464462, 46.65168149689591 ], [ -0.2494031935930252, 46.65168195718433 ], [ -0.24940285831689835, 46.65168402848219 ], [ -0.24940218776464462, 46.651684258626396 ], [ -0.24939581751823425, 46.651684258626396 ], [ -0.2493944764137268, 46.65168448877059 ], [ -0.24939347058534622, 46.651684949058996 ], [ -0.24938978254795074, 46.651684949058996 ], [ -0.24938911199569702, 46.65168448877059 ], [ -0.24938810616731644, 46.65168517920319 ], [ -0.2493874356150627, 46.65168563949158 ], [ -0.2493830770254135, 46.65168586963577 ], [ -0.24937503039836884, 46.65168586963577 ], [ -0.24937402456998825, 46.65168517920319 ], [ -0.24937301874160767, 46.65168517920319 ], [ -0.24937134236097336, 46.65168540934739 ], [ -0.2493700012564659, 46.65168632992417 ], [ -0.24936698377132416, 46.65168632992417 ] ] ] ],
      "type" : "MultiPolygon"
    },
    "type" : "Feature",
    "properties" : {
      "confidence" : null,
      "zoom" : 20,
      "id" : "3b7309c0-6ef9-486b-a4a1-7f2e43a5d498",
      "label" : "MOISISSURE"
    }
  }, {
    "geometry" : {
      "coordinates" : [ [ [ [ -0.2494031935930252, 46.651688861510216 ], [ -0.24940252304077148, 46.65168840122186 ], [ -0.2494015172123909, 46.6516877107893 ], [ -0.24940051138401031, 46.6516877107893 ], [ -0.2493998408317566, 46.65168725050092 ], [ -0.24939849972724915, 46.65168725050092 ], [ -0.24939849972724915, 46.651684949058996 ], [ -0.2494015172123909, 46.651684718914794 ], [ -0.24940252304077148, 46.65168517920319 ], [ -0.24940654635429382, 46.65168517920319 ], [ -0.24940688163042068, 46.65168586963577 ], [ -0.24940721690654755, 46.65168632992417 ], [ -0.24940721690654755, 46.651688631366035 ], [ -0.24940688163042068, 46.6516890916544 ], [ -0.2494031935930252, 46.651688861510216 ] ] ] ],
      "type" : "MultiPolygon"
    },
    "type" : "Feature",
    "properties" : {
      "confidence" : null,
      "zoom" : 20,
      "id" : "aeab4b58-a138-4020-b311-e96be62dbe91",
      "label" : "MOISISSURE"
    }
  }, {
    "geometry" : {
      "coordinates" : [ [ [ [ -0.2495027706027031, 46.651760206159395 ], [ -0.2495017647743225, 46.65175974587163 ], [ -0.24950042366981506, 46.6517588252961 ], [ -0.24950042366981506, 46.65175790472057 ], [ -0.24949539452791214, 46.65175767457667 ], [ -0.24949539452791214, 46.65175583342553 ], [ -0.249495729804039, 46.65175514299384 ], [ -0.24949774146080017, 46.651754912849945 ], [ -0.2494984120130539, 46.651754682706034 ], [ -0.24949908256530762, 46.651754222418234 ], [ -0.24950042366981506, 46.651753071698714 ], [ -0.24950042366981506, 46.651752381266974 ], [ -0.24950142949819565, 46.65175169083524 ], [ -0.2495017647743225, 46.65175123054741 ], [ -0.2495017647743225, 46.65175077025958 ], [ -0.24950210005044937, 46.65175030997174 ], [ -0.24950243532657623, 46.651749849683895 ], [ -0.24950377643108368, 46.65174915925213 ], [ -0.24950411170721054, 46.651748468820344 ], [ -0.24950578808784485, 46.651748008532486 ], [ -0.24950645864009857, 46.65174754824463 ], [ -0.24950746446847916, 46.651747318100696 ], [ -0.24950813502073288, 46.651747318100696 ], [ -0.24950914084911346, 46.651747087956764 ], [ -0.2495098114013672, 46.65174685781283 ], [ -0.2495104819536209, 46.65174639752495 ], [ -0.2495114877820015, 46.65174616738103 ], [ -0.24951215833425522, 46.65174570709314 ], [ -0.24951383471488953, 46.65174524680526 ], [ -0.2495158463716507, 46.6517438659416 ], [ -0.2495158463716507, 46.65174271522186 ], [ -0.24951685220003128, 46.651741564502075 ], [ -0.24951718747615814, 46.65174064392624 ], [ -0.24951718747615814, 46.65173903291849 ], [ -0.24952121078968048, 46.65173903291849 ], [ -0.2495235577225685, 46.65173926306245 ], [ -0.24952556937932968, 46.65173949320642 ], [ -0.2495262399315834, 46.65173972335039 ], [ -0.24952691048383713, 46.65174018363832 ], [ -0.249527245759964, 46.65174087407019 ], [ -0.249527245759964, 46.65174271522186 ], [ -0.24952825158834457, 46.651743405653704 ], [ -0.2495289221405983, 46.651743405653704 ], [ -0.24952959269285202, 46.65174363579765 ], [ -0.24953026324510574, 46.651744096085544 ], [ -0.2495305985212326, 46.65174455637344 ], [ -0.24953093379735947, 46.65174524680526 ], [ -0.24953126907348633, 46.65174593723709 ], [ -0.24953126907348633, 46.651748008532486 ], [ -0.24953093379735947, 46.65174869896427 ], [ -0.24953026324510574, 46.65174938939605 ], [ -0.24952959269285202, 46.651749849683895 ], [ -0.24952858686447144, 46.65175123054741 ], [ -0.24952858686447144, 46.65175192097916 ], [ -0.24952758103609085, 46.651752611410885 ], [ -0.24952691048383713, 46.651752611410885 ], [ -0.24952590465545654, 46.65175330184262 ], [ -0.24952523410320282, 46.651753762130426 ], [ -0.2495235577225685, 46.651754682706034 ], [ -0.2495228871703148, 46.651754682706034 ], [ -0.24952221661806107, 46.65175514299384 ], [ -0.2495218813419342, 46.65175606356943 ], [ -0.2495218813419342, 46.65175652385722 ], [ -0.24952121078968048, 46.65175675400111 ], [ -0.24952121078968048, 46.65175721428889 ], [ -0.24952054023742676, 46.65175767457667 ], [ -0.24951986968517303, 46.65175790472057 ], [ -0.24951819330453873, 46.65175790472057 ], [ -0.24951651692390442, 46.65175836500834 ], [ -0.2495148405432701, 46.65175836500834 ], [ -0.24951383471488953, 46.6517588252961 ], [ -0.2495098114013672, 46.6517588252961 ], [ -0.24950779974460602, 46.65175997601551 ], [ -0.24950679391622543, 46.651760206159395 ], [ -0.2495027706027031, 46.651760206159395 ] ] ] ],
      "type" : "MultiPolygon"
    },
    "type" : "Feature",
    "properties" : {
      "confidence" : null,
      "zoom" : 20,
      "id" : "e3a4aed6-83e8-416e-8876-382176b7d664",
      "label" : "MOISISSURE"
    }
  }, {
    "geometry" : {
      "coordinates" : [ [ [ [ -0.24947360157966614, 46.651787132986385 ], [ -0.24947293102741241, 46.65178690284262 ], [ -0.24947192519903183, 46.65178644255509 ], [ -0.24947091937065125, 46.651785752123786 ], [ -0.24946991354227066, 46.65178529183625 ], [ -0.24946857243776321, 46.65178506169248 ], [ -0.2494679018855095, 46.65178506169248 ], [ -0.24946723133325577, 46.6517848315487 ], [ -0.2494668960571289, 46.65178322054227 ], [ -0.24946656078100204, 46.65178160953579 ], [ -0.24946589022874832, 46.651781149248215 ], [ -0.24946589022874832, 46.65177884781028 ], [ -0.24946555495262146, 46.651777927235074 ], [ -0.24946488440036774, 46.651777006659856 ], [ -0.24946387857198715, 46.651776086084624 ], [ -0.24946220219135284, 46.65177585594082 ], [ -0.2494608610868454, 46.65177677651605 ], [ -0.2494608610868454, 46.65177884781028 ], [ -0.2494591847062111, 46.651779308097865 ], [ -0.24945583194494247, 46.651779308097865 ], [ -0.2494554966688156, 46.65177746694747 ], [ -0.2494554966688156, 46.651776086084624 ], [ -0.24945449084043503, 46.65177539565319 ], [ -0.24945415556430817, 46.651774935365566 ], [ -0.24945415556430817, 46.65177263392736 ], [ -0.24945449084043503, 46.65177217363971 ], [ -0.2494554966688156, 46.65177148320822 ], [ -0.24946119636297226, 46.65177148320822 ], [ -0.24946220219135284, 46.65177171335206 ], [ -0.24946387857198715, 46.65177217363971 ], [ -0.24946488440036774, 46.65177240378354 ], [ -0.2494668960571289, 46.65177240378354 ], [ -0.24946823716163635, 46.65177194349588 ], [ -0.24946890771389008, 46.65177148320822 ], [ -0.24947058409452438, 46.65177102292056 ], [ -0.2494712546467781, 46.6517705626329 ], [ -0.24947192519903183, 46.6517705626329 ], [ -0.24947293102741241, 46.65177010234523 ], [ -0.24947594851255417, 46.65177010234523 ], [ -0.24947695434093475, 46.65177033248906 ], [ -0.24947762489318848, 46.6517705626329 ], [ -0.24947796016931534, 46.65177148320822 ], [ -0.24947863072156906, 46.65177194349588 ], [ -0.24947930127382278, 46.65177217363971 ], [ -0.24948030710220337, 46.65177217363971 ], [ -0.24948399513959885, 46.65177194349588 ], [ -0.24948600679636002, 46.65177217363971 ], [ -0.24948667734861374, 46.65177240378354 ], [ -0.24948734790086746, 46.65177263392736 ], [ -0.24948768317699432, 46.65177309421501 ], [ -0.2494886890053749, 46.651773554502654 ], [ -0.2494930475950241, 46.651773554502654 ], [ -0.24949438869953156, 46.65177470522175 ], [ -0.24949640035629272, 46.65177470522175 ], [ -0.2494974061846733, 46.651774935365566 ], [ -0.2494984120130539, 46.65177539565319 ], [ -0.24949874728918076, 46.651777927235074 ], [ -0.2494984120130539, 46.651780458816845 ], [ -0.24949807673692703, 46.65178253011093 ], [ -0.2494974061846733, 46.65178345068605 ], [ -0.2494967356324196, 46.65178414111739 ], [ -0.2494930475950241, 46.65178414111739 ], [ -0.24949271231889725, 46.651784601404934 ], [ -0.24949170649051666, 46.65178506169248 ], [ -0.24949036538600922, 46.65178552198002 ], [ -0.2494886890053749, 46.65178552198002 ], [ -0.24948734790086746, 46.65178598226756 ], [ -0.24948332458734512, 46.65178598226756 ], [ -0.2494826540350914, 46.65178644255509 ], [ -0.24948164820671082, 46.651786672698854 ], [ -0.2494799718260765, 46.65178690284262 ], [ -0.24947628378868103, 46.651787132986385 ], [ -0.24947360157966614, 46.651787132986385 ] ] ] ],
      "type" : "MultiPolygon"
    },
    "type" : "Feature",
    "properties" : {
      "confidence" : null,
      "zoom" : 20,
      "id" : "3e01b731-df2b-4224-903b-b7e2e4bb8588",
      "label" : "MOISISSURE"
    }
  }, {
    "geometry" : {
      "coordinates" : [ [ [ [ -0.2494853362441063, 46.651604628674235 ], [ -0.2494843304157257, 46.6516043985297 ], [ -0.24948365986347198, 46.651604168385155 ], [ -0.24948298931121826, 46.65160370809606 ], [ -0.2494809776544571, 46.651602097084236 ], [ -0.24947930127382278, 46.65160186693968 ], [ -0.24947863072156906, 46.65160186693968 ], [ -0.2494782954454422, 46.651601406650585 ], [ -0.24947024881839752, 46.651601406650585 ], [ -0.24946857243776321, 46.651602097084236 ], [ -0.24946723133325577, 46.65160232722879 ], [ -0.24946622550487518, 46.65160232722879 ], [ -0.24946488440036774, 46.65160255737334 ], [ -0.24946320801973343, 46.65160370809606 ], [ -0.24946052581071854, 46.65160370809606 ], [ -0.2494598552584648, 46.65160301766243 ], [ -0.2494591847062111, 46.65160278751788 ], [ -0.24945784360170364, 46.65160232722879 ], [ -0.24945683777332306, 46.651602097084236 ], [ -0.24945583194494247, 46.651602097084236 ], [ -0.2494548261165619, 46.65160186693968 ], [ -0.24945415556430817, 46.65160163679513 ], [ -0.24945348501205444, 46.651601176506034 ], [ -0.24945348501205444, 46.651598644915865 ], [ -0.24945583194494247, 46.65159703390389 ], [ -0.24945583194494247, 46.65159634347017 ], [ -0.2494554966688156, 46.65159588318101 ], [ -0.2494548261165619, 46.65159542289186 ], [ -0.24945449084043503, 46.651594732458115 ], [ -0.24945415556430817, 46.651594042024364 ], [ -0.24945415556430817, 46.65159105014468 ], [ -0.24945449084043503, 46.65158713768638 ], [ -0.2494548261165619, 46.65158644725253 ], [ -0.2494554966688156, 46.651585526674054 ], [ -0.24945583194494247, 46.65158483624019 ], [ -0.24945583194494247, 46.65158345537243 ], [ -0.24945750832557678, 46.6515825347939 ], [ -0.24946019053459167, 46.6515825347939 ], [ -0.2494625374674797, 46.65158207450463 ], [ -0.2494652196764946, 46.65158207450463 ], [ -0.2494652196764946, 46.6515825347939 ], [ -0.24946589022874832, 46.65158299508317 ], [ -0.24946656078100204, 46.65158299508317 ], [ -0.24946723133325577, 46.6515825347939 ], [ -0.24946723133325577, 46.65158207450463 ], [ -0.2494679018855095, 46.651581384070724 ], [ -0.24946823716163635, 46.65158046349216 ], [ -0.24946857243776321, 46.65157839219033 ], [ -0.24946857243776321, 46.651576781177745 ], [ -0.24946823716163635, 46.65157609074377 ], [ -0.24946756660938263, 46.65157563045444 ], [ -0.2494668960571289, 46.651575400309774 ], [ -0.24946589022874832, 46.65157517016511 ], [ -0.24946488440036774, 46.65157517016511 ], [ -0.24946119636297226, 46.651575400309774 ], [ -0.24946019053459167, 46.65157470987578 ], [ -0.24945951998233795, 46.651574019441775 ], [ -0.24945884943008423, 46.65157286871842 ], [ -0.2494581788778305, 46.65157240842906 ], [ -0.2494581788778305, 46.651571948139704 ], [ -0.24945784360170364, 46.65157148785035 ], [ -0.24945683777332306, 46.6515707974163 ], [ -0.24945683777332306, 46.651568495969414 ], [ -0.24945750832557678, 46.65156780553532 ], [ -0.24945750832557678, 46.65156389307534 ], [ -0.24945784360170364, 46.651562972496485 ], [ -0.2494581788778305, 46.65156251220705 ], [ -0.2494591847062111, 46.65156182177288 ], [ -0.2494598552584648, 46.65156113133872 ], [ -0.24946019053459167, 46.65156021075981 ], [ -0.24946019053459167, 46.651557449022995 ], [ -0.24955641478300095, 46.651557449022995 ], [ -0.2495567500591278, 46.65155790931247 ], [ -0.24955641478300095, 46.65156113133872 ], [ -0.24955641478300095, 46.651563202641206 ], [ -0.2495567500591278, 46.65156642466713 ], [ -0.24955641478300095, 46.65156688495653 ], [ -0.24955540895462036, 46.65156780553532 ], [ -0.2495533972978592, 46.65156826582472 ], [ -0.24954702705144882, 46.65156803568002 ], [ -0.24954535067081451, 46.65156826582472 ], [ -0.2495446801185608, 46.651568495969414 ], [ -0.24954333901405334, 46.65156941654818 ], [ -0.2495436742901802, 46.651569876837556 ], [ -0.24954434484243393, 46.65157010698224 ], [ -0.24954535067081451, 46.65157010698224 ], [ -0.24954568594694138, 46.651572178284376 ], [ -0.2495446801185608, 46.65157263857374 ], [ -0.2495436742901802, 46.651573098863096 ], [ -0.249539315700531, 46.651573098863096 ], [ -0.2495366334915161, 46.65157286871842 ], [ -0.24953562766313553, 46.65157240842906 ], [ -0.2495349571108818, 46.651571948139704 ], [ -0.2495305985212326, 46.651571948139704 ], [ -0.24952992796897888, 46.65157148785035 ], [ -0.24952925741672516, 46.65157125770567 ], [ -0.24952825158834457, 46.65157125770567 ], [ -0.249527245759964, 46.651570337126934 ], [ -0.24952657520771027, 46.65157010698224 ], [ -0.2495228871703148, 46.65157010698224 ], [ -0.24952221661806107, 46.65157056727161 ], [ -0.24952154606580734, 46.6515707974163 ], [ -0.249517522752285, 46.6515707974163 ], [ -0.24951618164777756, 46.65157102756098 ], [ -0.24951551109552383, 46.65157148785035 ], [ -0.24951551109552383, 46.651571948139704 ], [ -0.2495158463716507, 46.65157470987578 ], [ -0.2495148405432701, 46.65157470987578 ], [ -0.2495141699910164, 46.65157517016511 ], [ -0.24951383471488953, 46.65157563045444 ], [ -0.24951383471488953, 46.65157609074377 ], [ -0.24951349943876266, 46.651576551033095 ], [ -0.24951215833425522, 46.651576551033095 ], [ -0.2495114877820015, 46.65157701132241 ], [ -0.2495114877820015, 46.65157747161172 ], [ -0.24951081722974777, 46.65157793190103 ], [ -0.2495098114013672, 46.65157816204568 ], [ -0.24950914084911346, 46.65157816204568 ], [ -0.24950847029685974, 46.65157839219033 ], [ -0.24950746446847916, 46.651579082624274 ], [ -0.24950578808784485, 46.65157931276893 ], [ -0.24950377643108368, 46.65157931276893 ], [ -0.24950411170721054, 46.65158023334751 ], [ -0.24950511753559113, 46.65158023334751 ], [ -0.249505452811718, 46.651581844359995 ], [ -0.24950679391622543, 46.65158230464927 ], [ -0.24950679391622543, 46.65158414580631 ], [ -0.24950511753559113, 46.65158414580631 ], [ -0.2495044469833374, 46.65158506638481 ], [ -0.2495044469833374, 46.651585526674054 ], [ -0.24949975311756134, 46.651585526674054 ], [ -0.24949975311756134, 46.65158368551706 ], [ -0.24950075894594193, 46.65158322522779 ], [ -0.2495010942220688, 46.65158161421535 ], [ -0.24950042366981506, 46.65158092378144 ], [ -0.24949975311756134, 46.65158046349216 ], [ -0.24949941784143448, 46.65158092378144 ], [ -0.24949774146080017, 46.651581384070724 ], [ -0.2494967356324196, 46.651581844359995 ], [ -0.24949640035629272, 46.65158276493854 ], [ -0.2494984120130539, 46.65158414580631 ], [ -0.24949908256530762, 46.65158414580631 ], [ -0.24949874728918076, 46.65158644725253 ], [ -0.24949874728918076, 46.65158690754177 ], [ -0.24949539452791214, 46.65158713768638 ], [ -0.24949908256530762, 46.65158736783099 ], [ -0.24950042366981506, 46.651588288409435 ], [ -0.24950042366981506, 46.65159035971088 ], [ -0.2495017647743225, 46.65159197072306 ], [ -0.24950310587882996, 46.65159243101225 ], [ -0.24950377643108368, 46.651592891301426 ], [ -0.2495044469833374, 46.651593811879785 ], [ -0.2495044469833374, 46.65159565303644 ], [ -0.24949606508016586, 46.65159565303644 ], [ -0.24949505925178528, 46.65159519274728 ], [ -0.24949438869953156, 46.65159519274728 ], [ -0.2494940534234047, 46.65159657361474 ], [ -0.2494940534234047, 46.65159887506043 ], [ -0.2494940534234047, 46.65159933534955 ], [ -0.24949438869953156, 46.65160186693968 ], [ -0.2494930475950241, 46.65160278751788 ], [ -0.2494930475950241, 46.651604168385155 ], [ -0.24949170649051666, 46.651604168385155 ], [ -0.24949103593826294, 46.651604628674235 ], [ -0.2494853362441063, 46.651604628674235 ] ] ] ],
      "type" : "MultiPolygon"
    },
    "type" : "Feature",
    "properties" : {
      "confidence" : null,
      "zoom" : 20,
      "id" : "e44d7346-ba0c-42dd-9fc8-d39c9530bd66",
      "label" : "MOISISSURE"
    }
  }, {
    "geometry" : {
      "coordinates" : [ [ [ [ -0.24952087551355362, 46.651686560068356 ], [ -0.24951953440904617, 46.651686099779965 ], [ -0.2495185285806656, 46.651686099779965 ], [ -0.24951249361038208, 46.65168632992417 ], [ -0.2495098114013672, 46.65168586963577 ], [ -0.2495088055729866, 46.65168586963577 ], [ -0.24950746446847916, 46.65168632992417 ], [ -0.24950243532657623, 46.65168632992417 ], [ -0.2495010942220688, 46.65168540934739 ], [ -0.24949908256530762, 46.65168540934739 ], [ -0.24949908256530762, 46.651684718914794 ], [ -0.2494984120130539, 46.651684258626396 ], [ -0.24949707090854645, 46.651684258626396 ], [ -0.24949505925178528, 46.65168287776117 ], [ -0.24949338287115097, 46.65168149689591 ], [ -0.24949036538600922, 46.651681036607485 ], [ -0.24948734790086746, 46.651681036607485 ], [ -0.2494870126247406, 46.65168149689591 ], [ -0.24948634207248688, 46.65168149689591 ], [ -0.24948600679636002, 46.65168241747275 ], [ -0.24948466569185257, 46.65168241747275 ], [ -0.24948365986347198, 46.65168287776117 ], [ -0.24947896599769592, 46.651682647616965 ], [ -0.2494782954454422, 46.65168195718433 ], [ -0.2494766190648079, 46.65168195718433 ], [ -0.24947427213191986, 46.65168011603062 ], [ -0.249473936855793, 46.65168057631905 ], [ -0.24947360157966614, 46.651681036607485 ], [ -0.24947293102741241, 46.6516812667517 ], [ -0.24947024881839752, 46.6516812667517 ], [ -0.24946890771389008, 46.651680346174835 ], [ -0.2494652196764946, 46.651680346174835 ], [ -0.24946387857198715, 46.6516798858864 ], [ -0.24946287274360657, 46.6516798858864 ], [ -0.24945951998233795, 46.65167965574218 ], [ -0.2494591847062111, 46.65167896530951 ], [ -0.24945784360170364, 46.65167804473261 ], [ -0.24945750832557678, 46.65167758444416 ], [ -0.24945750832557678, 46.65167712415569 ], [ -0.2494565024971962, 46.651676433723 ], [ -0.24945616722106934, 46.65167574329028 ], [ -0.24945616722106934, 46.65167528300181 ], [ -0.24943873286247253, 46.651674822713325 ], [ -0.24943672120571136, 46.65167321170362 ], [ -0.2494363859295845, 46.651672521270875 ], [ -0.24943538010120392, 46.65167183083811 ], [ -0.24943504482507706, 46.65167137054961 ], [ -0.24943504482507706, 46.65166745809711 ], [ -0.2494347095489502, 46.65166630737574 ], [ -0.24943437427282333, 46.65166538679862 ], [ -0.2494337037205696, 46.65166469636578 ], [ -0.2494337037205696, 46.65166423607721 ], [ -0.2494330331683159, 46.65166354564434 ], [ -0.2494330331683159, 46.651661704489996 ], [ -0.24943403899669647, 46.651660553768494 ], [ -0.24943437427282333, 46.65165963319128 ], [ -0.24943403899669647, 46.65165894275835 ], [ -0.24943336844444275, 46.6516577920368 ], [ -0.2494330331683159, 46.65165710160386 ], [ -0.2494320273399353, 46.651655950882265 ], [ -0.2494320273399353, 46.651653419294675 ], [ -0.24943236261606216, 46.65165180828432 ], [ -0.2494337037205696, 46.65165088770696 ], [ -0.2494337037205696, 46.65165019727392 ], [ -0.24943437427282333, 46.65164973698523 ], [ -0.24943504482507706, 46.65164904655218 ], [ -0.2494347095489502, 46.65164858626348 ], [ -0.24943437427282333, 46.651648125974766 ], [ -0.2494330331683159, 46.65164720539734 ], [ -0.2494320273399353, 46.65164697525299 ], [ -0.24943068623542786, 46.6516462848199 ], [ -0.24942968040704727, 46.651645594386814 ], [ -0.24942968040704727, 46.65164191207684 ], [ -0.24943001568317413, 46.651639380488575 ], [ -0.249430350959301, 46.65163845991101 ], [ -0.24943068623542786, 46.651637539333414 ], [ -0.24943102151155472, 46.65163707904462 ], [ -0.24943236261606216, 46.651636158467 ], [ -0.24943236261606216, 46.65163431731172 ], [ -0.24943269789218903, 46.651633857022894 ], [ -0.2494347095489502, 46.65163247615639 ], [ -0.24943437427282333, 46.65163063500098 ], [ -0.24943403899669647, 46.65162994456769 ], [ -0.24943336844444275, 46.651629254134384 ], [ -0.2494330331683159, 46.65162856370109 ], [ -0.2494330331683159, 46.65162764312332 ], [ -0.24943236261606216, 46.65162695268999 ], [ -0.24943236261606216, 46.65162465124549 ], [ -0.24943269789218903, 46.65162419095658 ], [ -0.24943336844444275, 46.651623730667666 ], [ -0.2494337037205696, 46.65162327037875 ], [ -0.24943403899669647, 46.65162257994536 ], [ -0.24943403899669647, 46.65162211965644 ], [ -0.2494347095489502, 46.651621429223034 ], [ -0.24943504482507706, 46.65162027850068 ], [ -0.24943504482507706, 46.6516191277783 ], [ -0.2494380623102188, 46.6516191277783 ], [ -0.24943873286247253, 46.65161935792278 ], [ -0.24943940341472626, 46.65161981821173 ], [ -0.24944040924310684, 46.6516200483562 ], [ -0.24944107979536057, 46.6516200483562 ], [ -0.249442420899868, 46.65162050864515 ], [ -0.24944275617599487, 46.65162119907857 ], [ -0.2494434267282486, 46.6516216593675 ], [ -0.24944409728050232, 46.65162188951197 ], [ -0.2494451031088829, 46.65162188951197 ], [ -0.2494461089372635, 46.6516216593675 ], [ -0.24944711476564407, 46.651621429223034 ], [ -0.24944812059402466, 46.65162119907857 ], [ -0.24944912642240524, 46.65162096893409 ], [ -0.24945013225078583, 46.651620738789624 ], [ -0.24945080280303955, 46.65162050864515 ], [ -0.24945180863142014, 46.65161981821173 ], [ -0.24945314973592758, 46.65161866748934 ], [ -0.24945415556430817, 46.651618437344865 ], [ -0.2494554966688156, 46.651617516766926 ], [ -0.2494554966688156, 46.65161705647795 ], [ -0.24945616722106934, 46.65161613589999 ], [ -0.24945750832557678, 46.65161521532203 ], [ -0.24945750832557678, 46.65161475503304 ], [ -0.24945951998233795, 46.65161337416604 ], [ -0.24946052581071854, 46.65161291387703 ], [ -0.24946186691522598, 46.65161222344352 ], [ -0.24946320801973343, 46.65161199329901 ], [ -0.24947058409452438, 46.6516117631545 ], [ -0.249473936855793, 46.6516117631545 ], [ -0.24947628378868103, 46.65161199329901 ], [ -0.24947796016931534, 46.65161222344352 ], [ -0.24947930127382278, 46.65161245358802 ], [ -0.2494809776544571, 46.65161268373253 ], [ -0.24948231875896454, 46.65161314402154 ], [ -0.24948365986347198, 46.65161337416604 ], [ -0.2494853362441063, 46.65161337416604 ], [ -0.24948734790086746, 46.65161498517754 ], [ -0.24948801845312119, 46.651615445466526 ], [ -0.24948935955762863, 46.65161590575551 ], [ -0.24949070066213608, 46.65161613589999 ], [ -0.24949371814727783, 46.65161613589999 ], [ -0.24949472397565842, 46.65161636604449 ], [ -0.24949606508016586, 46.65161682633347 ], [ -0.24949707090854645, 46.65161705647795 ], [ -0.2494984120130539, 46.65161728662245 ], [ -0.24949975311756134, 46.65161659618898 ], [ -0.2495017647743225, 46.65161636604449 ], [ -0.249505452811718, 46.65161636604449 ], [ -0.24950679391622543, 46.651615445466526 ], [ -0.24950679391622543, 46.65161498517754 ], [ -0.24951282888650894, 46.65161475503304 ], [ -0.24951450526714325, 46.65161498517754 ], [ -0.2495158463716507, 46.65161567561101 ], [ -0.24951685220003128, 46.65161636604449 ], [ -0.24951785802841187, 46.65161659618898 ], [ -0.24951953440904617, 46.65161659618898 ], [ -0.24952422827482224, 46.65161636604449 ], [ -0.2495262399315834, 46.65161659618898 ], [ -0.24952858686447144, 46.65161682633347 ], [ -0.24952959269285202, 46.65161728662245 ], [ -0.24953093379735947, 46.65161728662245 ], [ -0.24953261017799377, 46.651618437344865 ], [ -0.24953361600637436, 46.651618897633824 ], [ -0.2495349571108818, 46.6516191277783 ], [ -0.24953730404376984, 46.6516191277783 ], [ -0.24953965097665787, 46.65161935792278 ], [ -0.24954065680503845, 46.65161958806725 ], [ -0.2495419979095459, 46.6516200483562 ], [ -0.24954300373792648, 46.651620738789624 ], [ -0.24954602122306824, 46.651620738789624 ], [ -0.24954702705144882, 46.65162096893409 ], [ -0.24954769760370255, 46.65162119907857 ], [ -0.24954937398433685, 46.6516223498009 ], [ -0.2495507150888443, 46.65162442110103 ], [ -0.24955138564109802, 46.65162488138995 ], [ -0.24955138564109802, 46.65162764312332 ], [ -0.24955105036497116, 46.6516281034122 ], [ -0.24955004453659058, 46.651628793845525 ], [ -0.24954970926046371, 46.651629254134384 ], [ -0.24954970926046371, 46.65162994456769 ], [ -0.24955037981271744, 46.65163063500098 ], [ -0.2495507150888443, 46.651631325434266 ], [ -0.2495507150888443, 46.65163408716731 ], [ -0.24955037981271744, 46.65163477760055 ], [ -0.24955004453659058, 46.651635468033774 ], [ -0.24954970926046371, 46.65163592832259 ], [ -0.24954870343208313, 46.65163661875581 ], [ -0.24954769760370255, 46.65163707904462 ], [ -0.24954702705144882, 46.65163730918902 ], [ -0.24954065680503845, 46.65163730918902 ], [ -0.24953696876764297, 46.65163707904462 ], [ -0.2495359629392624, 46.65163684890021 ], [ -0.2495349571108818, 46.65163638861141 ], [ -0.24953428655862808, 46.65163592832259 ], [ -0.24953361600637436, 46.65163569817819 ], [ -0.24953126907348633, 46.651635468033774 ], [ -0.24952657520771027, 46.651635468033774 ], [ -0.24952523410320282, 46.65163523788937 ], [ -0.24952422827482224, 46.651635007744964 ], [ -0.2495228871703148, 46.65163454745613 ], [ -0.2495218813419342, 46.65163454745613 ], [ -0.24952087551355362, 46.651633857022894 ], [ -0.2495202049612999, 46.651633396734056 ], [ -0.2495202049612999, 46.65163293644522 ], [ -0.24951953440904617, 46.65163247615639 ], [ -0.2495185285806656, 46.65163224601197 ], [ -0.24951517581939697, 46.65163224601197 ], [ -0.24951517581939697, 46.65163155557869 ], [ -0.2495131641626358, 46.651631325434266 ], [ -0.24951282888650894, 46.65163224601197 ], [ -0.24950914084911346, 46.65163224601197 ], [ -0.24950847029685974, 46.65163178572311 ], [ -0.2495071291923523, 46.65163109528984 ], [ -0.2495061233639717, 46.65163109528984 ], [ -0.249505452811718, 46.65163109528984 ], [ -0.24950478225946426, 46.65163155557869 ], [ -0.2495044469833374, 46.65163224601197 ], [ -0.2495044469833374, 46.6516327063008 ], [ -0.2495017647743225, 46.6516327063008 ], [ -0.24949975311756134, 46.65163247615639 ], [ -0.24949874728918076, 46.65163201586754 ], [ -0.2494974061846733, 46.65163201586754 ], [ -0.2494967356324196, 46.65163224601197 ], [ -0.249495729804039, 46.65163293644522 ], [ -0.24949438869953156, 46.651633396734056 ], [ -0.24949204176664352, 46.651633626878485 ], [ -0.24948935955762863, 46.651633626878485 ], [ -0.24948835372924805, 46.651633857022894 ], [ -0.24948768317699432, 46.65163408716731 ], [ -0.2494870126247406, 46.65163454745613 ], [ -0.2494870126247406, 46.65163569817819 ], [ -0.24948734790086746, 46.65163707904462 ], [ -0.24948801845312119, 46.651637769477816 ], [ -0.24948801845312119, 46.651639840777364 ], [ -0.24948734790086746, 46.651639840777364 ], [ -0.24948634207248688, 46.65164053121054 ], [ -0.24948500096797943, 46.65164053121054 ], [ -0.24948365986347198, 46.65164145178807 ], [ -0.2494809776544571, 46.65164145178807 ], [ -0.24948064237833023, 46.65164260250997 ], [ -0.24948030710220337, 46.651643292943106 ], [ -0.24947728961706161, 46.651643523087486 ], [ -0.2494766190648079, 46.651643753231845 ], [ -0.24947494268417358, 46.651644673809336 ], [ -0.24947427213191986, 46.651645134098075 ], [ -0.24947427213191986, 46.65164651496427 ], [ -0.24947360157966614, 46.65164720539734 ], [ -0.24947360157966614, 46.65164789583041 ], [ -0.24947360157966614, 46.65164858626348 ], [ -0.24947360157966614, 46.65164904655218 ], [ -0.2494756132364273, 46.65165042741827 ], [ -0.2494756132364273, 46.65165203842866 ], [ -0.24947594851255417, 46.65165295900601 ], [ -0.2494766190648079, 46.651654109727666 ], [ -0.2494766190648079, 46.65165457001631 ], [ -0.24947728961706161, 46.651655030304966 ], [ -0.2494782954454422, 46.651655260449296 ], [ -0.24948064237833023, 46.651655260449296 ], [ -0.24948164820671082, 46.65165549059362 ], [ -0.2494826540350914, 46.651655950882265 ], [ -0.24948332458734512, 46.651656411170904 ], [ -0.24948399513959885, 46.65165664131522 ], [ -0.2494853362441063, 46.65165664131522 ], [ -0.24948634207248688, 46.65165710160386 ], [ -0.24948768317699432, 46.65165710160386 ], [ -0.24948902428150177, 46.651657561892485 ], [ -0.24949237704277039, 46.6516577920368 ], [ -0.2494940534234047, 46.6516577920368 ], [ -0.24949505925178528, 46.651657561892485 ], [ -0.24949606508016586, 46.65165733174818 ], [ -0.24950243532657623, 46.651655030304966 ], [ -0.24950310587882996, 46.651655030304966 ], [ -0.2495061233639717, 46.651653879583336 ], [ -0.24951182305812836, 46.651654109727666 ], [ -0.24951651692390442, 46.651653879583336 ], [ -0.24952054023742676, 46.651653879583336 ], [ -0.24952121078968048, 46.65165433987199 ], [ -0.2495218813419342, 46.65165457001631 ], [ -0.24952255189418793, 46.65165457001631 ], [ -0.2495235577225685, 46.651655030304966 ], [ -0.2495245635509491, 46.651655260449296 ], [ -0.24952556937932968, 46.651655260449296 ], [ -0.24952691048383713, 46.65165549059362 ], [ -0.2495279163122177, 46.651655950882265 ], [ -0.24953026324510574, 46.651657561892485 ], [ -0.24953093379735947, 46.65165848246974 ], [ -0.24953093379735947, 46.65166354564434 ], [ -0.24953026324510574, 46.65166515665434 ], [ -0.24953026324510574, 46.65166584708718 ], [ -0.2495305985212326, 46.65166883896272 ], [ -0.24952992796897888, 46.65166952939553 ], [ -0.24952959269285202, 46.65167021982832 ], [ -0.24952925741672516, 46.65167114040535 ], [ -0.24952925741672516, 46.65167160069386 ], [ -0.2495289221405983, 46.651672521270875 ], [ -0.24952858686447144, 46.65167344184787 ], [ -0.2495279163122177, 46.65167390213635 ], [ -0.24952758103609085, 46.65167459256909 ], [ -0.24952691048383713, 46.65167505285757 ], [ -0.2495262399315834, 46.65167505285757 ], [ -0.24952590465545654, 46.65167735429992 ], [ -0.24952657520771027, 46.65167804473261 ], [ -0.24952657520771027, 46.65168011603062 ], [ -0.2495262399315834, 46.65168080646327 ], [ -0.24952590465545654, 46.6516812667517 ], [ -0.24952523410320282, 46.65168172704012 ], [ -0.24952422827482224, 46.65168172704012 ], [ -0.24952255189418793, 46.651682647616965 ], [ -0.2495218813419342, 46.65168310790538 ], [ -0.24952154606580734, 46.65168356819378 ], [ -0.2495235577225685, 46.65168402848219 ], [ -0.2495245635509491, 46.65168402848219 ], [ -0.24952422827482224, 46.651686099779965 ], [ -0.24952422827482224, 46.651686560068356 ], [ -0.24952087551355362, 46.651686560068356 ] ] ] ],
      "type" : "MultiPolygon"
    },
    "type" : "Feature",
    "properties" : {
      "confidence" : null,
      "zoom" : 20,
      "id" : "f07b3336-ca0e-4be6-9546-a211dc072894",
      "label" : "MOISISSURE"
    }
  }, {
    "geometry" : {
      "coordinates" : [ [ [ [ -0.24933982640504837, 46.651774935365566 ], [ -0.24933982640504837, 46.65177217363971 ], [ -0.24934250861406326, 46.65177217363971 ], [ -0.24934317916631699, 46.65177263392736 ], [ -0.24934787303209305, 46.65177240378354 ], [ -0.24934854358434677, 46.65177263392736 ], [ -0.24934854358434677, 46.651774475077936 ], [ -0.24934720247983932, 46.651774475077936 ], [ -0.2493465319275856, 46.651774935365566 ], [ -0.24933982640504837, 46.651774935365566 ] ] ] ],
      "type" : "MultiPolygon"
    },
    "type" : "Feature",
    "properties" : {
      "confidence" : null,
      "zoom" : 20,
      "id" : "8715a053-4a07-43c8-bc79-fa6fa79d7814",
      "label" : "MOISISSURE"
    }
  }, {
    "geometry" : {
      "coordinates" : [ [ [ [ -0.24926405400037766, 46.65178805356143 ], [ -0.2492627128958702, 46.651787593273916 ], [ -0.24926070123910904, 46.651787593273916 ], [ -0.24925768375396729, 46.65178782341767 ], [ -0.2492550015449524, 46.651787593273916 ], [ -0.24925366044044495, 46.651787363130154 ], [ -0.24925265461206436, 46.65178690284262 ], [ -0.24925265461206436, 46.65175905543999 ], [ -0.24925567209720612, 46.65175905543999 ], [ -0.24925600737333298, 46.65176043630327 ], [ -0.2492566779255867, 46.65176089659102 ], [ -0.24925801903009415, 46.65176089659102 ], [ -0.24925902485847473, 46.65176043630327 ], [ -0.24925734847784042, 46.65175928558387 ], [ -0.24925734847784042, 46.65175744443278 ], [ -0.24926070123910904, 46.65175744443278 ], [ -0.24926137179136276, 46.65175767457667 ], [ -0.24926204234361649, 46.65175974587163 ], [ -0.24926237761974335, 46.65175836500834 ], [ -0.24926304817199707, 46.65175790472057 ], [ -0.24926472455263138, 46.65175790472057 ], [ -0.24926505982875824, 46.65175675400111 ], [ -0.2492653951048851, 46.651756293713326 ], [ -0.24926606565713882, 46.65175583342553 ], [ -0.24926606565713882, 46.651754222418234 ], [ -0.24926740676164627, 46.65175353198653 ], [ -0.2492680773139, 46.651753071698714 ], [ -0.24926841259002686, 46.65175215112307 ], [ -0.24926841259002686, 46.65175123054741 ], [ -0.24926908314228058, 46.65175030997174 ], [ -0.2492697536945343, 46.65174869896427 ], [ -0.24927008897066116, 46.65174754824463 ], [ -0.2492697536945343, 46.65174685781283 ], [ -0.24926874786615372, 46.65174570709314 ], [ -0.24926841259002686, 46.651744786517376 ], [ -0.24926841259002686, 46.65174432622948 ], [ -0.2492680773139, 46.65174363579765 ], [ -0.24926740676164627, 46.65174317550975 ], [ -0.24926472455263138, 46.65174317550975 ], [ -0.24926472455263138, 46.65174271522186 ], [ -0.24926438927650452, 46.65174202478998 ], [ -0.2492637187242508, 46.651741334358114 ], [ -0.24926338344812393, 46.65174064392624 ], [ -0.2492637187242508, 46.65173788219863 ], [ -0.2492653951048851, 46.65173696162274 ], [ -0.24926606565713882, 46.65173673147876 ], [ -0.24926908314228058, 46.65173673147876 ], [ -0.24927042424678802, 46.65173765205466 ], [ -0.2492714300751686, 46.651738112342606 ], [ -0.2492724359035492, 46.65173765205466 ], [ -0.24927478283643723, 46.65173742191068 ], [ -0.24927780032157898, 46.651737191766706 ], [ -0.24928182363510132, 46.651737191766706 ], [ -0.24928350001573563, 46.65173742191068 ], [ -0.24928484112024307, 46.65173788219863 ], [ -0.24928785860538483, 46.651738112342606 ], [ -0.24929188191890717, 46.651738112342606 ], [ -0.2493012696504593, 46.65173788219863 ], [ -0.24930227547883987, 46.65173742191068 ], [ -0.24930495768785477, 46.65173742191068 ], [ -0.24930797517299652, 46.65173765205466 ], [ -0.24931032210588455, 46.65173788219863 ], [ -0.24931199848651886, 46.651738342486574 ], [ -0.24931401014328003, 46.651738342486574 ], [ -0.24931468069553375, 46.651738802774524 ], [ -0.24931568652391434, 46.651738112342606 ], [ -0.24932172149419785, 46.651738112342606 ], [ -0.24932272732257843, 46.65173857263055 ], [ -0.2493247389793396, 46.65173857263055 ], [ -0.24932540953159332, 46.65173903291849 ], [ -0.24932842701673508, 46.65173903291849 ], [ -0.24933245033025742, 46.651738802774524 ], [ -0.24933815002441406, 46.65173903291849 ], [ -0.24934083223342896, 46.65173926306245 ], [ -0.24934150278568268, 46.65173949320642 ], [ -0.2493421733379364, 46.65173995349435 ], [ -0.24934317916631699, 46.65174018363832 ], [ -0.24934418499469757, 46.65174087407019 ], [ -0.2493482083082199, 46.65174087407019 ], [ -0.24934988468885422, 46.651741334358114 ], [ -0.24935156106948853, 46.651741334358114 ], [ -0.2493525668978691, 46.651741794646036 ], [ -0.24935457855463028, 46.651741794646036 ], [ -0.249355249106884, 46.65174225493394 ], [ -0.24935558438301086, 46.65174271522186 ], [ -0.24935558438301086, 46.65174570709314 ], [ -0.24935323745012283, 46.651747087956764 ], [ -0.2493518963456154, 46.651748008532486 ], [ -0.2493518963456154, 46.65174892910821 ], [ -0.2493525668978691, 46.65174961953997 ], [ -0.2493525668978691, 46.65175169083524 ], [ -0.2493518963456154, 46.65175215112307 ], [ -0.2493508905172348, 46.651752381266974 ], [ -0.24935055524110794, 46.6517528415548 ], [ -0.24935055524110794, 46.651754222418234 ], [ -0.24935021996498108, 46.651754682706034 ], [ -0.24934954941272736, 46.65175514299384 ], [ -0.2493492141366005, 46.65175560328163 ], [ -0.24934887886047363, 46.651756293713326 ], [ -0.24934887886047363, 46.65175744443278 ], [ -0.24934854358434677, 46.65175813486445 ], [ -0.24934787303209305, 46.6517588252961 ], [ -0.2493475377559662, 46.65175974587163 ], [ -0.2493475377559662, 46.651761356878765 ], [ -0.24934720247983932, 46.65176181716651 ], [ -0.24934619665145874, 46.651762507598114 ], [ -0.24934619665145874, 46.65176319802972 ], [ -0.24934552609920502, 46.65176388846131 ], [ -0.24934552609920502, 46.65176434874904 ], [ -0.2493465319275856, 46.6517650391806 ], [ -0.2493465319275856, 46.651767110475284 ], [ -0.24934418499469757, 46.651767110475284 ], [ -0.24934150278568268, 46.65176734061913 ], [ -0.2493404969573021, 46.65176757076298 ], [ -0.24933982640504837, 46.65176826119451 ], [ -0.24933580309152603, 46.65176849133836 ], [ -0.24933379143476486, 46.651768031050665 ], [ -0.24933278560638428, 46.651768031050665 ], [ -0.24933278560638428, 46.65176688033144 ], [ -0.24933211505413055, 46.65176642004373 ], [ -0.24933110922574997, 46.65176642004373 ], [ -0.24932976812124252, 46.65176665018758 ], [ -0.24932943284511566, 46.651768031050665 ], [ -0.24932842701673508, 46.65176826119451 ], [ -0.2493274211883545, 46.65176895162604 ], [ -0.2493274211883545, 46.65176987220139 ], [ -0.24932675063610077, 46.65177079277673 ], [ -0.2493264153599739, 46.65177263392736 ], [ -0.24932708591222763, 46.6517740147903 ], [ -0.24932708591222763, 46.651774935365566 ], [ -0.2493274211883545, 46.651776086084624 ], [ -0.24932775646448135, 46.65177654637225 ], [ -0.2493290975689888, 46.65177746694747 ], [ -0.24933043867349625, 46.651778157378885 ], [ -0.24933144450187683, 46.65177861766649 ], [ -0.24933211505413055, 46.65177884781028 ], [ -0.24933278560638428, 46.65177884781028 ], [ -0.249333456158638, 46.65177861766649 ], [ -0.24933446198701859, 46.651777697091276 ], [ -0.2493351325392723, 46.65177723680367 ], [ -0.24933580309152603, 46.651777006659856 ], [ -0.24933647364377975, 46.651777006659856 ], [ -0.24933848530054092, 46.651775625797 ], [ -0.2493438497185707, 46.651775625797 ], [ -0.24934418499469757, 46.65177723680367 ], [ -0.24934452027082443, 46.651776086084624 ], [ -0.24934519082307816, 46.651775625797 ], [ -0.2493492141366005, 46.651775625797 ], [ -0.2493492141366005, 46.65177746694747 ], [ -0.24934854358434677, 46.651778387522675 ], [ -0.24934854358434677, 46.65177953824167 ], [ -0.2493492141366005, 46.65178022867305 ], [ -0.24934954941272736, 46.651780919104425 ], [ -0.24934954941272736, 46.65178368082983 ], [ -0.24934887886047363, 46.651784601404934 ], [ -0.24934887886047363, 46.65178506169248 ], [ -0.24934854358434677, 46.65178552198002 ], [ -0.24934519082307816, 46.65178552198002 ], [ -0.2493448555469513, 46.65178506169248 ], [ -0.2493448555469513, 46.651784601404934 ], [ -0.24934351444244385, 46.6517848315487 ], [ -0.24934284389019012, 46.65178552198002 ], [ -0.2493421733379364, 46.65178621241133 ], [ -0.24934183806180954, 46.651786672698854 ], [ -0.24934183806180954, 46.651787132986385 ], [ -0.24934150278568268, 46.651787593273916 ], [ -0.2493361383676529, 46.65178782341767 ], [ -0.24933412671089172, 46.651787363130154 ], [ -0.24933110922574997, 46.651787132986385 ], [ -0.24932809174060822, 46.651787132986385 ], [ -0.2493264153599739, 46.651787593273916 ], [ -0.2493230625987053, 46.651787593273916 ], [ -0.24932172149419785, 46.651787132986385 ], [ -0.24932004511356354, 46.65178690284262 ], [ -0.2493187040090561, 46.65178690284262 ], [ -0.24931266903877258, 46.65178690284262 ], [ -0.24931199848651886, 46.65178690284262 ], [ -0.2493106573820114, 46.651785752123786 ], [ -0.24930831044912338, 46.65178437126115 ], [ -0.24930495768785477, 46.65178437126115 ], [ -0.24930395185947418, 46.65178414111739 ], [ -0.2493029460310936, 46.65178368082983 ], [ -0.2492985874414444, 46.65178368082983 ], [ -0.24929724633693695, 46.65178276025471 ], [ -0.24929523468017578, 46.65178276025471 ], [ -0.24929456412792206, 46.651782299967145 ], [ -0.24929221719503403, 46.651782299967145 ], [ -0.24929121136665344, 46.651782299967145 ], [ -0.24929054081439972, 46.65178253011093 ], [ -0.24928785860538483, 46.65178253011093 ], [ -0.24928651750087738, 46.65178206982336 ], [ -0.2492828294634819, 46.651782299967145 ], [ -0.24928148835897446, 46.65178160953579 ], [ -0.24928081780672073, 46.651781379392 ], [ -0.24927914142608643, 46.65178160953579 ], [ -0.2492784708738327, 46.65178183967958 ], [ -0.24927780032157898, 46.65178276025471 ], [ -0.24927780032157898, 46.65178322054227 ], [ -0.24927746504545212, 46.65178368082983 ], [ -0.2492757886648178, 46.6517848315487 ], [ -0.24927545338869095, 46.65178552198002 ], [ -0.24927444756031036, 46.65178644255509 ], [ -0.24927277117967606, 46.65178644255509 ], [ -0.2492714300751686, 46.65178690284262 ], [ -0.2492697536945343, 46.65178805356143 ], [ -0.24926405400037766, 46.65178805356143 ] ] ] ],
      "type" : "MultiPolygon"
    },
    "type" : "Feature",
    "properties" : {
      "confidence" : null,
      "zoom" : 20,
      "id" : "e3da8f81-b837-4931-bc93-8d39d1d0f812",
      "label" : "MOISISSURE"
    }
  }, {
    "geometry" : {
      "coordinates" : [ [ [ [ -0.24894487112760544, 46.65181313922538 ], [ -0.24894386529922485, 46.651812448794416 ], [ -0.24894386529922485, 46.651809917214145 ], [ -0.24894453585147858, 46.65180922678314 ], [ -0.2489452064037323, 46.651808766495805 ], [ -0.2489452064037323, 46.651808306208466 ], [ -0.2489478886127472, 46.651808306208466 ], [ -0.2489478886127472, 46.651809917214145 ], [ -0.24894855916500092, 46.65181060764514 ], [ -0.24894822388887405, 46.65181290908173 ], [ -0.2489478886127472, 46.65181290908173 ], [ -0.24894755333662033, 46.65181313922538 ], [ -0.24894487112760544, 46.65181313922538 ] ] ] ],
      "type" : "MultiPolygon"
    },
    "type" : "Feature",
    "properties" : {
      "confidence" : null,
      "zoom" : 20,
      "id" : "65e9c48b-d064-4715-aba0-64673b05290c",
      "label" : "MOISISSURE"
    }
  }, {
    "geometry" : {
      "coordinates" : [ [ [ [ -0.2491091564297676, 46.6518108377888 ], [ -0.24910815060138702, 46.65181060764514 ], [ -0.24910680949687958, 46.65181037750147 ], [ -0.24910613894462585, 46.651809917214145 ], [ -0.24910513311624527, 46.651808996639474 ], [ -0.24910412728786469, 46.651808996639474 ], [ -0.24910379201173782, 46.651808306208466 ], [ -0.2491031214594841, 46.65180738563376 ], [ -0.24910211563110352, 46.65180669520272 ], [ -0.2491004392504692, 46.651806465059046 ], [ -0.24909909814596176, 46.65180623491536 ], [ -0.2490970864892006, 46.65180623491536 ], [ -0.24909608066082, 46.651805774627995 ], [ -0.24909339845180511, 46.651805774627995 ], [ -0.24909138679504395, 46.651805544484304 ], [ -0.24909038096666336, 46.65180485405325 ], [ -0.24908702820539474, 46.65180485405325 ], [ -0.2490846812725067, 46.65180508419694 ], [ -0.24908334016799927, 46.65180531434063 ], [ -0.24908233433961868, 46.651805544484304 ], [ -0.24908099323511124, 46.65180600477168 ], [ -0.24908065795898438, 46.651808306208466 ], [ -0.2490769699215889, 46.651808306208466 ], [ -0.24907629936933517, 46.65180738563376 ], [ -0.2490752935409546, 46.6518069253464 ], [ -0.2490752935409546, 46.65180623491536 ], [ -0.24907462298870087, 46.65180508419694 ], [ -0.249074287712574, 46.65180439376588 ], [ -0.249074287712574, 46.65180117175412 ], [ -0.24907361716032028, 46.651800251179296 ], [ -0.24907328188419342, 46.651798870317045 ], [ -0.24907328188419342, 46.65179656887986 ], [ -0.2490726113319397, 46.651795418161235 ], [ -0.2490726113319397, 46.651793116723894 ], [ -0.24912022054195404, 46.651793116723894 ], [ -0.2491205558180809, 46.65179426744258 ], [ -0.2491205558180809, 46.65179610859241 ], [ -0.24912022054195404, 46.65179679902358 ], [ -0.24911954998970032, 46.65179771959846 ], [ -0.24911954998970032, 46.651799790891886 ], [ -0.24911921471357346, 46.651800251179296 ], [ -0.249117873609066, 46.65180117175412 ], [ -0.24911753833293915, 46.651801632041526 ], [ -0.24911753833293915, 46.6518037033348 ], [ -0.249117873609066, 46.651805544484304 ], [ -0.24911854416131973, 46.65180669520272 ], [ -0.24911854416131973, 46.651808766495805 ], [ -0.24911586195230484, 46.651808766495805 ], [ -0.24911485612392426, 46.65180945692682 ], [ -0.24911317974328995, 46.65180945692682 ], [ -0.24911284446716309, 46.6518108377888 ], [ -0.2491091564297676, 46.6518108377888 ] ] ] ],
      "type" : "MultiPolygon"
    },
    "type" : "Feature",
    "properties" : {
      "confidence" : null,
      "zoom" : 20,
      "id" : "6508e64b-ae2a-4c8a-a0e4-52f29f842946",
      "label" : "MOISISSURE"
    }
  }, {
    "geometry" : {
      "coordinates" : [ [ [ [ -0.24891871958971024, 46.651811988507106 ], [ -0.24891771376132965, 46.65181152821978 ], [ -0.2489163726568222, 46.651811298076126 ], [ -0.24891536682844162, 46.651811298076126 ], [ -0.2489093318581581, 46.65181152821978 ], [ -0.2489093318581581, 46.651793116723894 ], [ -0.24893313646316528, 46.651793116723894 ], [ -0.24893514811992645, 46.651794957873776 ], [ -0.24893615394830704, 46.651795418161235 ], [ -0.24893682450056076, 46.65179587844868 ], [ -0.24893715977668762, 46.65179725931102 ], [ -0.24893749505281448, 46.651798410029606 ], [ -0.24893749505281448, 46.65180324304741 ], [ -0.2489381656050682, 46.651806465059046 ], [ -0.24893783032894135, 46.651808996639474 ], [ -0.24893783032894135, 46.65180945692682 ], [ -0.24893581867218018, 46.65180945692682 ], [ -0.24893514811992645, 46.651809917214145 ], [ -0.24893514811992645, 46.651811067932464 ], [ -0.248933807015419, 46.651811298076126 ], [ -0.24892978370189667, 46.651811298076126 ], [ -0.2489267662167549, 46.6518108377888 ], [ -0.24892542511224747, 46.65181152821978 ], [ -0.24892441928386688, 46.65181152821978 ], [ -0.24892374873161316, 46.65181175836344 ], [ -0.2489234134554863, 46.651811988507106 ], [ -0.24891871958971024, 46.651811988507106 ] ] ] ],
      "type" : "MultiPolygon"
    },
    "type" : "Feature",
    "properties" : {
      "confidence" : null,
      "zoom" : 20,
      "id" : "4dcb0f8f-d42a-4f51-ad75-c6d53f93d9d1",
      "label" : "MOISISSURE"
    }
  }, {
    "geometry" : {
      "coordinates" : [ [ [ [ -0.24925030767917633, 46.65183132057088 ], [ -0.249246284365654, 46.6518310904273 ], [ -0.24924561381340027, 46.65183086028372 ], [ -0.24924494326114655, 46.65183039999656 ], [ -0.24924427270889282, 46.651830169852985 ], [ -0.24924259632825851, 46.651830169852985 ], [ -0.2492419257760048, 46.65182970956582 ], [ -0.24923890829086304, 46.65182970956582 ], [ -0.24923689663410187, 46.65182947942224 ], [ -0.24923454970121384, 46.651829249278656 ], [ -0.2492338791489601, 46.65182901913507 ], [ -0.24923253804445267, 46.65182809856073 ], [ -0.2492305263876915, 46.651827408129954 ], [ -0.2492288500070572, 46.65182717798636 ], [ -0.24922750890254974, 46.65182717798636 ], [ -0.24922382086515427, 46.651827408129954 ], [ -0.24922315031290054, 46.65182717798636 ], [ -0.24922247976064682, 46.65182671769917 ], [ -0.24922147393226624, 46.651825797124786 ], [ -0.24922046810388565, 46.65182556698119 ], [ -0.2492191269993782, 46.65182556698119 ], [ -0.24921812117099762, 46.65182533683759 ], [ -0.2492174506187439, 46.651825106693984 ], [ -0.24921678006649017, 46.65182349568875 ], [ -0.24921678006649017, 46.65182004353452 ], [ -0.24921610951423645, 46.65181912296001 ], [ -0.24921610951423645, 46.65181705166733 ], [ -0.2492164447903633, 46.65181267893807 ], [ -0.24921711534261703, 46.65181152821978 ], [ -0.24921711534261703, 46.651809687070475 ], [ -0.2492174506187439, 46.65180784592111 ], [ -0.24921812117099762, 46.65180715549008 ], [ -0.24921845644712448, 46.651805544484304 ], [ -0.24921845644712448, 46.6518039334785 ], [ -0.24921879172325134, 46.65180324304741 ], [ -0.24921979755163193, 46.65180209232893 ], [ -0.2492201328277588, 46.65180140189783 ], [ -0.24922281503677368, 46.651799790891886 ], [ -0.24922382086515427, 46.651798640173325 ], [ -0.24922817945480347, 46.651798640173325 ], [ -0.2492295205593109, 46.65179910046075 ], [ -0.24923086166381836, 46.65180002103559 ], [ -0.24923153221607208, 46.65180002103559 ], [ -0.2492322027683258, 46.651800251179296 ], [ -0.24923287332057953, 46.65180071146671 ], [ -0.24923354387283325, 46.65180094161042 ], [ -0.2492348849773407, 46.65180094161042 ], [ -0.24923555552959442, 46.65180140189783 ], [ -0.24923790246248245, 46.651801632041526 ], [ -0.24924024939537048, 46.651801632041526 ], [ -0.24924125522375107, 46.65180209232893 ], [ -0.2492419257760048, 46.65180209232893 ], [ -0.24924930185079575, 46.65180186218522 ], [ -0.24924997240304947, 46.65180140189783 ], [ -0.2492506429553032, 46.65180117175412 ], [ -0.2492523193359375, 46.65180117175412 ], [ -0.2492523193359375, 46.65183132057088 ], [ -0.24925030767917633, 46.65183132057088 ] ] ] ],
      "type" : "MultiPolygon"
    },
    "type" : "Feature",
    "properties" : {
      "confidence" : null,
      "zoom" : 20,
      "id" : "463125c1-c939-450d-bde2-d71953619b1c",
      "label" : "MOISISSURE"
    }
  }, {
    "geometry" : {
      "coordinates" : [ [ [ [ -0.24924863129854202, 46.651921766920296 ], [ -0.24924661964178085, 46.651921536777095 ], [ -0.2492452785372734, 46.6519213066339 ], [ -0.24924427270889282, 46.651921076490716 ], [ -0.24924326688051224, 46.65192061620433 ], [ -0.24924259632825851, 46.65192061620433 ], [ -0.2492409199476242, 46.65191969563154 ], [ -0.24924058467149734, 46.65191923534514 ], [ -0.24923991411924362, 46.65191900520193 ], [ -0.249236561357975, 46.65191900520193 ], [ -0.24923454970121384, 46.65191877505873 ], [ -0.24923354387283325, 46.65191854491553 ], [ -0.24923287332057953, 46.65191762434271 ], [ -0.24923253804445267, 46.65191693391308 ], [ -0.24923253804445267, 46.65191555305379 ], [ -0.24923186749219894, 46.65191486262413 ], [ -0.24923186749219894, 46.651914402337695 ], [ -0.24923153221607208, 46.65191371190803 ], [ -0.24923086166381836, 46.65191302147836 ], [ -0.24923019111156464, 46.65191256119189 ], [ -0.2492288500070572, 46.65191256119189 ], [ -0.2492278441786766, 46.651912100905434 ], [ -0.249224491417408, 46.651912100905434 ], [ -0.24922382086515427, 46.65191164061897 ], [ -0.24922281503677368, 46.65191141047574 ], [ -0.2492218092083931, 46.65191072004603 ], [ -0.24921979755163193, 46.65191048990279 ], [ -0.24921510368585587, 46.65191048990279 ], [ -0.249214768409729, 46.65190818847036 ], [ -0.249214768409729, 46.651906117181085 ], [ -0.24921510368585587, 46.65190565689457 ], [ -0.24921610951423645, 46.65190496646479 ], [ -0.2492164447903633, 46.65190450617826 ], [ -0.24921678006649017, 46.65190312531866 ], [ -0.24921678006649017, 46.65190220474558 ], [ -0.24921711534261703, 46.65190151431576 ], [ -0.24921812117099762, 46.651901054029196 ], [ -0.24921879172325134, 46.65190059374263 ], [ -0.24921879172325134, 46.65189967316951 ], [ -0.24921946227550507, 46.65189898273965 ], [ -0.24921946227550507, 46.651898522453074 ], [ -0.24922046810388565, 46.65189737173662 ], [ -0.2492208033800125, 46.65189668130673 ], [ -0.2492208033800125, 46.6518923085839 ], [ -0.24922113865613937, 46.651889086577405 ], [ -0.24922147393226624, 46.65188816600407 ], [ -0.2492218092083931, 46.651887475574064 ], [ -0.24922214448451996, 46.65188678514405 ], [ -0.24922247976064682, 46.65188632485737 ], [ -0.24922382086515427, 46.651885404284 ], [ -0.24922482669353485, 46.65188517414065 ], [ -0.2492261677980423, 46.65188494399731 ], [ -0.24922750890254974, 46.65188471385397 ], [ -0.2492419257760048, 46.65188471385397 ], [ -0.24924326688051224, 46.65188517414065 ], [ -0.24924695491790771, 46.651885404284 ], [ -0.2492523193359375, 46.651885404284 ], [ -0.2492523193359375, 46.651921766920296 ], [ -0.24924863129854202, 46.651921766920296 ] ] ] ],
      "type" : "MultiPolygon"
    },
    "type" : "Feature",
    "properties" : {
      "confidence" : null,
      "zoom" : 20,
      "id" : "ff4fc8a0-9754-47d4-b7a7-9ef66527e764",
      "label" : "MOISISSURE"
    }
  }, {
    "geometry" : {
      "coordinates" : [ [ [ [ -0.24903170764446259, 46.65194639223605 ], [ -0.24903137236833572, 46.651945931949875 ], [ -0.24903137236833572, 46.65194501137752 ], [ -0.249030701816082, 46.65194432094824 ], [ -0.249030701816082, 46.65194363051895 ], [ -0.2490280196070671, 46.65194178937414 ], [ -0.24902567267417908, 46.65194178937414 ], [ -0.24902567267417908, 46.65193856737057 ], [ -0.2490280196070671, 46.651938337227456 ], [ -0.24902869015932083, 46.65193787694121 ], [ -0.24902869015932083, 46.65193649608246 ], [ -0.24902969598770142, 46.65193649608246 ], [ -0.24903036653995514, 46.65193603579621 ], [ -0.24903036653995514, 46.651935575509945 ], [ -0.24903204292058945, 46.651935575509945 ], [ -0.2490323781967163, 46.65193488508055 ], [ -0.2490290254354477, 46.65193488508055 ], [ -0.2490263432264328, 46.65193488508055 ], [ -0.24902567267417908, 46.65193442479428 ], [ -0.2490246668457985, 46.65193373436487 ], [ -0.2490246668457985, 46.65193327407858 ], [ -0.24902433156967163, 46.65193281379229 ], [ -0.24902231991291046, 46.651932583649156 ], [ -0.24902231991291046, 46.65193051236082 ], [ -0.2490219846367836, 46.65193005207451 ], [ -0.24902097880840302, 46.651929821931354 ], [ -0.24902064353227615, 46.65193143293343 ], [ -0.24901963770389557, 46.65193212336286 ], [ -0.2490159496665001, 46.65193212336286 ], [ -0.24901393800973892, 46.65193327407858 ], [ -0.24901360273361206, 46.65193580565309 ], [ -0.24901360273361206, 46.651938107084334 ], [ -0.24901393800973892, 46.65194178937414 ], [ -0.24901293218135834, 46.651942479803445 ], [ -0.24901226162910461, 46.651942479803445 ], [ -0.2490105852484703, 46.65194386066205 ], [ -0.2490105852484703, 46.65194478123443 ], [ -0.24901024997234344, 46.65194524152061 ], [ -0.24900689721107483, 46.651945471663694 ], [ -0.24900522083044052, 46.65194524152061 ], [ -0.2490045502781868, 46.65194501137752 ], [ -0.24900387972593307, 46.65194455109133 ], [ -0.24900086224079132, 46.65194455109133 ], [ -0.24899985641241074, 46.65194524152061 ], [ -0.24899549782276154, 46.65194524152061 ], [ -0.2489948272705078, 46.65194478123443 ], [ -0.24899348616600037, 46.65194478123443 ], [ -0.24899180978536606, 46.65194501137752 ], [ -0.24899080395698547, 46.651945931949875 ], [ -0.24898678064346313, 46.65194616209296 ], [ -0.2489861100912094, 46.65194524152061 ], [ -0.2489854395389557, 46.65194570180678 ], [ -0.2489844337105751, 46.651945931949875 ], [ -0.24898141622543335, 46.65194616209296 ], [ -0.248977392911911, 46.65194616209296 ], [ -0.24897638708353043, 46.65194570180678 ], [ -0.24897538125514984, 46.651945471663694 ], [ -0.2489730343222618, 46.651945471663694 ], [ -0.2489713579416275, 46.65194524152061 ], [ -0.24897035211324692, 46.65194501137752 ], [ -0.24896834045648575, 46.65194432094824 ], [ -0.24896733462810516, 46.65194363051895 ], [ -0.24896599352359772, 46.651943400375856 ], [ -0.248965322971344, 46.651943400375856 ], [ -0.24896465241909027, 46.651942940089654 ], [ -0.24896465241909027, 46.65194109894482 ], [ -0.2489643171429634, 46.65194040851549 ], [ -0.2489636465907097, 46.651939718086155 ], [ -0.2489636465907097, 46.65193925779993 ], [ -0.24896297603845596, 46.651938797513694 ], [ -0.24896129965782166, 46.65193856737057 ], [ -0.24896062910556793, 46.65193856737057 ], [ -0.24895962327718735, 46.65193902765681 ], [ -0.24895861744880676, 46.651939718086155 ], [ -0.24895794689655304, 46.65194040851549 ], [ -0.24895694106817245, 46.65194132908793 ], [ -0.2489566057920456, 46.65194201951724 ], [ -0.24895258247852325, 46.65194201951724 ], [ -0.2489512413740158, 46.651941559231034 ], [ -0.2489495649933815, 46.65194040851549 ], [ -0.24894889444112778, 46.65194040851549 ], [ -0.24894822388887405, 46.65194017837238 ], [ -0.24894721806049347, 46.65193948794305 ], [ -0.24894654750823975, 46.65194017837238 ], [ -0.24894285947084427, 46.65194017837238 ], [ -0.2489408478140831, 46.65193948794305 ], [ -0.24894017726182938, 46.65193902765681 ], [ -0.24894017726182938, 46.65193787694121 ], [ -0.24893950670957565, 46.65193741665497 ], [ -0.24893883615732193, 46.65193741665497 ], [ -0.2489381656050682, 46.65193787694121 ], [ -0.24893783032894135, 46.651938797513694 ], [ -0.24893783032894135, 46.65193925779993 ], [ -0.2489348128437996, 46.65193925779993 ], [ -0.248933807015419, 46.651938797513694 ], [ -0.2489321306347847, 46.651938797513694 ], [ -0.2489311248064041, 46.651938337227456 ], [ -0.24893011897802353, 46.651938107084334 ], [ -0.24892844259738922, 46.65193787694121 ], [ -0.24892710149288177, 46.65193787694121 ], [ -0.24892576038837433, 46.65193741665497 ], [ -0.24892408400774002, 46.65193741665497 ], [ -0.24892307817935944, 46.651936956368715 ], [ -0.24892207235097885, 46.65193672622559 ], [ -0.24892039597034454, 46.65193649608246 ], [ -0.24891871958971024, 46.65193649608246 ], [ -0.24891771376132965, 46.65193626593934 ], [ -0.2489163726568222, 46.65193603579621 ], [ -0.24891570210456848, 46.65193580565309 ], [ -0.24891503155231476, 46.65193534536681 ], [ -0.24891268461942673, 46.65193534536681 ], [ -0.24891167879104614, 46.65193534536681 ], [ -0.2489093318581581, 46.65193534536681 ], [ -0.2489093318581581, 46.6519233779226 ], [ -0.24891067296266556, 46.6519233779226 ], [ -0.24891100823879242, 46.65192268749304 ], [ -0.2489093318581581, 46.651922457349855 ], [ -0.2489093318581581, 46.6519111803325 ], [ -0.2489103376865387, 46.65191072004603 ], [ -0.24891000241041183, 46.65190680761086 ], [ -0.2489093318581581, 46.651905887037834 ], [ -0.2489093318581581, 46.65186952439086 ], [ -0.24891000241041183, 46.65186906410403 ], [ -0.248912014067173, 46.65186906410403 ], [ -0.2489136904478073, 46.65186791338695 ], [ -0.24891570210456848, 46.65186722295668 ], [ -0.24891704320907593, 46.65186699281327 ], [ -0.248921737074852, 46.65186699281327 ], [ -0.24892274290323257, 46.65186722295668 ], [ -0.24892374873161316, 46.65186768324353 ], [ -0.24892475455999374, 46.65186768324353 ], [ -0.24892576038837433, 46.65186745310011 ], [ -0.24892743676900864, 46.65186676266984 ], [ -0.24892877787351608, 46.65186653252641 ], [ -0.2489321306347847, 46.65186676266984 ], [ -0.2489348128437996, 46.65186676266984 ], [ -0.24893783032894135, 46.65186653252641 ], [ -0.2489391714334488, 46.65186607223956 ], [ -0.24894285947084427, 46.65186630238299 ], [ -0.24894621223211288, 46.65186630238299 ], [ -0.24894721806049347, 46.65186607223956 ], [ -0.24894855916500092, 46.6518656119527 ], [ -0.2489495649933815, 46.65186538180927 ], [ -0.24895492941141129, 46.65186538180927 ], [ -0.24895962327718735, 46.6518656119527 ], [ -0.24896062910556793, 46.65186607223956 ], [ -0.2489626407623291, 46.65186607223956 ], [ -0.24896331131458282, 46.65186653252641 ], [ -0.24896398186683655, 46.65186630238299 ], [ -0.24896498769521713, 46.65186584209613 ], [ -0.24896733462810516, 46.6518656119527 ], [ -0.24897068738937378, 46.6518656119527 ], [ -0.2489844337105751, 46.65186607223956 ], [ -0.2489861100912094, 46.65186607223956 ], [ -0.24898711591959, 46.6518656119527 ], [ -0.24899013340473175, 46.6518656119527 ], [ -0.24899113923311234, 46.65186607223956 ], [ -0.24899214506149292, 46.65186607223956 ], [ -0.248999185860157, 46.65186607223956 ], [ -0.2490001916885376, 46.65186607223956 ], [ -0.24900153279304504, 46.6518656119527 ], [ -0.24900421500205994, 46.6518656119527 ], [ -0.24900522083044052, 46.65186607223956 ], [ -0.24900924414396286, 46.65186607223956 ], [ -0.24901024997234344, 46.65186653252641 ], [ -0.24901527911424637, 46.65186676266984 ], [ -0.24901963770389557, 46.65186676266984 ], [ -0.24902164936065674, 46.65186699281327 ], [ -0.24902265518903732, 46.65186745310011 ], [ -0.24902399629354477, 46.65186699281327 ], [ -0.24902768433094025, 46.65186699281327 ], [ -0.24902969598770142, 46.65186745310011 ], [ -0.24903472512960434, 46.65186745310011 ], [ -0.24903539568185806, 46.65186768324353 ], [ -0.24903606623411179, 46.651868143530365 ], [ -0.24904713034629822, 46.651868143530365 ], [ -0.24904780089855194, 46.6518686038172 ], [ -0.2490498125553131, 46.6518686038172 ], [ -0.24905115365982056, 46.65186952439086 ], [ -0.2490535005927086, 46.651869754534275 ], [ -0.2490568533539772, 46.65186998467768 ], [ -0.24906054139137268, 46.65186998467768 ], [ -0.24906087666749954, 46.65187044496451 ], [ -0.2490612119436264, 46.651871595681534 ], [ -0.24906087666749954, 46.651875047832476 ], [ -0.24905987083911896, 46.651875508119254 ], [ -0.24905987083911896, 46.651876888979565 ], [ -0.24905920028686523, 46.6518775794097 ], [ -0.24905920028686523, 46.65187803969646 ], [ -0.24905886501073837, 46.65187849998321 ], [ -0.24905819445848465, 46.65187896026996 ], [ -0.24905819445848465, 46.65188034113017 ], [ -0.2490585297346115, 46.65188103156027 ], [ -0.24905920028686523, 46.65188172199036 ], [ -0.24905920028686523, 46.65188632485737 ], [ -0.24905886501073837, 46.6518877057174 ], [ -0.24905819445848465, 46.651888626290734 ], [ -0.2490578591823578, 46.651890007150705 ], [ -0.24905752390623093, 46.65189161815396 ], [ -0.24905651807785034, 46.651892078440596 ], [ -0.24905584752559662, 46.65189276887053 ], [ -0.24905584752559662, 46.651893459300474 ], [ -0.24905651807785034, 46.6518941497304 ], [ -0.24905651807785034, 46.65189599087684 ], [ -0.24905584752559662, 46.65189737173662 ], [ -0.24905584752559662, 46.65189875259637 ], [ -0.24905551224946976, 46.65190013345608 ], [ -0.2490551769733429, 46.651901284172475 ], [ -0.24905484169721603, 46.651901744459025 ], [ -0.2490541711449623, 46.65190220474558 ], [ -0.2490541711449623, 46.65190381574847 ], [ -0.24905383586883545, 46.651904276035 ], [ -0.24905283004045486, 46.65190496646479 ], [ -0.249052494764328, 46.65190634732434 ], [ -0.249052494764328, 46.65190726789736 ], [ -0.24905215948820114, 46.65190795832711 ], [ -0.24905115365982056, 46.65190841861361 ], [ -0.24905048310756683, 46.651908878900095 ], [ -0.24905014783143997, 46.65190956932983 ], [ -0.24905014783143997, 46.65191072004603 ], [ -0.24902299046516418, 46.65191072004603 ], [ -0.24902231991291046, 46.65191025975955 ], [ -0.24902131408452988, 46.65190956932983 ], [ -0.24901863187551498, 46.65190956932983 ], [ -0.24901695549488068, 46.65191025975955 ], [ -0.2490132674574852, 46.65191025975955 ], [ -0.24901226162910461, 46.65191002961632 ], [ -0.24901092052459717, 46.65190933918659 ], [ -0.24900991469621658, 46.651908878900095 ], [ -0.24900957942008972, 46.65190726789736 ], [ -0.24900857359170914, 46.6519070377541 ], [ -0.24900689721107483, 46.65190749804061 ], [ -0.24900253862142563, 46.65190726789736 ], [ -0.24900119751691818, 46.65190795832711 ], [ -0.2489948272705078, 46.65190795832711 ], [ -0.24899449199438095, 46.65190749804061 ], [ -0.24899281561374664, 46.65190772818386 ], [ -0.24899214506149292, 46.65190864875685 ], [ -0.24899180978536606, 46.65191048990279 ], [ -0.24899113923311234, 46.6519111803325 ], [ -0.2489904686808586, 46.65191164061897 ], [ -0.24898946285247803, 46.65191325162158 ], [ -0.2489887923002243, 46.65191371190803 ], [ -0.24898845702409744, 46.651914402337695 ], [ -0.24898845702409744, 46.65191900520193 ], [ -0.24898678064346313, 46.65191992577473 ], [ -0.24898644536733627, 46.65192061620433 ], [ -0.24898577481508255, 46.651921076490716 ], [ -0.24898678064346313, 46.6519213066339 ], [ -0.24899013340473175, 46.651921076490716 ], [ -0.2489904686808586, 46.651921766920296 ], [ -0.24899080395698547, 46.651922227206676 ], [ -0.2489931508898735, 46.651923838208965 ], [ -0.24899382144212723, 46.651924758781675 ], [ -0.24899382144212723, 46.65192544921121 ], [ -0.24899449199438095, 46.65192590949755 ], [ -0.24899952113628387, 46.65192613964073 ], [ -0.24900253862142563, 46.6519263697839 ], [ -0.24900924414396286, 46.65192613964073 ], [ -0.24901125580072403, 46.651924758781675 ], [ -0.24901125580072403, 46.651924068352145 ], [ -0.24901427328586578, 46.651923838208965 ], [ -0.24901427328586578, 46.65192590949755 ], [ -0.24901527911424637, 46.6519263697839 ], [ -0.24901662021875381, 46.65192752049975 ], [ -0.2490176260471344, 46.651927750642905 ], [ -0.24901796132326126, 46.65192821092923 ], [ -0.24901796132326126, 46.65192867121556 ], [ -0.24901829659938812, 46.65192913150188 ], [ -0.2490203082561493, 46.65192936164504 ], [ -0.24902064353227615, 46.65192752049975 ], [ -0.2490263432264328, 46.65192752049975 ], [ -0.24902734905481339, 46.65192821092923 ], [ -0.24902835488319397, 46.6519284410724 ], [ -0.2490290254354477, 46.6519284410724 ], [ -0.24902969598770142, 46.65192890135872 ], [ -0.24902969598770142, 46.65192936164504 ], [ -0.24903036653995514, 46.65193005207451 ], [ -0.24903271347284317, 46.65193028221766 ], [ -0.2490333840250969, 46.651930972647115 ], [ -0.24903438985347748, 46.65193028221766 ], [ -0.2490350604057312, 46.6519295917882 ], [ -0.24903539568185806, 46.65192913150188 ], [ -0.24903573095798492, 46.6519284410724 ], [ -0.24903573095798492, 46.65192798078608 ], [ -0.2490367367863655, 46.651927290356575 ], [ -0.2490377426147461, 46.651926830070245 ], [ -0.24903908371925354, 46.6519263697839 ], [ -0.24904008954763412, 46.6519263697839 ], [ -0.249040424823761, 46.651925679354385 ], [ -0.24904008954763412, 46.65192268749304 ], [ -0.249040424823761, 46.651922227206676 ], [ -0.2490410953760147, 46.651921766920296 ], [ -0.2490410953760147, 46.6519213066339 ], [ -0.24904277175664902, 46.65192015591793 ], [ -0.24904310703277588, 46.65191969563154 ], [ -0.24904310703277588, 46.65191923534514 ], [ -0.24904344230890274, 46.65191877505873 ], [ -0.24904310703277588, 46.65191785448591 ], [ -0.24904176592826843, 46.65191716405629 ], [ -0.24904176592826843, 46.65191463248093 ], [ -0.24904243648052216, 46.65191417219448 ], [ -0.24904243648052216, 46.65191371190803 ], [ -0.2490437775850296, 46.65191302147836 ], [ -0.24904444813728333, 46.65191164061897 ], [ -0.2490454539656639, 46.6519111803325 ], [ -0.24905014783143997, 46.6519111803325 ], [ -0.24905014783143997, 46.65191302147836 ], [ -0.24904947727918625, 46.65191371190803 ], [ -0.24904947727918625, 46.651914402337695 ], [ -0.2490481361746788, 46.65191624348345 ], [ -0.2490481361746788, 46.65191693391308 ], [ -0.2490481361746788, 46.651917394199494 ], [ -0.24904847145080566, 46.651918084629116 ], [ -0.2490491420030594, 46.65191877505873 ], [ -0.2490491420030594, 46.6519213066339 ], [ -0.24904880672693253, 46.651922227206676 ], [ -0.2490481361746788, 46.651922917636234 ], [ -0.2490481361746788, 46.651923838208965 ], [ -0.24904780089855194, 46.65192498892486 ], [ -0.24904713034629822, 46.65192544921121 ], [ -0.24904713034629822, 46.65192590949755 ], [ -0.24904679507017136, 46.65192659992707 ], [ -0.2490447834134102, 46.65192798078608 ], [ -0.24904444813728333, 46.65192867121556 ], [ -0.24904444813728333, 46.651929821931354 ], [ -0.2490437775850296, 46.65193051236082 ], [ -0.2490437775850296, 46.65193166307657 ], [ -0.24904310703277588, 46.65193235350601 ], [ -0.24904310703277588, 46.65193304393544 ], [ -0.24904143065214157, 46.65193419465114 ], [ -0.2490410953760147, 46.651934654937406 ], [ -0.2490410953760147, 46.65193626593934 ], [ -0.249040424823761, 46.651936956368715 ], [ -0.249040424823761, 46.65193787694121 ], [ -0.24903975427150726, 46.651938337227456 ], [ -0.2490394189953804, 46.65193902765681 ], [ -0.24903874844312668, 46.65193948794305 ], [ -0.24903807789087296, 46.65193948794305 ], [ -0.24903707206249237, 46.65194017837238 ], [ -0.2490367367863655, 46.6519406386586 ], [ -0.24903640151023865, 46.65194132908793 ], [ -0.24903573095798492, 46.65194178937414 ], [ -0.2490350604057312, 46.65194224966035 ], [ -0.2490350604057312, 46.651942940089654 ], [ -0.24903539568185806, 46.651943400375856 ], [ -0.2490377426147461, 46.65194363051895 ], [ -0.2490377426147461, 46.651945471663694 ], [ -0.24903573095798492, 46.651946622379135 ], [ -0.24903170764446259, 46.65194639223605 ] ] ] ],
      "type" : "MultiPolygon"
    },
    "type" : "Feature",
    "properties" : {
      "confidence" : null,
      "zoom" : 20,
      "id" : "736e52af-f19f-4cde-a780-8b5ab4ddbfd3",
      "label" : "MOISISSURE"
    }
  }, {
    "geometry" : {
      "coordinates" : [ [ [ [ -0.24907059967517853, 46.65194777309455 ], [ -0.24906959384679794, 46.65194754295147 ], [ -0.24906892329454422, 46.65194731280838 ], [ -0.2490682527422905, 46.65194685252222 ], [ -0.24906758219003677, 46.651945931949875 ], [ -0.24906758219003677, 46.65194524152061 ], [ -0.2490665763616562, 46.65194455109133 ], [ -0.24906691163778305, 46.65194201951724 ], [ -0.24906691163778305, 46.65194132908793 ], [ -0.24906590580940247, 46.65194086880172 ], [ -0.2490655705332756, 46.65194040851549 ], [ -0.2490655705332756, 46.651938337227456 ], [ -0.24906624108552933, 46.65193787694121 ], [ -0.2490665763616562, 46.651937186511844 ], [ -0.24906691163778305, 46.65193649608246 ], [ -0.24906691163778305, 46.65193235350601 ], [ -0.2490672469139099, 46.65193189321971 ], [ -0.24906791746616364, 46.65193143293343 ], [ -0.24906791746616364, 46.65193051236082 ], [ -0.24906959384679794, 46.6519284410724 ], [ -0.24906959384679794, 46.651927290356575 ], [ -0.2490699291229248, 46.6519263697839 ], [ -0.2490709349513054, 46.65192521906803 ], [ -0.2490709349513054, 46.651924758781675 ], [ -0.24907194077968597, 46.651923608065786 ], [ -0.24907194077968597, 46.65192268749304 ], [ -0.24907194077968597, 46.65192199706348 ], [ -0.2490716055035591, 46.651921076490716 ], [ -0.2490716055035591, 46.65191900520193 ], [ -0.24907194077968597, 46.65191854491553 ], [ -0.24907361716032028, 46.651917394199494 ], [ -0.24907361716032028, 46.65191532291058 ], [ -0.24907328188419342, 46.65191141047574 ], [ -0.24907629936933517, 46.65191164061897 ], [ -0.2490769699215889, 46.65191164061897 ], [ -0.24907931685447693, 46.65191141047574 ], [ -0.24907998740673065, 46.65191095018927 ], [ -0.24907797574996948, 46.65191072004603 ], [ -0.24907797574996948, 46.651908878900095 ], [ -0.24907730519771576, 46.65190841861361 ], [ -0.24907730519771576, 46.651904276035 ], [ -0.24907898157835007, 46.65190220474558 ], [ -0.24907931685447693, 46.651901284172475 ], [ -0.24907931685447693, 46.65190082388592 ], [ -0.24907998740673065, 46.65190059374263 ], [ -0.24907998740673065, 46.65189990331279 ], [ -0.24908233433961868, 46.65189990331279 ], [ -0.24908266961574554, 46.651899443026224 ], [ -0.24908535182476044, 46.651899443026224 ], [ -0.24908602237701416, 46.65189967316951 ], [ -0.24908669292926788, 46.65190013345608 ], [ -0.24908669292926788, 46.65190243488885 ], [ -0.2490856871008873, 46.65190266503212 ], [ -0.2490846812725067, 46.65190335546193 ], [ -0.2490856871008873, 46.651904045891726 ], [ -0.24908602237701416, 46.65190473632153 ], [ -0.24908669292926788, 46.65190519660805 ], [ -0.24909105151891708, 46.65190519660805 ], [ -0.2490917220711708, 46.65190565689457 ], [ -0.24909373372793198, 46.65190565689457 ], [ -0.2490944042801857, 46.651906117181085 ], [ -0.24909507483243942, 46.65190565689457 ], [ -0.24909943342208862, 46.651905887037834 ], [ -0.24910245090723038, 46.651905887037834 ], [ -0.24910412728786469, 46.65190519660805 ], [ -0.24910680949687958, 46.65190519660805 ], [ -0.24911049753427505, 46.65190542675131 ], [ -0.24911116808652878, 46.651904045891726 ], [ -0.24911116808652878, 46.65190266503212 ], [ -0.24911150336265564, 46.6519019746023 ], [ -0.24911217391490936, 46.651901054029196 ], [ -0.24911284446716309, 46.65190059374263 ], [ -0.24911284446716309, 46.65190013345608 ], [ -0.24911317974328995, 46.65189967316951 ], [ -0.2491145208477974, 46.65189875259637 ], [ -0.24911519140005112, 46.651898062166495 ], [ -0.24911552667617798, 46.65189760187991 ], [ -0.24911586195230484, 46.65189622102013 ], [ -0.24911586195230484, 46.651893919587096 ], [ -0.24911653250455856, 46.65189322915717 ], [ -0.24911653250455856, 46.651891157867325 ], [ -0.2491172030568123, 46.65189046743736 ], [ -0.24911753833293915, 46.651889777007376 ], [ -0.24911753833293915, 46.65188931672072 ], [ -0.24911820888519287, 46.651888626290734 ], [ -0.24911820888519287, 46.65188793586074 ], [ -0.249117873609066, 46.65188701528739 ], [ -0.24911485612392426, 46.65188678514405 ], [ -0.24911385029554367, 46.651887475574064 ], [ -0.24911116808652878, 46.651887475574064 ], [ -0.24911049753427505, 46.65188724543073 ], [ -0.24910982698202133, 46.65188678514405 ], [ -0.24910982698202133, 46.65188609471402 ], [ -0.2491091564297676, 46.651885634427344 ], [ -0.24910882115364075, 46.65188609471402 ], [ -0.24910815060138702, 46.651886555000715 ], [ -0.24910647422075272, 46.65188678514405 ], [ -0.24910278618335724, 46.65188678514405 ], [ -0.24910110980272293, 46.65188609471402 ], [ -0.2491004392504692, 46.65188609471402 ], [ -0.24909742176532745, 46.65188632485737 ], [ -0.24909675121307373, 46.65188609471402 ], [ -0.24909641593694687, 46.651885634427344 ], [ -0.24909574538469315, 46.65188517414065 ], [ -0.2490856871008873, 46.651885404284 ], [ -0.2490856871008873, 46.651883102850505 ], [ -0.24908602237701416, 46.651881952133714 ], [ -0.24908669292926788, 46.65188149184699 ], [ -0.24908702820539474, 46.65188103156027 ], [ -0.24908702820539474, 46.65188057127354 ], [ -0.24908669292926788, 46.65188011098681 ], [ -0.24908434599637985, 46.65187988084344 ], [ -0.24908434599637985, 46.65187803969646 ], [ -0.2490846812725067, 46.6518775794097 ], [ -0.24908602237701416, 46.65187665883619 ], [ -0.24908669292926788, 46.65187596840603 ], [ -0.2490873634815216, 46.651875047832476 ], [ -0.2490873634815216, 46.65187435740231 ], [ -0.24908702820539474, 46.651871825824934 ], [ -0.24908769875764847, 46.651871365538135 ], [ -0.24908903986215591, 46.65187090525132 ], [ -0.24909205734729767, 46.65187090525132 ], [ -0.24909339845180511, 46.651871365538135 ], [ -0.24909406900405884, 46.651871825824934 ], [ -0.24909675121307373, 46.651871825824934 ], [ -0.24909775704145432, 46.651871595681534 ], [ -0.24909909814596176, 46.65187113539472 ], [ -0.24910412728786469, 46.65187113539472 ], [ -0.2491047978401184, 46.651871365538135 ], [ -0.24910546839237213, 46.651871825824934 ], [ -0.24910647422075272, 46.651871825824934 ], [ -0.24910714477300644, 46.65187205596834 ], [ -0.24910781532526016, 46.65187251625514 ], [ -0.24910949170589447, 46.65187251625514 ], [ -0.24911049753427505, 46.65187297654194 ], [ -0.2491118386387825, 46.65187297654194 ], [ -0.24911250919103622, 46.65187343682874 ], [ -0.24911317974328995, 46.65187366697213 ], [ -0.24911385029554367, 46.65187366697213 ], [ -0.24912089109420776, 46.65187343682874 ], [ -0.24912457913160324, 46.65187366697213 ], [ -0.24912558495998383, 46.65187412725892 ], [ -0.24912625551223755, 46.65187412725892 ], [ -0.24912726134061813, 46.65187412725892 ], [ -0.24913564324378967, 46.65187412725892 ], [ -0.24913731962442398, 46.651874587545706 ], [ -0.24913933128118515, 46.651874587545706 ], [ -0.24914167821407318, 46.651874817689084 ], [ -0.2491423487663269, 46.651875047832476 ], [ -0.24914301931858063, 46.651875508119254 ], [ -0.2491440251469612, 46.651875738262646 ], [ -0.24914637207984924, 46.651875738262646 ], [ -0.24914737790822983, 46.6518764286928 ], [ -0.2491483837366104, 46.65187665883619 ], [ -0.24914871901273727, 46.65187734926632 ], [ -0.24914972484111786, 46.65187803969646 ], [ -0.24915073066949844, 46.651877809553085 ], [ -0.2491510659456253, 46.65187734926632 ], [ -0.2491520717740059, 46.65187711912294 ], [ -0.24915307760238647, 46.6518764286928 ], [ -0.2491607889533043, 46.6518764286928 ], [ -0.2491624653339386, 46.651876888979565 ], [ -0.2491685003042221, 46.65187711912294 ], [ -0.24917520582675934, 46.65187734926632 ], [ -0.24918090552091599, 46.65187734926632 ], [ -0.24918224662542343, 46.651876888979565 ], [ -0.24918492883443832, 46.651876888979565 ], [ -0.24918660521507263, 46.65187711912294 ], [ -0.24918794631958008, 46.6518775794097 ], [ -0.24918962270021439, 46.651877809553085 ], [ -0.24919196963310242, 46.651877809553085 ], [ -0.2491973340511322, 46.6518775794097 ], [ -0.2491983398795128, 46.651877809553085 ], [ -0.24919968098402023, 46.651878269839834 ], [ -0.24920202791690826, 46.65187849998321 ], [ -0.249202698469162, 46.65187849998321 ], [ -0.24920370429754257, 46.65187803969646 ], [ -0.24920672178268433, 46.65187803969646 ], [ -0.2492077276110649, 46.65187849998321 ], [ -0.24921175092458725, 46.65187849998321 ], [ -0.24921275675296783, 46.65187919041333 ], [ -0.24921275675296783, 46.65188011098681 ], [ -0.249214768409729, 46.65188034113017 ], [ -0.24921543896198273, 46.65188218227708 ], [ -0.24921510368585587, 46.65188586457069 ], [ -0.24921510368585587, 46.6518877057174 ], [ -0.24921510368585587, 46.65189138801064 ], [ -0.24921510368585587, 46.6518923085839 ], [ -0.24921376258134842, 46.65189299901385 ], [ -0.24921342730522156, 46.651893459300474 ], [ -0.24921342730522156, 46.65189437987371 ], [ -0.2492130920290947, 46.65189507030363 ], [ -0.24921242147684097, 46.65189576073353 ], [ -0.2492120862007141, 46.65189737173662 ], [ -0.2492120862007141, 46.65189921288294 ], [ -0.24921175092458725, 46.65190082388592 ], [ -0.24921074509620667, 46.6519019746023 ], [ -0.24921074509620667, 46.65190243488885 ], [ -0.24921007454395294, 46.65190312531866 ], [ -0.24921007454395294, 46.6519035856052 ], [ -0.24920940399169922, 46.651904276035 ], [ -0.24920940399169922, 46.65190519660805 ], [ -0.2492087334394455, 46.651905887037834 ], [ -0.2492087334394455, 46.65190634732434 ], [ -0.24920839816331863, 46.6519070377541 ], [ -0.2492060512304306, 46.65190818847036 ], [ -0.24920538067817688, 46.65191002961632 ], [ -0.24920538067817688, 46.65191072004603 ], [ -0.24919766932725906, 46.65191095018927 ], [ -0.2491983398795128, 46.65191141047574 ], [ -0.24919968098402023, 46.65191164061897 ], [ -0.2492000162601471, 46.651912100905434 ], [ -0.2492000162601471, 46.65191532291058 ], [ -0.24919968098402023, 46.65191601334023 ], [ -0.24919867515563965, 46.65191670376987 ], [ -0.24919867515563965, 46.65192038606113 ], [ -0.24919699877500534, 46.65192038606113 ], [ -0.24919632822275162, 46.651921536777095 ], [ -0.24919632822275162, 46.65192268749304 ], [ -0.24919666349887848, 46.651923608065786 ], [ -0.24919699877500534, 46.651924068352145 ], [ -0.24919800460338593, 46.651924758781675 ], [ -0.2491983398795128, 46.65192613964073 ], [ -0.2491983398795128, 46.651927750642905 ], [ -0.24919867515563965, 46.6519284410724 ], [ -0.24919968098402023, 46.65192913150188 ], [ -0.24920035153627396, 46.65192913150188 ], [ -0.24920035153627396, 46.65193189321971 ], [ -0.24920035153627396, 46.651932583649156 ], [ -0.24920068681240082, 46.65193373436487 ], [ -0.24920068681240082, 46.65193580565309 ], [ -0.2492000162601471, 46.65193672622559 ], [ -0.24919968098402023, 46.651937186511844 ], [ -0.24919699877500534, 46.651937186511844 ], [ -0.24919666349887848, 46.65193649608246 ], [ -0.24919632822275162, 46.65193580565309 ], [ -0.2491956576704979, 46.65193534536681 ], [ -0.24919498711824417, 46.651935575509945 ], [ -0.2491939812898636, 46.651935575509945 ], [ -0.24919230490922928, 46.65193626593934 ], [ -0.2491912990808487, 46.65193649608246 ], [ -0.2491886168718338, 46.65193649608246 ], [ -0.24918794631958008, 46.65193626593934 ], [ -0.2491869404911995, 46.651935575509945 ], [ -0.2491859346628189, 46.65193534536681 ], [ -0.24918492883443832, 46.65193442479428 ], [ -0.24918325245380402, 46.65193442479428 ], [ -0.2491825819015503, 46.65193373436487 ], [ -0.2491798996925354, 46.65193350422172 ], [ -0.2491782233119011, 46.65193327407858 ], [ -0.24917755275964737, 46.65193304393544 ], [ -0.24917688220739365, 46.651932583649156 ], [ -0.24917621165513992, 46.65193235350601 ], [ -0.24917520582675934, 46.65193212336286 ], [ -0.24917252361774445, 46.65193212336286 ], [ -0.24917185306549072, 46.65193143293343 ], [ -0.249171182513237, 46.651930972647115 ], [ -0.24916883558034897, 46.651930742503964 ], [ -0.24916581809520721, 46.651930972647115 ], [ -0.2491651475429535, 46.65193051236082 ], [ -0.24916481226682663, 46.651929821931354 ], [ -0.2491641417145729, 46.65192936164504 ], [ -0.24916380643844604, 46.65192890135872 ], [ -0.24916380643844604, 46.6519284410724 ], [ -0.24916112422943115, 46.65192821092923 ], [ -0.24916045367717743, 46.651927750642905 ], [ -0.2491581067442894, 46.65192752049975 ], [ -0.24915609508752823, 46.65192752049975 ], [ -0.24915575981140137, 46.651926830070245 ], [ -0.24915508925914764, 46.6519263697839 ], [ -0.24915307760238647, 46.65192613964073 ], [ -0.24915240705013275, 46.65192613964073 ], [ -0.24915173649787903, 46.65192659992707 ], [ -0.2491510659456253, 46.65192752049975 ], [ -0.24915006011724472, 46.651927750642905 ], [ -0.24914905428886414, 46.651927750642905 ], [ -0.24914804846048355, 46.65192798078608 ], [ -0.24914704263210297, 46.65192867121556 ], [ -0.2491467073559761, 46.65192936164504 ], [ -0.24914603680372238, 46.65193005207451 ], [ -0.2491440251469612, 46.65193051236082 ], [ -0.2491389960050583, 46.65193051236082 ], [ -0.2491379901766777, 46.65193028221766 ], [ -0.24913698434829712, 46.651929821931354 ], [ -0.24913564324378967, 46.651929821931354 ], [ -0.2491346374154091, 46.6519295917882 ], [ -0.2491336315870285, 46.65192936164504 ], [ -0.2491309493780136, 46.651927750642905 ], [ -0.24913061410188675, 46.6519233779226 ], [ -0.24913061410188675, 46.651921536777095 ], [ -0.2491309493780136, 46.65192061620433 ], [ -0.24913161993026733, 46.65191992577473 ], [ -0.24913161993026733, 46.65191923534514 ], [ -0.24913296103477478, 46.65191854491553 ], [ -0.2491336315870285, 46.65191670376987 ], [ -0.2491336315870285, 46.65191624348345 ], [ -0.24913296103477478, 46.65191509276736 ], [ -0.24913296103477478, 46.65191256119189 ], [ -0.2491336315870285, 46.65191256119189 ], [ -0.24913430213928223, 46.651912100905434 ], [ -0.2491346374154091, 46.65191141047574 ], [ -0.2491353079676628, 46.65191095018927 ], [ -0.24914100766181946, 46.65191095018927 ], [ -0.2491406723856926, 46.65190979947307 ], [ -0.24913866072893143, 46.65190956932983 ], [ -0.2491379901766777, 46.65190864875685 ], [ -0.2491379901766777, 46.65190542675131 ], [ -0.24913832545280457, 46.65190473632153 ], [ -0.2491389960050583, 46.651904045891726 ], [ -0.2491389960050583, 46.65190335546193 ], [ -0.249139666557312, 46.6519028951754 ], [ -0.249139666557312, 46.65190243488885 ], [ -0.24914033710956573, 46.651901744459025 ], [ -0.24914033710956573, 46.65190013345608 ], [ -0.24914100766181946, 46.65189967316951 ], [ -0.24914201349020004, 46.65189875259637 ], [ -0.2491433545947075, 46.65189783202321 ], [ -0.24914570152759552, 46.65189599087684 ], [ -0.24914570152759552, 46.65189368944378 ], [ -0.2491467073559761, 46.65189299901385 ], [ -0.24914737790822983, 46.65189253872723 ], [ -0.24914804846048355, 46.6518923085839 ], [ -0.24914972484111786, 46.6518923085839 ], [ -0.24915039539337158, 46.651890007150705 ], [ -0.24915039539337158, 46.65188931672072 ], [ -0.24914972484111786, 46.65188885643407 ], [ -0.249149389564991, 46.65188793586074 ], [ -0.24914905428886414, 46.65188701528739 ], [ -0.24914905428886414, 46.651881952133714 ], [ -0.24914804846048355, 46.65188264256379 ], [ -0.24914737790822983, 46.65188287270714 ], [ -0.24914570152759552, 46.651883332993854 ], [ -0.24914469569921494, 46.65188379328056 ], [ -0.2491440251469612, 46.65188425356726 ], [ -0.2491440251469612, 46.65188471385397 ], [ -0.2491433545947075, 46.65188517414065 ], [ -0.24914268404245377, 46.65188586457069 ], [ -0.24914268404245377, 46.65188632485737 ], [ -0.24914201349020004, 46.65188724543073 ], [ -0.24914134293794632, 46.6518877057174 ], [ -0.24914100766181946, 46.6518883961474 ], [ -0.2491406723856926, 46.651889086577405 ], [ -0.2491406723856926, 46.65189023729403 ], [ -0.24914033710956573, 46.651890697580676 ], [ -0.249139666557312, 46.651891157867325 ], [ -0.249139666557312, 46.6518923085839 ], [ -0.24913933128118515, 46.65189299901385 ], [ -0.24913832545280457, 46.6518941497304 ], [ -0.2491379901766777, 46.65189507030363 ], [ -0.2491379901766777, 46.65189898273965 ], [ -0.24913731962442398, 46.651899443026224 ], [ -0.24913731962442398, 46.65190013345608 ], [ -0.24913698434829712, 46.65190082388592 ], [ -0.24913597851991653, 46.6519019746023 ], [ -0.24913597851991653, 46.65190266503212 ], [ -0.2491353079676628, 46.65190335546193 ], [ -0.2491353079676628, 46.65190381574847 ], [ -0.2491346374154091, 46.65190450617826 ], [ -0.2491346374154091, 46.65190496646479 ], [ -0.2491336315870285, 46.651906117181085 ], [ -0.24913329631090164, 46.65190680761086 ], [ -0.24913329631090164, 46.65190749804061 ], [ -0.24913296103477478, 46.65190818847036 ], [ -0.24913229048252106, 46.651908878900095 ], [ -0.2491319552063942, 46.65190956932983 ], [ -0.2491319552063942, 46.65191325162158 ], [ -0.24913161993026733, 46.65191371190803 ], [ -0.2491302788257599, 46.65191486262413 ], [ -0.2491292729973793, 46.65191555305379 ], [ -0.24912893772125244, 46.65191601334023 ], [ -0.24912893772125244, 46.65191670376987 ], [ -0.24912826716899872, 46.651917394199494 ], [ -0.24912793189287186, 46.651918084629116 ], [ -0.249127596616745, 46.65191900520193 ], [ -0.249127596616745, 46.65191992577473 ], [ -0.24912726134061813, 46.6519213066339 ], [ -0.24912692606449127, 46.65192199706348 ], [ -0.24912524968385696, 46.651924298495324 ], [ -0.24912457913160324, 46.651924758781675 ], [ -0.24912457913160324, 46.65192521906803 ], [ -0.24912424385547638, 46.651925679354385 ], [ -0.24912357330322266, 46.65192613964073 ], [ -0.2491232380270958, 46.65192659992707 ], [ -0.24912290275096893, 46.651927290356575 ], [ -0.24912256747484207, 46.65192821092923 ], [ -0.2491222321987152, 46.65192913150188 ], [ -0.2491222321987152, 46.651930742503964 ], [ -0.2491215616464615, 46.65193143293343 ], [ -0.2491215616464615, 46.65193235350601 ], [ -0.24911988526582718, 46.65193327407858 ], [ -0.2491188794374466, 46.65193327407858 ], [ -0.24911753833293915, 46.65193419465114 ], [ -0.2491135150194168, 46.651933964508004 ], [ -0.24911284446716309, 46.65193419465114 ], [ -0.24911150336265564, 46.65193511522367 ], [ -0.24911150336265564, 46.651935575509945 ], [ -0.24911083281040192, 46.65193603579621 ], [ -0.24911083281040192, 46.65193948794305 ], [ -0.24910982698202133, 46.65194017837238 ], [ -0.24910647422075272, 46.65194017837238 ], [ -0.24910546839237213, 46.6519406386586 ], [ -0.24910412728786469, 46.65194178937414 ], [ -0.24910245090723038, 46.65194224966035 ], [ -0.2491014450788498, 46.65194224966035 ], [ -0.24910010397434235, 46.651942479803445 ], [ -0.2490987628698349, 46.651943400375856 ], [ -0.2490970864892006, 46.65194432094824 ], [ -0.24909641593694687, 46.65194455109133 ], [ -0.24909507483243942, 46.65194478123443 ], [ -0.24909239262342453, 46.65194478123443 ], [ -0.24909038096666336, 46.65194501137752 ], [ -0.24908903986215591, 46.65194616209296 ], [ -0.24908803403377533, 46.65194639223605 ], [ -0.24908501654863358, 46.65194639223605 ], [ -0.24908367544412613, 46.65194616209296 ], [ -0.24908266961574554, 46.65194570180678 ], [ -0.24908099323511124, 46.65194570180678 ], [ -0.2490796521306038, 46.65194524152061 ], [ -0.2490786463022232, 46.65194524152061 ], [ -0.24907730519771576, 46.651945471663694 ], [ -0.2490759640932083, 46.651946622379135 ], [ -0.2490759640932083, 46.6519470826653 ], [ -0.2490752935409546, 46.65194754295147 ], [ -0.24907328188419342, 46.65194777309455 ], [ -0.24907059967517853, 46.65194777309455 ] ] ] ],
      "type" : "MultiPolygon"
    },
    "type" : "Feature",
    "properties" : {
      "confidence" : null,
      "zoom" : 20,
      "id" : "0079b7ba-8ddf-4b52-8ae4-6bc6abc59d21",
      "label" : "MOISISSURE"
    }
  }, {
    "geometry" : {
      "coordinates" : [ [ [ [ -0.24908769875764847, 46.65197124768357 ], [ -0.24908635765314102, 46.651971017540596 ], [ -0.24908501654863358, 46.65197055725463 ], [ -0.24908367544412613, 46.651969636682686 ], [ -0.2490830048918724, 46.6519694065397 ], [ -0.24908233433961868, 46.6519694065397 ], [ -0.24908166378736496, 46.65196917639672 ], [ -0.2490813285112381, 46.65196871611074 ], [ -0.24908099323511124, 46.65196779553876 ], [ -0.24908099323511124, 46.65196319267868 ], [ -0.24907998740673065, 46.65196273239265 ], [ -0.24907931685447693, 46.651962272106616 ], [ -0.24907898157835007, 46.65196158167756 ], [ -0.2490786463022232, 46.651960891248486 ], [ -0.2490786463022232, 46.65196043096244 ], [ -0.24907831102609634, 46.651959970676394 ], [ -0.2490769699215889, 46.6519592802473 ], [ -0.24907663464546204, 46.65195812953214 ], [ -0.2490759640932083, 46.651957669246066 ], [ -0.2490752935409546, 46.6519567486739 ], [ -0.2490752935409546, 46.651956288387815 ], [ -0.249074287712574, 46.651955137672594 ], [ -0.249074287712574, 46.65195467738649 ], [ -0.24907361716032028, 46.65195421710039 ], [ -0.2490726113319397, 46.65195421710039 ], [ -0.24907227605581284, 46.65195214581288 ], [ -0.2490726113319397, 46.65195168552676 ], [ -0.24907361716032028, 46.651951455383696 ], [ -0.2490769699215889, 46.651951455383696 ], [ -0.2490830048918724, 46.65195168552676 ], [ -0.24908434599637985, 46.65195214581288 ], [ -0.24908669292926788, 46.65195237595594 ], [ -0.24909406900405884, 46.65195237595594 ], [ -0.24909507483243942, 46.651952606099 ], [ -0.24909675121307373, 46.651953296528184 ], [ -0.2490987628698349, 46.651953296528184 ], [ -0.24909943342208862, 46.65195352667123 ], [ -0.24909943342208862, 46.651956518530866 ], [ -0.24910077452659607, 46.651956288387815 ], [ -0.24910077452659607, 46.65195582810172 ], [ -0.2491047978401184, 46.65195582810172 ], [ -0.2491047978401184, 46.651956518530866 ], [ -0.24910613894462585, 46.6519567486739 ], [ -0.24910613894462585, 46.65195905010427 ], [ -0.24910680949687958, 46.65195951039033 ], [ -0.2491074800491333, 46.65195951039033 ], [ -0.24910848587751389, 46.65195951039033 ], [ -0.2491091564297676, 46.6519592802473 ], [ -0.24911217391490936, 46.6519592802473 ], [ -0.24911217391490936, 46.65196135153453 ], [ -0.24911150336265564, 46.6519620419636 ], [ -0.24911150336265564, 46.65196296253566 ], [ -0.24911083281040192, 46.65196365296472 ], [ -0.24911083281040192, 46.65196641468078 ], [ -0.24911049753427505, 46.65196687496678 ], [ -0.24910781532526016, 46.65196687496678 ], [ -0.24910714477300644, 46.65196733525277 ], [ -0.24910513311624527, 46.65196802568176 ], [ -0.24910446256399155, 46.65196802568176 ], [ -0.24910345673561096, 46.65196871611074 ], [ -0.24910010397434235, 46.65196871611074 ], [ -0.24909842759370804, 46.65196871611074 ], [ -0.24909775704145432, 46.65196917639672 ], [ -0.24909742176532745, 46.65196986682568 ], [ -0.24909675121307373, 46.65197032711165 ], [ -0.24909541010856628, 46.651971017540596 ], [ -0.24909507483243942, 46.65197124768357 ], [ -0.24908769875764847, 46.65197124768357 ] ] ] ],
      "type" : "MultiPolygon"
    },
    "type" : "Feature",
    "properties" : {
      "confidence" : null,
      "zoom" : 20,
      "id" : "970f3c6b-f26a-4e51-a122-d424b3e2eb98",
      "label" : "MOISISSURE"
    }
  }, {
    "geometry" : {
      "coordinates" : [ [ [ [ -0.2490035444498062, 46.65201635568879 ], [ -0.2490028738975525, 46.65201589540322 ], [ -0.24900220334529877, 46.65201589540322 ], [ -0.24900153279304504, 46.65201566526043 ], [ -0.24900086224079132, 46.65201520497484 ], [ -0.24899985641241074, 46.65201520497484 ], [ -0.248999185860157, 46.65201497483204 ], [ -0.24899885058403015, 46.65201106240441 ], [ -0.24899952113628387, 46.65201106240441 ], [ -0.24899985641241074, 46.652010141833166 ], [ -0.2490001916885376, 46.65200968154753 ], [ -0.24900086224079132, 46.6520092212619 ], [ -0.24900086224079132, 46.652008760976265 ], [ -0.24900052696466446, 46.65200830069062 ], [ -0.24899985641241074, 46.65200784040497 ], [ -0.2489985153079033, 46.65200853083344 ], [ -0.24899818003177643, 46.65200899111908 ], [ -0.24899784475564957, 46.65201106240441 ], [ -0.24899784475564957, 46.65201175283285 ], [ -0.24899549782276154, 46.65201175283285 ], [ -0.24899449199438095, 46.65201244326126 ], [ -0.2489941567182541, 46.65201313368967 ], [ -0.24899348616600037, 46.652013824118065 ], [ -0.24899013340473175, 46.65201405426086 ], [ -0.24898912757635117, 46.65201451454646 ], [ -0.24898845702409744, 46.65201497483204 ], [ -0.24898778647184372, 46.65201520497484 ], [ -0.24898644536733627, 46.65201543511763 ], [ -0.24898376315832138, 46.65201543511763 ], [ -0.24898376315832138, 46.652014744689254 ], [ -0.24898309260606766, 46.652014284403656 ], [ -0.24898242205381393, 46.652014284403656 ], [ -0.24898141622543335, 46.652013824118065 ], [ -0.24897940456867218, 46.652013824118065 ], [ -0.24897940456867218, 46.65201313368967 ], [ -0.24897873401641846, 46.652012673404066 ], [ -0.24897806346416473, 46.65201244326126 ], [ -0.24897705763578415, 46.65201244326126 ], [ -0.24897336959838867, 46.652012673404066 ], [ -0.24897269904613495, 46.652011522690024 ], [ -0.24897169321775436, 46.65201106240441 ], [ -0.24897202849388123, 46.65200853083344 ], [ -0.24897202849388123, 46.652006229405174 ], [ -0.2489713579416275, 46.65200576911951 ], [ -0.24897068738937378, 46.65200576911951 ], [ -0.24897035211324692, 46.652004618405336 ], [ -0.24897035211324692, 46.652003007405455 ], [ -0.24896934628486633, 46.6520027772626 ], [ -0.2489686757326126, 46.65200231697691 ], [ -0.24896632879972458, 46.65200231697691 ], [ -0.24896565824747086, 46.65200139640551 ], [ -0.248965322971344, 46.651999785405536 ], [ -0.24896465241909027, 46.65199863469123 ], [ -0.2489643171429634, 46.65199932511981 ], [ -0.24896197021007538, 46.65199932511981 ], [ -0.24896163493394852, 46.65200001554839 ], [ -0.2489636465907097, 46.65200024569125 ], [ -0.2489636465907097, 46.65200231697691 ], [ -0.24896129965782166, 46.65200231697691 ], [ -0.2489599585533142, 46.6520027772626 ], [ -0.24895962327718735, 46.65200346769114 ], [ -0.24895627051591873, 46.65200369783398 ], [ -0.24895526468753815, 46.6520027772626 ], [ -0.24895459413528442, 46.65200323754829 ], [ -0.24895258247852325, 46.65200323754829 ], [ -0.2489522472023964, 46.65200576911951 ], [ -0.24895157665014267, 46.6520071499765 ], [ -0.24895157665014267, 46.652008760976265 ], [ -0.24895090609788895, 46.65200899111908 ], [ -0.24895090609788895, 46.652010141833166 ], [ -0.2489468827843666, 46.652010141833166 ], [ -0.24894654750823975, 46.65200945140472 ], [ -0.24894453585147858, 46.652008070547794 ], [ -0.24894285947084427, 46.6520071499765 ], [ -0.24894118309020996, 46.6520071499765 ], [ -0.24894051253795624, 46.652006689690836 ], [ -0.24893950670957565, 46.652007610262146 ], [ -0.24893548339605331, 46.652007610262146 ], [ -0.24893514811992645, 46.6520071499765 ], [ -0.24893548339605331, 46.652004618405336 ], [ -0.24893514811992645, 46.65200415811966 ], [ -0.24893447756767273, 46.65200369783398 ], [ -0.24893447756767273, 46.65200323754829 ], [ -0.24893313646316528, 46.65200323754829 ], [ -0.24893280118703842, 46.65200392797682 ], [ -0.24892978370189667, 46.65200415811966 ], [ -0.24892978370189667, 46.65200369783398 ], [ -0.24892844259738922, 46.65200346769114 ], [ -0.24892743676900864, 46.652003007405455 ], [ -0.2489267662167549, 46.652003007405455 ], [ -0.24892576038837433, 46.65200231697691 ], [ -0.24892542511224747, 46.6520004758341 ], [ -0.24892475455999374, 46.6520027772626 ], [ -0.24892408400774002, 46.652003007405455 ], [ -0.24892106652259827, 46.652003007405455 ], [ -0.24892006069421768, 46.65200231697691 ], [ -0.24891871958971024, 46.65200231697691 ], [ -0.2489180490374565, 46.6520027772626 ], [ -0.24891100823879242, 46.6520027772626 ], [ -0.24891100823879242, 46.65200162654837 ], [ -0.2489093318581581, 46.65200139640551 ], [ -0.2489093318581581, 46.65193925779993 ], [ -0.24891134351491928, 46.65193925779993 ], [ -0.24891234934329987, 46.651939718086155 ], [ -0.24891335517168045, 46.65193994822927 ], [ -0.24891570210456848, 46.65194017837238 ], [ -0.24891871958971024, 46.65194017837238 ], [ -0.24892006069421768, 46.65194040851549 ], [ -0.2489207312464714, 46.65194086880172 ], [ -0.24892140179872513, 46.65194109894482 ], [ -0.24892307817935944, 46.65194132908793 ], [ -0.24892542511224747, 46.65194132908793 ], [ -0.24892643094062805, 46.65194178937414 ], [ -0.2489277720451355, 46.65194201951724 ], [ -0.2489294484257698, 46.65194224966035 ], [ -0.24893078953027725, 46.65194224966035 ], [ -0.2489321306347847, 46.65194270994655 ], [ -0.248933807015419, 46.65194270994655 ], [ -0.24893682450056076, 46.651942479803445 ], [ -0.2489381656050682, 46.65194270994655 ], [ -0.2489391714334488, 46.651942940089654 ], [ -0.24894017726182938, 46.651943400375856 ], [ -0.24894118309020996, 46.65194363051895 ], [ -0.24894218891859055, 46.65194386066205 ], [ -0.248943530023098, 46.65194409080515 ], [ -0.24894587695598602, 46.65194409080515 ], [ -0.24894654750823975, 46.65194432094824 ], [ -0.24894721806049347, 46.65194478123443 ], [ -0.24894855916500092, 46.65194478123443 ], [ -0.24894922971725464, 46.65194524152061 ], [ -0.24895057082176208, 46.651945471663694 ], [ -0.2489512413740158, 46.651945471663694 ], [ -0.2489522472023964, 46.651945931949875 ], [ -0.24895459413528442, 46.65194616209296 ], [ -0.24895761162042618, 46.65194639223605 ], [ -0.24896163493394852, 46.65194639223605 ], [ -0.24896331131458282, 46.651946622379135 ], [ -0.24896498769521713, 46.6519470826653 ], [ -0.2489669993519783, 46.65194731280838 ], [ -0.24896934628486633, 46.65194731280838 ], [ -0.24897068738937378, 46.65194754295147 ], [ -0.24897202849388123, 46.65194777309455 ], [ -0.24897336959838867, 46.65194800323762 ], [ -0.24897437542676926, 46.6519482333807 ], [ -0.2489757165312767, 46.65194869366685 ], [ -0.24897705763578415, 46.65194869366685 ], [ -0.24897772818803787, 46.651949153953005 ], [ -0.2489800751209259, 46.65194984438222 ], [ -0.24898074567317963, 46.65195030466836 ], [ -0.24898242205381393, 46.65195030466836 ], [ -0.24898342788219452, 46.65195076495449 ], [ -0.24898678064346313, 46.65195076495449 ], [ -0.24898778647184372, 46.65195099509756 ], [ -0.2489887923002243, 46.65195122524063 ], [ -0.24898946285247803, 46.651951455383696 ], [ -0.24899013340473175, 46.65195168552676 ], [ -0.24899013340473175, 46.65195283624206 ], [ -0.24899080395698547, 46.651953296528184 ], [ -0.24899080395698547, 46.65195398695734 ], [ -0.24899113923311234, 46.65195444724345 ], [ -0.24899180978536606, 46.65195490752954 ], [ -0.2489931508898735, 46.65195444724345 ], [ -0.24899616837501526, 46.65195444724345 ], [ -0.24899717420339584, 46.65195559795869 ], [ -0.2490001916885376, 46.651955137672594 ], [ -0.24900052696466446, 46.65195467738649 ], [ -0.24900052696466446, 46.651952606099 ], [ -0.24900857359170914, 46.651952606099 ], [ -0.24901092052459717, 46.65195283624206 ], [ -0.24901259690523148, 46.65195352667123 ], [ -0.2490132674574852, 46.65195352667123 ], [ -0.24901427328586578, 46.65195421710039 ], [ -0.2490149438381195, 46.65195467738649 ], [ -0.2490159496665001, 46.65195536781563 ], [ -0.2490159496665001, 46.651956288387815 ], [ -0.24901662021875381, 46.65195697881695 ], [ -0.2490176260471344, 46.65195720895999 ], [ -0.24901997298002243, 46.65195697881695 ], [ -0.24902164936065674, 46.651956288387815 ], [ -0.24902433156967163, 46.651956288387815 ], [ -0.2490246668457985, 46.65195812953214 ], [ -0.24902533739805222, 46.65195858981821 ], [ -0.24902667850255966, 46.651957669246066 ], [ -0.24903103709220886, 46.651957669246066 ], [ -0.24903204292058945, 46.65195812953214 ], [ -0.24903271347284317, 46.65195858981821 ], [ -0.24903405457735062, 46.65195951039033 ], [ -0.24903438985347748, 46.65196158167756 ], [ -0.2490323781967163, 46.65196296253566 ], [ -0.24903103709220886, 46.651964113250735 ], [ -0.24903103709220886, 46.65196457353675 ], [ -0.24903036653995514, 46.65196503382276 ], [ -0.24902969598770142, 46.65196526396577 ], [ -0.24902869015932083, 46.65196549410877 ], [ -0.24902701377868652, 46.651965724251774 ], [ -0.24902533739805222, 46.651965724251774 ], [ -0.24902433156967163, 46.65196618453778 ], [ -0.24902265518903732, 46.65196618453778 ], [ -0.24902097880840302, 46.65196687496678 ], [ -0.24901997298002243, 46.65196687496678 ], [ -0.2490193024277687, 46.65196733525277 ], [ -0.24901863187551498, 46.65196756539577 ], [ -0.2490159496665001, 46.65196756539577 ], [ -0.24901527911424637, 46.65196687496678 ], [ -0.24901460856199265, 46.65196641468078 ], [ -0.24901360273361206, 46.65196687496678 ], [ -0.24900991469621658, 46.65196687496678 ], [ -0.249008908867836, 46.65196641468078 ], [ -0.2490079030394554, 46.65196618453778 ], [ -0.24900589138269424, 46.65196618453778 ], [ -0.24900488555431366, 46.65196664482378 ], [ -0.2490018680691719, 46.65196641468078 ], [ -0.24900052696466446, 46.65196641468078 ], [ -0.24899985641241074, 46.65196664482378 ], [ -0.248999185860157, 46.651967105109776 ], [ -0.24899885058403015, 46.65196756539577 ], [ -0.2489985153079033, 46.65196825582475 ], [ -0.2489985153079033, 46.65196871611074 ], [ -0.24899885058403015, 46.651969636682686 ], [ -0.24900052696466446, 46.65197055725463 ], [ -0.24900119751691818, 46.651971017540596 ], [ -0.24900119751691818, 46.65197262854143 ], [ -0.24900153279304504, 46.651973088827376 ], [ -0.24900220334529877, 46.65197354911332 ], [ -0.24900220334529877, 46.651974009399254 ], [ -0.2490028738975525, 46.65197446968519 ], [ -0.24900320917367935, 46.651974929971125 ], [ -0.24900320917367935, 46.65197539025704 ], [ -0.2490045502781868, 46.651977001257755 ], [ -0.2490045502781868, 46.65197884240136 ], [ -0.24900488555431366, 46.651979302687266 ], [ -0.2490062266588211, 46.651979072544314 ], [ -0.2490072324872017, 46.65197884240136 ], [ -0.249008908867836, 46.65197861225842 ], [ -0.24901192635297775, 46.65197861225842 ], [ -0.2490132674574852, 46.651979532830204 ], [ -0.24901527911424637, 46.651979532830204 ], [ -0.24901729077100754, 46.651979762973156 ], [ -0.24901863187551498, 46.65198068354492 ], [ -0.24902097880840302, 46.65198068354492 ], [ -0.24902265518903732, 46.65198091368786 ], [ -0.24902299046516418, 46.65198183425961 ], [ -0.24902332574129105, 46.651982294545476 ], [ -0.24902399629354477, 46.65198275483134 ], [ -0.24902500212192535, 46.65198275483134 ], [ -0.24902567267417908, 46.65198252468841 ], [ -0.24902701377868652, 46.65198160411667 ], [ -0.2490290254354477, 46.651979762973156 ], [ -0.249030701816082, 46.65197838211548 ], [ -0.24903371930122375, 46.65197815197253 ], [ -0.24903438985347748, 46.65197861225842 ], [ -0.24903539568185806, 46.65197884240136 ], [ -0.24903606623411179, 46.651979302687266 ], [ -0.24903807789087296, 46.651979302687266 ], [ -0.24903874844312668, 46.651979762973156 ], [ -0.249040424823761, 46.651979762973156 ], [ -0.24904143065214157, 46.65198022325904 ], [ -0.24904310703277588, 46.65198022325904 ], [ -0.24904444813728333, 46.651981143830795 ], [ -0.2490498125553131, 46.65198091368786 ], [ -0.24905014783143997, 46.65198137397373 ], [ -0.24905014783143997, 46.65198275483134 ], [ -0.24905048310756683, 46.65198344526012 ], [ -0.24905283004045486, 46.651983675403045 ], [ -0.24905283004045486, 46.65198597683227 ], [ -0.24905215948820114, 46.65198620697519 ], [ -0.24905215948820114, 46.651987127546846 ], [ -0.24905148893594742, 46.651987817975574 ], [ -0.24905215948820114, 46.6519887385472 ], [ -0.24905215948820114, 46.65199057969042 ], [ -0.24905148893594742, 46.651991270119105 ], [ -0.24905115365982056, 46.65199219069068 ], [ -0.2490508183836937, 46.65199311126223 ], [ -0.2490508183836937, 46.651996333262545 ], [ -0.24905048310756683, 46.651996793548285 ], [ -0.24904780089855194, 46.651996793548285 ], [ -0.24904713034629822, 46.65199610311967 ], [ -0.2490464597940445, 46.651996333262545 ], [ -0.24904612451791763, 46.651996793548285 ], [ -0.24904612451791763, 46.651998864834084 ], [ -0.24904578924179077, 46.65199955526268 ], [ -0.2490447834134102, 46.65200070597695 ], [ -0.24904444813728333, 46.65200139640551 ], [ -0.24904444813728333, 46.652001856691214 ], [ -0.24904277175664902, 46.652001856691214 ], [ -0.24904243648052216, 46.65200231697691 ], [ -0.24903975427150726, 46.65200254711977 ], [ -0.24903908371925354, 46.65200323754829 ], [ -0.24903841316699982, 46.65200346769114 ], [ -0.24903573095798492, 46.65200346769114 ], [ -0.24903472512960434, 46.65200323754829 ], [ -0.24903371930122375, 46.65200254711977 ], [ -0.24903103709220886, 46.65200254711977 ], [ -0.24902969598770142, 46.65200162654837 ], [ -0.24902936071157455, 46.65200116626266 ], [ -0.2490290254354477, 46.65200024569125 ], [ -0.2490290254354477, 46.65199909497695 ], [ -0.24902835488319397, 46.65199794426263 ], [ -0.2490280196070671, 46.651996793548285 ], [ -0.2490246668457985, 46.651997023691166 ], [ -0.24902399629354477, 46.651996793548285 ], [ -0.24902332574129105, 46.651996333262545 ], [ -0.24902265518903732, 46.65199610311967 ], [ -0.24901963770389557, 46.651996333262545 ], [ -0.24901896715164185, 46.651996793548285 ], [ -0.24901863187551498, 46.6519974839769 ], [ -0.24901829659938812, 46.65199794426263 ], [ -0.2490176260471344, 46.65199840454836 ], [ -0.24901695549488068, 46.65199955526268 ], [ -0.24901628494262695, 46.65200001554839 ], [ -0.24901527911424637, 46.65200139640551 ], [ -0.24901527911424637, 46.6520027772626 ], [ -0.24901393800973892, 46.65200369783398 ], [ -0.24901360273361206, 46.65200507869101 ], [ -0.24901360273361206, 46.65200576911951 ], [ -0.24901393800973892, 46.65200830069062 ], [ -0.24901360273361206, 46.652010141833166 ], [ -0.24901293218135834, 46.6520108322616 ], [ -0.24901226162910461, 46.65201129254723 ], [ -0.24901226162910461, 46.65201175283285 ], [ -0.24901192635297775, 46.65201244326126 ], [ -0.24901092052459717, 46.65201290354687 ], [ -0.24901092052459717, 46.65201451454646 ], [ -0.2490105852484703, 46.65201520497484 ], [ -0.24900924414396286, 46.65201543511763 ], [ -0.2490079030394554, 46.65201635568879 ], [ -0.2490035444498062, 46.65201635568879 ] ] ] ],
      "type" : "MultiPolygon"
    },
    "type" : "Feature",
    "properties" : {
      "confidence" : null,
      "zoom" : 20,
      "id" : "f1b08a07-c96a-482c-b475-b43f978cb4ff",
      "label" : "MOISISSURE"
    }
  }, {
    "geometry" : {
      "coordinates" : [ [ [ [ -0.24967309087514877, 46.65179748945474 ], [ -0.24967174977064133, 46.65179679902358 ], [ -0.24967040866613388, 46.65179587844868 ], [ -0.24966906756162643, 46.6517951880175 ], [ -0.249667726457119, 46.65179449758631 ], [ -0.24966705590486526, 46.65179403729884 ], [ -0.24966705590486526, 46.651793116723894 ], [ -0.24967744946479797, 46.651793116723894 ], [ -0.24967744946479797, 46.65179403729884 ], [ -0.2496764436364174, 46.65179472773004 ], [ -0.24967577308416367, 46.651795648304955 ], [ -0.24967577308416367, 46.65179748945474 ], [ -0.24967309087514877, 46.65179748945474 ] ] ] ],
      "type" : "MultiPolygon"
    },
    "type" : "Feature",
    "properties" : {
      "confidence" : null,
      "zoom" : 20,
      "id" : "2f2a5bb9-321c-4261-ad43-a9e65897186d",
      "label" : "OBSTACLE"
    }
  }, {
    "geometry" : {
      "coordinates" : [ [ [ [ -0.2497418224811554, 46.65157563045444 ], [ -0.24974148720502853, 46.651572178284376 ], [ -0.24974215775728226, 46.651571948139704 ], [ -0.24974316358566284, 46.651571948139704 ], [ -0.2497445046901703, 46.65157102756098 ], [ -0.24974752217531204, 46.65157102756098 ], [ -0.2497488632798195, 46.651572178284376 ], [ -0.2497488632798195, 46.651574019441775 ], [ -0.24974718689918518, 46.651574249586446 ], [ -0.2497461810708046, 46.65157494002045 ], [ -0.24974551051855087, 46.651575400309774 ], [ -0.249745175242424, 46.65157563045444 ], [ -0.2497418224811554, 46.65157563045444 ] ] ] ],
      "type" : "MultiPolygon"
    },
    "type" : "Feature",
    "properties" : {
      "confidence" : null,
      "zoom" : 20,
      "id" : "c081ca9a-fffe-4d17-9e48-cd2206770edc",
      "label" : "USURE"
    }
  }, {
    "geometry" : {
      "coordinates" : [ [ [ [ -0.24978943169116974, 46.65157724146706 ], [ -0.2497880905866623, 46.651576781177745 ], [ -0.24978742003440857, 46.651576551033095 ], [ -0.24978607892990112, 46.6515758605991 ], [ -0.2497854083776474, 46.651575400309774 ], [ -0.2497854083776474, 46.65157494002045 ], [ -0.24978473782539368, 46.65157447973112 ], [ -0.24978172034025192, 46.65157447973112 ], [ -0.24978004395961761, 46.65157470987578 ], [ -0.24977903813123703, 46.65157517016511 ], [ -0.24977032095193863, 46.65157517016511 ], [ -0.24976931512355804, 46.65157494002045 ], [ -0.2497679740190506, 46.65157447973112 ], [ -0.24976763874292374, 46.651560901193996 ], [ -0.24976897984743118, 46.651559980615076 ], [ -0.2497723326086998, 46.651559980615076 ], [ -0.24977300316095352, 46.65156044090454 ], [ -0.24977602064609528, 46.65156044090454 ], [ -0.24978037923574448, 46.651559980615076 ], [ -0.24978574365377426, 46.651559980615076 ], [ -0.24978742003440857, 46.65156044090454 ], [ -0.24979915469884872, 46.65156044090454 ], [ -0.24980217218399048, 46.651561591628166 ], [ -0.2498028427362442, 46.651561591628166 ], [ -0.2498038485646248, 46.65156205191761 ], [ -0.2498045191168785, 46.65156251220705 ], [ -0.24980586022138596, 46.651563202641206 ], [ -0.24980753660202026, 46.65156435336476 ], [ -0.24980787187814713, 46.65156481365419 ], [ -0.249808207154274, 46.65156550408831 ], [ -0.249808207154274, 46.6515689562588 ], [ -0.24980787187814713, 46.65157102756098 ], [ -0.24980753660202026, 46.651572178284376 ], [ -0.24980653077363968, 46.65157286871842 ], [ -0.2498055249452591, 46.65157286871842 ], [ -0.24980485439300537, 46.651573098863096 ], [ -0.24980351328849792, 46.651574019441775 ], [ -0.24980317801237106, 46.65157447973112 ], [ -0.24980317801237106, 46.65157494002045 ], [ -0.24980217218399048, 46.65157563045444 ], [ -0.24980150163173676, 46.65157609074377 ], [ -0.24980049580335617, 46.651576551033095 ], [ -0.24979915469884872, 46.65157701132241 ], [ -0.24979546666145325, 46.65157701132241 ], [ -0.24979479610919952, 46.65157747161172 ], [ -0.24978943169116974, 46.65157724146706 ] ] ] ],
      "type" : "MultiPolygon"
    },
    "type" : "Feature",
    "properties" : {
      "confidence" : null,
      "zoom" : 20,
      "id" : "f6b0a23c-4095-43dd-96ab-7c3c86d13a33",
      "label" : "USURE"
    }
  }, {
    "geometry" : {
      "coordinates" : [ [ [ [ -0.2497156709432602, 46.65161038228742 ], [ -0.24971432983875275, 46.65161015214291 ], [ -0.24971332401037216, 46.65160969185388 ], [ -0.24971231818199158, 46.65160969185388 ], [ -0.24970997124910355, 46.65160877127579 ], [ -0.2497086301445961, 46.651608541131274 ], [ -0.24970795959234238, 46.651608541131274 ], [ -0.2497069537639618, 46.65160808084223 ], [ -0.2497059479355812, 46.6516078506977 ], [ -0.24970494210720062, 46.6516078506977 ], [ -0.24970393627882004, 46.65160762055317 ], [ -0.24970293045043945, 46.65160716026411 ], [ -0.24970091879367828, 46.65160716026411 ], [ -0.24970024824142456, 46.6516078506977 ], [ -0.24969756603240967, 46.6516078506977 ], [ -0.24969622492790222, 46.65160762055317 ], [ -0.2496955543756485, 46.65160739040864 ], [ -0.24969354271888733, 46.65160600954145 ], [ -0.24969253689050674, 46.65160554925238 ], [ -0.24969153106212616, 46.65160508896331 ], [ -0.2496901899576187, 46.651604628674235 ], [ -0.24968918412923813, 46.651604628674235 ], [ -0.24968750774860382, 46.65160324780698 ], [ -0.24968650192022324, 46.65160255737334 ], [ -0.24968113750219345, 46.65160255737334 ], [ -0.249679796397686, 46.65160232722879 ], [ -0.24967912584543228, 46.65160094636148 ], [ -0.24967912584543228, 46.651600255927804 ], [ -0.24967879056930542, 46.65159933534955 ], [ -0.24967778474092484, 46.651598644915865 ], [ -0.2496771141886711, 46.6515984147713 ], [ -0.24967610836029053, 46.6515984147713 ], [ -0.24967476725578308, 46.65159795448216 ], [ -0.24967409670352936, 46.651597494193034 ], [ -0.24967342615127563, 46.65159726404846 ], [ -0.2496720850467682, 46.65159726404846 ], [ -0.2496710792183876, 46.65159680375931 ], [ -0.24967007339000702, 46.65159657361474 ], [ -0.24966906756162643, 46.65159657361474 ], [ -0.2496683970093727, 46.65159634347017 ], [ -0.24966638535261154, 46.651594732458115 ], [ -0.24966303259134293, 46.651594732458115 ], [ -0.24966202676296234, 46.65159427216895 ], [ -0.2496606856584549, 46.65159427216895 ], [ -0.24966035038232803, 46.651593811879785 ], [ -0.24966035038232803, 46.65159197072306 ], [ -0.24966135621070862, 46.65159082000008 ], [ -0.24966169148683548, 46.65158989942168 ], [ -0.24966169148683548, 46.65158644725253 ], [ -0.24966269731521606, 46.65158598696329 ], [ -0.2496640384197235, 46.651585526674054 ], [ -0.24966470897197723, 46.651585526674054 ], [ -0.24966605007648468, 46.65158460609557 ], [ -0.2496667206287384, 46.65158437595094 ], [ -0.2496737614274025, 46.65158437595094 ], [ -0.24967443197965622, 46.65158483624019 ], [ -0.24967510253190994, 46.65158483624019 ], [ -0.2496771141886711, 46.651585526674054 ], [ -0.24967778474092484, 46.65158598696329 ], [ -0.24967879056930542, 46.65158667739715 ], [ -0.249679796397686, 46.65158690754177 ], [ -0.2496814727783203, 46.65158713768638 ], [ -0.24968717247247696, 46.65158736783099 ], [ -0.2496938779950142, 46.65158736783099 ], [ -0.24969521909952164, 46.651587597975606 ], [ -0.24969622492790222, 46.65158782812022 ], [ -0.2496972307562828, 46.65158851855406 ], [ -0.24969790130853653, 46.65158851855406 ], [ -0.24969857186079025, 46.65158874869866 ], [ -0.24969924241304398, 46.65158943913247 ], [ -0.2496999129652977, 46.65158989942168 ], [ -0.24970125406980515, 46.65158989942168 ], [ -0.2497025951743126, 46.65159035971088 ], [ -0.24970795959234238, 46.65159035971088 ], [ -0.24970930069684982, 46.65158989942168 ], [ -0.24971198290586472, 46.65158989942168 ], [ -0.24971265345811844, 46.65159035971088 ], [ -0.24971332401037216, 46.65159035971088 ], [ -0.24971432983875275, 46.65159082000008 ], [ -0.24971500039100647, 46.65159082000008 ], [ -0.2497156709432602, 46.65159128028928 ], [ -0.24971667677164078, 46.651591510433875 ], [ -0.2497173473238945, 46.65159197072306 ], [ -0.24971801787614822, 46.65159220086766 ], [ -0.24971868842840195, 46.65159220086766 ], [ -0.2497200295329094, 46.651593351590606 ], [ -0.2497217059135437, 46.651594502313536 ], [ -0.24972237646579742, 46.65159519274728 ], [ -0.24972304701805115, 46.65159565303644 ], [ -0.24972405284643173, 46.65159634347017 ], [ -0.24972539395093918, 46.651597494193034 ], [ -0.24972572922706604, 46.65159795448216 ], [ -0.24972572922706604, 46.65160186693968 ], [ -0.24972539395093918, 46.65160255737334 ], [ -0.2497243881225586, 46.65160370809606 ], [ -0.24972405284643173, 46.6516043985297 ], [ -0.24972405284643173, 46.65160669997505 ], [ -0.24972371757030487, 46.65160716026411 ], [ -0.24972271174192429, 46.6516078506977 ], [ -0.24972137063741684, 46.65160900142031 ], [ -0.24972036480903625, 46.65160923156484 ], [ -0.2497200295329094, 46.65161015214291 ], [ -0.2497190237045288, 46.65161038228742 ], [ -0.2497156709432602, 46.65161038228742 ] ] ] ],
      "type" : "MultiPolygon"
    },
    "type" : "Feature",
    "properties" : {
      "confidence" : null,
      "zoom" : 20,
      "id" : "39f63357-8738-465a-8b2b-cba0c3577e08",
      "label" : "USURE"
    }
  }, {
    "geometry" : {
      "coordinates" : [ [ [ [ -0.24975288659334183, 46.65164306279873 ], [ -0.24975188076496124, 46.65164283265435 ], [ -0.24975087493658066, 46.65164260250997 ], [ -0.24975020438432693, 46.65164214222121 ], [ -0.24974651634693146, 46.65164214222121 ], [ -0.24974584579467773, 46.65164191207684 ], [ -0.2497434988617897, 46.651640301066145 ], [ -0.24974282830953598, 46.65164007092175 ], [ -0.2497418224811554, 46.65164007092175 ], [ -0.24973813444375992, 46.651637539333414 ], [ -0.2497374638915062, 46.65163730918902 ], [ -0.24973444640636444, 46.65163730918902 ], [ -0.24973075836896896, 46.651637539333414 ], [ -0.24972975254058838, 46.65163707904462 ], [ -0.24972975254058838, 46.65163523788937 ], [ -0.24972941726446152, 46.65163431731172 ], [ -0.2497287467122078, 46.651633857022894 ], [ -0.2497287467122078, 46.65163155557869 ], [ -0.24972941726446152, 46.65163063500098 ], [ -0.24972941726446152, 46.651630174712125 ], [ -0.24972975254058838, 46.651629714423265 ], [ -0.24973075836896896, 46.651629714423265 ], [ -0.2497320994734764, 46.651628793845525 ], [ -0.2497320994734764, 46.65162695268999 ], [ -0.24973545223474503, 46.65162672254555 ], [ -0.2497364580631256, 46.65162695268999 ], [ -0.24973712861537933, 46.651627412978875 ], [ -0.24973813444375992, 46.65162764312332 ], [ -0.24973846971988678, 46.651629023989955 ], [ -0.2497391402721405, 46.65162948427882 ], [ -0.2497418224811554, 46.65162948427882 ], [ -0.2497418224811554, 46.65163063500098 ], [ -0.24974316358566284, 46.65163155557869 ], [ -0.24974316358566284, 46.65163201586754 ], [ -0.24974551051855087, 46.65163224601197 ], [ -0.24974651634693146, 46.65163155557869 ], [ -0.24974651634693146, 46.65163063500098 ], [ -0.24974685162305832, 46.651630174712125 ], [ -0.24974752217531204, 46.651629714423265 ], [ -0.2497478574514389, 46.651629254134384 ], [ -0.2497478574514389, 46.65162695268999 ], [ -0.24974752217531204, 46.65162649240109 ], [ -0.24974551051855087, 46.65162511153439 ], [ -0.24974551051855087, 46.6516216593675 ], [ -0.24974416941404343, 46.651621429223034 ], [ -0.24974416941404343, 46.651618897633824 ], [ -0.24974483996629715, 46.651618437344865 ], [ -0.2497461810708046, 46.6516179770559 ], [ -0.24974685162305832, 46.651617516766926 ], [ -0.24974752217531204, 46.65161659618898 ], [ -0.24974752217531204, 46.65161337416604 ], [ -0.2497478574514389, 46.65161291387703 ], [ -0.2497495338320732, 46.65161245358802 ], [ -0.24975121021270752, 46.65161245358802 ], [ -0.24975188076496124, 46.65161199329901 ], [ -0.24975255131721497, 46.6516117631545 ], [ -0.2497565746307373, 46.6516117631545 ], [ -0.24975724518299103, 46.65161199329901 ], [ -0.24975858628749847, 46.65161291387703 ], [ -0.24975892156362534, 46.65161337416604 ], [ -0.2497592568397522, 46.651614294744036 ], [ -0.2497592568397522, 46.65161659618898 ], [ -0.24975892156362534, 46.65161728662245 ], [ -0.2497582510113716, 46.651618437344865 ], [ -0.2497582510113716, 46.65162050864515 ], [ -0.24975623935461044, 46.65162188951197 ], [ -0.24975623935461044, 46.65162327037875 ], [ -0.2497652918100357, 46.65162350052321 ], [ -0.2497652918100357, 46.65162442110103 ], [ -0.24976562708616257, 46.65162488138995 ], [ -0.2497662976384163, 46.65162534167886 ], [ -0.24976696819067, 46.65162534167886 ], [ -0.24976730346679688, 46.65164260250997 ], [ -0.24976227432489395, 46.65164260250997 ], [ -0.24976160377264023, 46.65164283265435 ], [ -0.24976126849651337, 46.65164306279873 ], [ -0.24975288659334183, 46.65164306279873 ] ] ] ],
      "type" : "MultiPolygon"
    },
    "type" : "Feature",
    "properties" : {
      "confidence" : null,
      "zoom" : 20,
      "id" : "4a0c7ae4-a9cd-4e37-a8fc-389bef721603",
      "label" : "USURE"
    }
  }, {
    "geometry" : {
      "coordinates" : [ [ [ [ -0.24969790130853653, 46.651644213520605 ], [ -0.24969656020402908, 46.651643753231845 ], [ -0.2496955543756485, 46.651643292943106 ], [ -0.2496938779950142, 46.65164214222121 ], [ -0.24969253689050674, 46.651640991499306 ], [ -0.24969220161437988, 46.651640301066145 ], [ -0.24969186633825302, 46.65163961063298 ], [ -0.24969153106212616, 46.6516389201998 ], [ -0.24969153106212616, 46.65163707904462 ], [ -0.24969186633825302, 46.65163638861141 ], [ -0.24969253689050674, 46.651635468033774 ], [ -0.24969220161437988, 46.65163316658965 ], [ -0.24969052523374557, 46.65163247615639 ], [ -0.24968985468149185, 46.65163178572311 ], [ -0.24968650192022324, 46.65163178572311 ], [ -0.24968616664409637, 46.65163247615639 ], [ -0.2496824786067009, 46.65163247615639 ], [ -0.24968214333057404, 46.651633857022894 ], [ -0.24968180805444717, 46.65163431731172 ], [ -0.24968113750219345, 46.651635007744964 ], [ -0.249679796397686, 46.651635468033774 ], [ -0.24967912584543228, 46.651635468033774 ], [ -0.24967845529317856, 46.65163569817819 ], [ -0.24967778474092484, 46.651636158467 ], [ -0.24967677891254425, 46.65163661875581 ], [ -0.24967577308416367, 46.65163684890021 ], [ -0.2496667206287384, 46.65163684890021 ], [ -0.24966571480035782, 46.65163638861141 ], [ -0.2496650442481041, 46.65163592832259 ], [ -0.24966370314359665, 46.65163569817819 ], [ -0.24966303259134293, 46.65163569817819 ], [ -0.24966135621070862, 46.65163477760055 ], [ -0.24966035038232803, 46.65163408716731 ], [ -0.24965733289718628, 46.65163247615639 ], [ -0.24965733289718628, 46.65163178572311 ], [ -0.24965666234493256, 46.651631325434266 ], [ -0.24964995682239532, 46.651631325434266 ], [ -0.2496492862701416, 46.651630865145414 ], [ -0.24964828044176102, 46.65163063500098 ], [ -0.24964794516563416, 46.651630174712125 ], [ -0.24964794516563416, 46.651627873267756 ], [ -0.24964693933725357, 46.651627412978875 ], [ -0.2496466040611267, 46.65162695268999 ], [ -0.2496466040611267, 46.6516255718233 ], [ -0.24964392185211182, 46.651623730667666 ], [ -0.2496432512998581, 46.65162327037875 ], [ -0.2496432512998581, 46.65162188951197 ], [ -0.2496422454714775, 46.651621429223034 ], [ -0.24964191019535065, 46.651618897633824 ], [ -0.24964358657598495, 46.651618897633824 ], [ -0.24964392185211182, 46.651615445466526 ], [ -0.24964459240436554, 46.651614524888544 ], [ -0.24964559823274612, 46.65161383445504 ], [ -0.24964727461338043, 46.65161291387703 ], [ -0.24964861571788788, 46.65161245358802 ], [ -0.24965398013591766, 46.65161245358802 ], [ -0.24965398013591766, 46.65161291387703 ], [ -0.2496546506881714, 46.65161383445504 ], [ -0.24965498596429825, 46.65161475503304 ], [ -0.24965599179267883, 46.65161521532203 ], [ -0.24965733289718628, 46.65161590575551 ], [ -0.24965800344944, 46.65161613589999 ], [ -0.2496596798300743, 46.65161613589999 ], [ -0.24966102093458176, 46.65161659618898 ], [ -0.2496667206287384, 46.65161682633347 ], [ -0.249667726457119, 46.65161682633347 ], [ -0.24966806173324585, 46.65161728662245 ], [ -0.24966806173324585, 46.6516191277783 ], [ -0.2496694028377533, 46.65161981821173 ], [ -0.24966973811388016, 46.65162027850068 ], [ -0.24966973811388016, 46.651620738789624 ], [ -0.2496710792183876, 46.6516223498009 ], [ -0.2496710792183876, 46.65162442110103 ], [ -0.24967007339000702, 46.65162488138995 ], [ -0.24967007339000702, 46.65162649240109 ], [ -0.2496710792183876, 46.65162718283443 ], [ -0.24967174977064133, 46.65162764312332 ], [ -0.24967174977064133, 46.651628333556644 ], [ -0.2496720850467682, 46.651628793845525 ], [ -0.2496727555990219, 46.651629254134384 ], [ -0.24967443197965622, 46.65162948427882 ], [ -0.2496771141886711, 46.65162948427882 ], [ -0.24967778474092484, 46.651629254134384 ], [ -0.24967845529317856, 46.651628793845525 ], [ -0.24967845529317856, 46.651627873267756 ], [ -0.24968013167381287, 46.65162764312332 ], [ -0.24968046694993973, 46.65162695268999 ], [ -0.2496814727783203, 46.65162649240109 ], [ -0.24968214333057404, 46.651626032112205 ], [ -0.2496824786067009, 46.65162534167886 ], [ -0.2496824786067009, 46.65162419095658 ], [ -0.24968281388282776, 46.65162350052321 ], [ -0.24968348443508148, 46.65162257994536 ], [ -0.24968348443508148, 46.65162188951197 ], [ -0.24968381971120834, 46.651621429223034 ], [ -0.2496858313679695, 46.65162119907857 ], [ -0.24968717247247696, 46.65162119907857 ], [ -0.24968784302473068, 46.65162096893409 ], [ -0.249689519405365, 46.6516200483562 ], [ -0.24969052523374557, 46.65161935792278 ], [ -0.24969086050987244, 46.65161866748934 ], [ -0.2496945485472679, 46.651618437344865 ], [ -0.24969588965177536, 46.65161958806725 ], [ -0.24969689548015594, 46.65161958806725 ], [ -0.24969756603240967, 46.65162050864515 ], [ -0.24969756603240967, 46.65162096893409 ], [ -0.2496982365846634, 46.65162188951197 ], [ -0.2496999129652977, 46.651623040234284 ], [ -0.24970125406980515, 46.65162350052321 ], [ -0.24970393627882004, 46.651623730667666 ], [ -0.24970795959234238, 46.651623730667666 ], [ -0.24970896542072296, 46.651623040234284 ], [ -0.24971097707748413, 46.651623040234284 ], [ -0.2497129887342453, 46.6516223498009 ], [ -0.24971399456262589, 46.65162188951197 ], [ -0.2497156709432602, 46.651620738789624 ], [ -0.2497156709432602, 46.65161981821173 ], [ -0.24971600621938705, 46.65161935792278 ], [ -0.24971868842840195, 46.65161935792278 ], [ -0.2497190237045288, 46.65161981821173 ], [ -0.2497190237045288, 46.65162027850068 ], [ -0.24971969425678253, 46.651620738789624 ], [ -0.24971969425678253, 46.651621429223034 ], [ -0.24972036480903625, 46.65162211965644 ], [ -0.24972036480903625, 46.651623040234284 ], [ -0.24972137063741684, 46.65162327037875 ], [ -0.24972137063741684, 46.65162534167886 ], [ -0.24972103536128998, 46.651626262256656 ], [ -0.24972036480903625, 46.65162695268999 ], [ -0.2497200295329094, 46.651627873267756 ], [ -0.2497200295329094, 46.651628333556644 ], [ -0.24971868842840195, 46.651628333556644 ], [ -0.24971801787614822, 46.651628793845525 ], [ -0.24971801787614822, 46.65163063500098 ], [ -0.2497190237045288, 46.651631325434266 ], [ -0.2497190237045288, 46.65163247615639 ], [ -0.24971935898065567, 46.65163293644522 ], [ -0.2497200295329094, 46.651633396734056 ], [ -0.24972036480903625, 46.65163408716731 ], [ -0.24972070008516312, 46.65163477760055 ], [ -0.24972103536128998, 46.651635468033774 ], [ -0.24972137063741684, 46.65163684890021 ], [ -0.24972137063741684, 46.65163822976661 ], [ -0.24972204118967056, 46.6516389201998 ], [ -0.24972204118967056, 46.651641221643686 ], [ -0.24972036480903625, 46.65164214222121 ], [ -0.24971667677164078, 46.65164214222121 ], [ -0.24971432983875275, 46.65164191207684 ], [ -0.2497129887342453, 46.65164145178807 ], [ -0.24971198290586472, 46.651641221643686 ], [ -0.24970795959234238, 46.651641221643686 ], [ -0.2497069537639618, 46.651641681932446 ], [ -0.24970527738332748, 46.65164283265435 ], [ -0.24970527738332748, 46.651643753231845 ], [ -0.24970460683107376, 46.651644213520605 ], [ -0.24969790130853653, 46.651644213520605 ] ] ] ],
      "type" : "MultiPolygon"
    },
    "type" : "Feature",
    "properties" : {
      "confidence" : null,
      "zoom" : 20,
      "id" : "63a3592c-add8-47c8-9508-3b70ab65ee87",
      "label" : "USURE"
    }
  }, {
    "geometry" : {
      "coordinates" : [ [ [ [ -0.24984542280435562, 46.65164904655218 ], [ -0.24984542280435562, 46.65164651496427 ], [ -0.24984441697597504, 46.65164582453117 ], [ -0.2498430758714676, 46.651645594386814 ], [ -0.2498403936624527, 46.651645594386814 ], [ -0.24984005838632584, 46.651645134098075 ], [ -0.24984005838632584, 46.651641681932446 ], [ -0.24984139949083328, 46.651641221643686 ], [ -0.24984240531921387, 46.651640991499306 ], [ -0.24984508752822876, 46.651640991499306 ], [ -0.24984609335660934, 46.65164145178807 ], [ -0.24985112249851227, 46.651641681932446 ], [ -0.24985145777463913, 46.65164214222121 ], [ -0.24985145777463913, 46.65164444366497 ], [ -0.24985112249851227, 46.65164490395371 ], [ -0.24985045194625854, 46.65164536424244 ], [ -0.24985011667013168, 46.651648356119125 ], [ -0.24985011667013168, 46.65164904655218 ], [ -0.24984542280435562, 46.65164904655218 ] ] ] ],
      "type" : "MultiPolygon"
    },
    "type" : "Feature",
    "properties" : {
      "confidence" : null,
      "zoom" : 20,
      "id" : "f409e183-b025-43db-b04e-3deaa0b3484f",
      "label" : "USURE"
    }
  }, {
    "geometry" : {
      "coordinates" : [ [ [ [ -0.2497277408838272, 46.65173097787901 ], [ -0.2497270703315735, 46.65173074773501 ], [ -0.2497260645031929, 46.65173005730299 ], [ -0.2497243881225586, 46.65172867643894 ], [ -0.24972204118967056, 46.65172867643894 ], [ -0.2497217059135437, 46.65172982715899 ], [ -0.24971868842840195, 46.65173005730299 ], [ -0.24971868842840195, 46.651727755862886 ], [ -0.24971701204776764, 46.651726374998766 ], [ -0.2497156709432602, 46.65172545442268 ], [ -0.24971432983875275, 46.651724994134625 ], [ -0.24971365928649902, 46.6517247639906 ], [ -0.24971365928649902, 46.651721772118144 ], [ -0.2497129887342453, 46.65172131183005 ], [ -0.2497129887342453, 46.65171901038957 ], [ -0.24971399456262589, 46.65171808981335 ], [ -0.24971533566713333, 46.651717169237116 ], [ -0.24971634149551392, 46.651717169237116 ], [ -0.24971701204776764, 46.651716708948996 ], [ -0.2497173473238945, 46.651713947220166 ], [ -0.24971801787614822, 46.65171371707609 ], [ -0.24971868842840195, 46.65171371707609 ], [ -0.24971969425678253, 46.651713256787936 ], [ -0.2497277408838272, 46.65171348693202 ], [ -0.24972841143608093, 46.65171348693202 ], [ -0.24972908198833466, 46.65171440750831 ], [ -0.24973377585411072, 46.65171463765239 ], [ -0.24973444640636444, 46.65171509794053 ], [ -0.24973444640636444, 46.65171855010147 ], [ -0.24973511695861816, 46.65171924053362 ], [ -0.2497364580631256, 46.65171970082173 ], [ -0.2497364580631256, 46.651721541974105 ], [ -0.2497357875108719, 46.65172200226219 ], [ -0.2497357875108719, 46.65172361327044 ], [ -0.24973545223474503, 46.65172430370254 ], [ -0.24973511695861816, 46.651724994134625 ], [ -0.24973444640636444, 46.65172545442268 ], [ -0.24973444640636444, 46.651726374998766 ], [ -0.24973411113023758, 46.65172706543083 ], [ -0.2497320994734764, 46.65172729557485 ], [ -0.2497314289212227, 46.651727755862886 ], [ -0.2497314289212227, 46.65173097787901 ], [ -0.2497277408838272, 46.65173097787901 ] ] ] ],
      "type" : "MultiPolygon"
    },
    "type" : "Feature",
    "properties" : {
      "confidence" : null,
      "zoom" : 20,
      "id" : "23cfc627-35b1-43a0-8c80-e77c8ab1ea1a",
      "label" : "USURE"
    }
  }, {
    "geometry" : {
      "coordinates" : [ [ [ [ -0.2498001605272293, 46.65175767457667 ], [ -0.249798484146595, 46.65175652385722 ], [ -0.24979814887046814, 46.65175583342553 ], [ -0.24979747831821442, 46.651755373137746 ], [ -0.2497968077659607, 46.65175514299384 ], [ -0.24979446083307266, 46.65175514299384 ], [ -0.24979379028081894, 46.651754912849945 ], [ -0.24979278445243835, 46.651754452562145 ], [ -0.24979211390018463, 46.65175399227433 ], [ -0.2497914433479309, 46.65175353198653 ], [ -0.24979043751955032, 46.6517528415548 ], [ -0.24979043751955032, 46.65175215112307 ], [ -0.2497897669672966, 46.65175169083524 ], [ -0.24978909641504288, 46.65175146069133 ], [ -0.24978842586278915, 46.65175146069133 ], [ -0.24978775531053543, 46.65175123054741 ], [ -0.24978674948215485, 46.65175007982782 ], [ -0.24978507310152054, 46.65174892910821 ], [ -0.24978406727313995, 46.65174892910821 ], [ -0.2497827261686325, 46.651748468820344 ], [ -0.24978205561637878, 46.65174754824463 ], [ -0.24978172034025192, 46.65174639752495 ], [ -0.2497810497879982, 46.65174616738103 ], [ -0.24978004395961761, 46.65174593723709 ], [ -0.24977903813123703, 46.65174524680526 ], [ -0.2497783675789833, 46.65174524680526 ], [ -0.24977736175060272, 46.651744786517376 ], [ -0.24977535009384155, 46.651744786517376 ], [ -0.24977467954158783, 46.65174455637344 ], [ -0.24977434426546097, 46.651744096085544 ], [ -0.24977434426546097, 46.651743405653704 ], [ -0.24977367371320724, 46.65174271522186 ], [ -0.24977300316095352, 46.65174225493394 ], [ -0.24976864457130432, 46.65174202478998 ], [ -0.24976763874292374, 46.65174202478998 ], [ -0.24976763874292374, 46.6517160185168 ], [ -0.24976830929517746, 46.6517153280846 ], [ -0.24976897984743118, 46.65171486779646 ], [ -0.24976998567581177, 46.65171463765239 ], [ -0.24977099150419235, 46.65171463765239 ], [ -0.24977199733257294, 46.65171417736424 ], [ -0.24977333843708038, 46.651713947220166 ], [ -0.249776691198349, 46.651713947220166 ], [ -0.24978172034025192, 46.65171417736424 ], [ -0.24978440254926682, 46.65171463765239 ], [ -0.2497880905866623, 46.65171463765239 ], [ -0.24978909641504288, 46.65171509794053 ], [ -0.24979747831821442, 46.65171509794053 ], [ -0.24979982525110245, 46.6517153280846 ], [ -0.24980250746011734, 46.651715788372734 ], [ -0.24980854243040085, 46.651715788372734 ], [ -0.24980921298265457, 46.6517160185168 ], [ -0.24980954825878143, 46.651716939093056 ], [ -0.24981021881103516, 46.65171762952524 ], [ -0.24981088936328888, 46.65171808981335 ], [ -0.24981122463941574, 46.651718780245524 ], [ -0.24981223046779633, 46.65171947067768 ], [ -0.2498132362961769, 46.651720851541974 ], [ -0.2498132362961769, 46.65172315298238 ], [ -0.2498125657439232, 46.65172384341448 ], [ -0.2498125657439232, 46.6517256845667 ], [ -0.24981223046779633, 46.651726374998766 ], [ -0.24981122463941574, 46.65172706543083 ], [ -0.24981088936328888, 46.65172844629493 ], [ -0.24981088936328888, 46.65173189845501 ], [ -0.24981055408716202, 46.651732588887 ], [ -0.2498098835349083, 46.65173327931898 ], [ -0.2498098835349083, 46.65173373960696 ], [ -0.2498088777065277, 46.65173489032691 ], [ -0.24980854243040085, 46.65173558075885 ], [ -0.24980854243040085, 46.65173604104682 ], [ -0.24980787187814713, 46.65173650133478 ], [ -0.24980686604976654, 46.65173673147876 ], [ -0.24980485439300537, 46.65173696162274 ], [ -0.24980418384075165, 46.65173788219863 ], [ -0.24980418384075165, 46.651738342486574 ], [ -0.2498038485646248, 46.651738802774524 ], [ -0.24980317801237106, 46.65173926306245 ], [ -0.24980250746011734, 46.65174018363832 ], [ -0.24980250746011734, 46.65174064392624 ], [ -0.24980183690786362, 46.651741334358114 ], [ -0.24980183690786362, 46.651742945365804 ], [ -0.24980250746011734, 46.651743405653704 ], [ -0.2498028427362442, 46.6517438659416 ], [ -0.2498028427362442, 46.65174593723709 ], [ -0.24980183690786362, 46.651747087956764 ], [ -0.24980183690786362, 46.65174938939605 ], [ -0.2498028427362442, 46.65175007982782 ], [ -0.2498028427362442, 46.65175192097916 ], [ -0.24980217218399048, 46.651752611410885 ], [ -0.24980217218399048, 46.651754452562145 ], [ -0.24980317801237106, 46.65175560328163 ], [ -0.24980317801237106, 46.65175767457667 ], [ -0.2498001605272293, 46.65175767457667 ] ] ] ],
      "type" : "MultiPolygon"
    },
    "type" : "Feature",
    "properties" : {
      "confidence" : null,
      "zoom" : 20,
      "id" : "b7e8461f-0ff2-40bd-ac35-6211e605fa3c",
      "label" : "USURE"
    }
  }, {
    "geometry" : {
      "coordinates" : [ [ [ [ -0.24968013167381287, 46.6517687214822 ], [ -0.24967845529317856, 46.651767800906825 ], [ -0.24967744946479797, 46.651767110475284 ], [ -0.24967677891254425, 46.65176688033144 ], [ -0.24967610836029053, 46.65176688033144 ], [ -0.2496754378080368, 46.65176665018758 ], [ -0.24967443197965622, 46.65176618989989 ], [ -0.2496720850467682, 46.65176480903675 ], [ -0.24967141449451447, 46.65176434874904 ], [ -0.24967141449451447, 46.65176296788585 ], [ -0.24967074394226074, 46.65176227745425 ], [ -0.24967074394226074, 46.651759515727754 ], [ -0.24967141449451447, 46.65175905543999 ], [ -0.24967141449451447, 46.65175560328163 ], [ -0.2496710792183876, 46.651754912849945 ], [ -0.24966906756162643, 46.651754682706034 ], [ -0.24966906756162643, 46.65175215112307 ], [ -0.24966973811388016, 46.65175123054741 ], [ -0.24967040866613388, 46.65175077025958 ], [ -0.24967040866613388, 46.65174938939605 ], [ -0.24966973811388016, 46.65174823867641 ], [ -0.2496694028377533, 46.65174432622948 ], [ -0.2496683970093727, 46.651744096085544 ], [ -0.2496667206287384, 46.65174317550975 ], [ -0.24966437369585037, 46.651741564502075 ], [ -0.24966370314359665, 46.651741334358114 ], [ -0.24966269731521606, 46.65174110421416 ], [ -0.24966001510620117, 46.65174087407019 ], [ -0.24965800344944, 46.65174087407019 ], [ -0.24965833872556686, 46.651738802774524 ], [ -0.24966001510620117, 46.651738342486574 ], [ -0.24966035038232803, 46.65173604104682 ], [ -0.2496596798300743, 46.65173535061488 ], [ -0.24965934455394745, 46.651734199894946 ], [ -0.24965833872556686, 46.65173350946297 ], [ -0.24965733289718628, 46.65173327931898 ], [ -0.24965733289718628, 46.65173120802302 ], [ -0.24965833872556686, 46.651730517591005 ], [ -0.24965833872556686, 46.65173005730299 ], [ -0.2496590092778206, 46.651729366870974 ], [ -0.2496590092778206, 46.65172890658295 ], [ -0.24966035038232803, 46.6517279860069 ], [ -0.2496606856584549, 46.65172752571887 ], [ -0.24966035038232803, 46.651725914710724 ], [ -0.2496596798300743, 46.6517256845667 ], [ -0.24965867400169373, 46.6517256845667 ], [ -0.24965800344944, 46.65172545442268 ], [ -0.24965800344944, 46.65172338312641 ], [ -0.2496596798300743, 46.65172338312641 ], [ -0.24966035038232803, 46.65172315298238 ], [ -0.24966135621070862, 46.65172246255026 ], [ -0.24966135621070862, 46.65172062139792 ], [ -0.2496606856584549, 46.65172016110983 ], [ -0.24966035038232803, 46.65171970082173 ], [ -0.24966035038232803, 46.651718780245524 ], [ -0.2496596798300743, 46.65171808981335 ], [ -0.2496596798300743, 46.651716939093056 ], [ -0.24965934455394745, 46.65171624866086 ], [ -0.2496590092778206, 46.651715558228666 ], [ -0.24965833872556686, 46.65171463765239 ], [ -0.24965766817331314, 46.65171417736424 ], [ -0.2496553212404251, 46.65171417736424 ], [ -0.2496553212404251, 46.651712336211624 ], [ -0.24965666234493256, 46.65171141563529 ], [ -0.24965733289718628, 46.65171141563529 ], [ -0.24965800344944, 46.65171003477076 ], [ -0.24965867400169373, 46.65170980462666 ], [ -0.2496596798300743, 46.65170957448257 ], [ -0.24966102093458176, 46.65170934433848 ], [ -0.24966705590486526, 46.65170957448257 ], [ -0.24967074394226074, 46.65170957448257 ], [ -0.24967174977064133, 46.65170911419439 ], [ -0.249679796397686, 46.65170911419439 ], [ -0.2496808022260666, 46.65170957448257 ], [ -0.2496814727783203, 46.65170957448257 ], [ -0.2496824786067009, 46.65170980462666 ], [ -0.24968314915895462, 46.65171003477076 ], [ -0.2496841549873352, 46.651710495058936 ], [ -0.2496851608157158, 46.6517111854912 ], [ -0.24968616664409637, 46.65171141563529 ], [ -0.24968717247247696, 46.65171210606754 ], [ -0.24968817830085754, 46.651712566355705 ], [ -0.249689519405365, 46.65171302664387 ], [ -0.2496901899576187, 46.65171302664387 ], [ -0.24969153106212616, 46.65171417736424 ], [ -0.24969220161437988, 46.65171463765239 ], [ -0.24969320744276047, 46.651715558228666 ], [ -0.24969320744276047, 46.65171739938118 ], [ -0.2496928721666336, 46.65171993096578 ], [ -0.24969253689050674, 46.651720851541974 ], [ -0.24969186633825302, 46.651721541974105 ], [ -0.24969086050987244, 46.65172223240622 ], [ -0.24969086050987244, 46.65172361327044 ], [ -0.24968985468149185, 46.651724073558505 ], [ -0.24968918412923813, 46.651724994134625 ], [ -0.24968918412923813, 46.65172614485475 ], [ -0.2496885135769844, 46.65172660514279 ], [ -0.24968784302473068, 46.65172660514279 ], [ -0.24968717247247696, 46.65172706543083 ], [ -0.2496868371963501, 46.65172752571887 ], [ -0.2496868371963501, 46.65172890658295 ], [ -0.24968784302473068, 46.65173005730299 ], [ -0.24968784302473068, 46.65173558075885 ], [ -0.2496868371963501, 46.65173581090284 ], [ -0.2496858313679695, 46.65173650133478 ], [ -0.24968616664409637, 46.651738802774524 ], [ -0.24968717247247696, 46.65173903291849 ], [ -0.24968817830085754, 46.65173972335039 ], [ -0.2496885135769844, 46.65174018363832 ], [ -0.24968884885311127, 46.65174087407019 ], [ -0.24968884885311127, 46.651741794646036 ], [ -0.249689519405365, 46.6517424850779 ], [ -0.249689519405365, 46.651742945365804 ], [ -0.2496901899576187, 46.65174363579765 ], [ -0.2496901899576187, 46.65174455637344 ], [ -0.2496911957859993, 46.65174524680526 ], [ -0.2496911957859993, 46.651747087956764 ], [ -0.24969086050987244, 46.65174777838856 ], [ -0.24968985468149185, 46.651748468820344 ], [ -0.24968985468149185, 46.651752381266974 ], [ -0.24969052523374557, 46.6517528415548 ], [ -0.2496911957859993, 46.651753762130426 ], [ -0.2496911957859993, 46.651756293713326 ], [ -0.24969052523374557, 46.65175721428889 ], [ -0.2496901899576187, 46.65175790472057 ], [ -0.24968884885311127, 46.65175836500834 ], [ -0.2496885135769844, 46.65176066644714 ], [ -0.24968750774860382, 46.651761356878765 ], [ -0.24968717247247696, 46.65176273774199 ], [ -0.2496868371963501, 46.65176480903675 ], [ -0.2496868371963501, 46.651767110475284 ], [ -0.24968650192022324, 46.65176757076298 ], [ -0.2496851608157158, 46.651768031050665 ], [ -0.24968449026346207, 46.65176849133836 ], [ -0.2496841549873352, 46.65176849133836 ], [ -0.24968381971120834, 46.6517687214822 ], [ -0.24968013167381287, 46.6517687214822 ] ] ] ],
      "type" : "MultiPolygon"
    },
    "type" : "Feature",
    "properties" : {
      "confidence" : null,
      "zoom" : 20,
      "id" : "bc98df6d-cd19-41b6-87a3-2cb5e2e4b380",
      "label" : "USURE"
    }
  }, {
    "geometry" : {
      "coordinates" : [ [ [ [ -0.24963587522506714, 46.65177148320822 ], [ -0.24963386356830597, 46.65177079277673 ], [ -0.2496335282921791, 46.65176987220139 ], [ -0.24963285773992538, 46.65176941191372 ], [ -0.24963118135929108, 46.65176895162604 ], [ -0.24962984025478363, 46.651768031050665 ], [ -0.24962615221738815, 46.651768031050665 ], [ -0.24962548166513443, 46.651767800906825 ], [ -0.24962514638900757, 46.65176734061913 ], [ -0.2496248111128807, 46.65176688033144 ], [ -0.2496248111128807, 46.65176434874904 ], [ -0.24962279945611954, 46.65176296788585 ], [ -0.2496214583516121, 46.65176181716651 ], [ -0.24962112307548523, 46.651761356878765 ], [ -0.24962112307548523, 46.65176043630327 ], [ -0.24961978197097778, 46.651759515727754 ], [ -0.24962011724710464, 46.65175721428889 ], [ -0.24962011724710464, 46.65175675400111 ], [ -0.2496214583516121, 46.65175583342553 ], [ -0.24962212890386581, 46.65175560328163 ], [ -0.24962279945611954, 46.65175560328163 ], [ -0.24962548166513443, 46.651753762130426 ], [ -0.2496258169412613, 46.65175330184262 ], [ -0.2496258169412613, 46.65175007982782 ], [ -0.2496274933218956, 46.65175007982782 ], [ -0.24962816387414932, 46.65174938939605 ], [ -0.24963252246379852, 46.65174938939605 ], [ -0.2496335282921791, 46.65175030997174 ], [ -0.24963654577732086, 46.65175030997174 ], [ -0.24963755160570145, 46.65174938939605 ], [ -0.2496405690908432, 46.65174915925213 ], [ -0.2496432512998581, 46.65174915925213 ], [ -0.24964358657598495, 46.651749849683895 ], [ -0.24964425712823868, 46.65175030997174 ], [ -0.2496476098895073, 46.65175030997174 ], [ -0.24964794516563416, 46.65175330184262 ], [ -0.24964861571788788, 46.65175353198653 ], [ -0.24964861571788788, 46.65175675400111 ], [ -0.24964995682239532, 46.65175767457667 ], [ -0.24964995682239532, 46.65176066644714 ], [ -0.2496492862701416, 46.65176112673489 ], [ -0.24964861571788788, 46.65176158702264 ], [ -0.24964693933725357, 46.65176204731038 ], [ -0.24964526295661926, 46.65176319802972 ], [ -0.24964526295661926, 46.65176688033144 ], [ -0.24964425712823868, 46.65176757076298 ], [ -0.24964392185211182, 46.651768031050665 ], [ -0.24964392185211182, 46.6517687214822 ], [ -0.24964291602373123, 46.65176941191372 ], [ -0.2496422454714775, 46.65176987220139 ], [ -0.24964157491922379, 46.6517705626329 ], [ -0.2496405690908432, 46.651771253064396 ], [ -0.2496388927102089, 46.65177148320822 ], [ -0.24963587522506714, 46.65177148320822 ] ] ] ],
      "type" : "MultiPolygon"
    },
    "type" : "Feature",
    "properties" : {
      "confidence" : null,
      "zoom" : 20,
      "id" : "ae5a2b04-fcf3-4b90-bcd4-ff0e4199140d",
      "label" : "USURE"
    }
  }, {
    "geometry" : {
      "coordinates" : [ [ [ [ -0.2495959773659706, 46.65191072004603 ], [ -0.2495959773659706, 46.651906117181085 ], [ -0.2495969831943512, 46.651906117181085 ], [ -0.24959731847047806, 46.651904045891726 ], [ -0.2495959773659706, 46.65190381574847 ], [ -0.2495959773659706, 46.65190151431576 ], [ -0.2495969831943512, 46.65190151431576 ], [ -0.24959765374660492, 46.65190036359936 ], [ -0.24959731847047806, 46.65189299901385 ], [ -0.24959731847047806, 46.651891157867325 ], [ -0.24959832429885864, 46.651890697580676 ], [ -0.24959832429885864, 46.65188885643407 ], [ -0.2495969831943512, 46.65188793586074 ], [ -0.2495959773659706, 46.65188793586074 ], [ -0.2495959773659706, 46.65186998467768 ], [ -0.24959899485111237, 46.65186998467768 ], [ -0.2495996654033661, 46.65187044496451 ], [ -0.2496003359556198, 46.65187067510791 ], [ -0.2496013417840004, 46.65187067510791 ], [ -0.24960268288850784, 46.65187113539472 ], [ -0.2496040239930153, 46.65187205596834 ], [ -0.249604694545269, 46.65187320668534 ], [ -0.24960536509752274, 46.65187366697213 ], [ -0.24960771203041077, 46.65187435740231 ], [ -0.24960938841104507, 46.651875508119254 ], [ -0.24961140006780624, 46.651875508119254 ], [ -0.24961207062005997, 46.65187596840603 ], [ -0.24961307644844055, 46.65187619854941 ], [ -0.249614417552948, 46.65187711912294 ], [ -0.24961508810520172, 46.65187711912294 ], [ -0.2496160939335823, 46.6518775794097 ], [ -0.2496187761425972, 46.6518775794097 ], [ -0.24961978197097778, 46.65187803969646 ], [ -0.24962179362773895, 46.65187919041333 ], [ -0.24962279945611954, 46.65187988084344 ], [ -0.24962347000837326, 46.65188034113017 ], [ -0.24962414056062698, 46.65188080141691 ], [ -0.24962548166513443, 46.65188126170363 ], [ -0.24962648749351501, 46.65188149184699 ], [ -0.24962816387414932, 46.65188149184699 ], [ -0.24962984025478363, 46.65188218227708 ], [ -0.24963218718767166, 46.65188241242043 ], [ -0.24963419884443283, 46.65188241242043 ], [ -0.24963553994894028, 46.65188264256379 ], [ -0.2496378868818283, 46.651883563137204 ], [ -0.2496388927102089, 46.65188379328056 ], [ -0.24963922798633575, 46.65188448371061 ], [ -0.24964023381471634, 46.651885634427344 ], [ -0.24964023381471634, 46.65189023729403 ], [ -0.24964157491922379, 46.651891157867325 ], [ -0.24964157491922379, 46.65189322915717 ], [ -0.24964090436697006, 46.651893459300474 ], [ -0.24964090436697006, 46.65189783202321 ], [ -0.24964157491922379, 46.65189829230979 ], [ -0.2496422454714775, 46.651898522453074 ], [ -0.2496432512998581, 46.65189875259637 ], [ -0.24964358657598495, 46.65189921288294 ], [ -0.24964358657598495, 46.65189990331279 ], [ -0.24964392185211182, 46.65190036359936 ], [ -0.24964459240436554, 46.65190082388592 ], [ -0.24964559823274612, 46.651901054029196 ], [ -0.24964626878499985, 46.65190151431576 ], [ -0.24964626878499985, 46.65190381574847 ], [ -0.24964559823274612, 46.65190450617826 ], [ -0.2496449276804924, 46.65190496646479 ], [ -0.24964392185211182, 46.65190519660805 ], [ -0.2496432512998581, 46.65190565689457 ], [ -0.24964291602373123, 46.65190933918659 ], [ -0.24964123964309692, 46.65191048990279 ], [ -0.2495959773659706, 46.65191072004603 ] ] ] ],
      "type" : "MultiPolygon"
    },
    "type" : "Feature",
    "properties" : {
      "confidence" : null,
      "zoom" : 20,
      "id" : "bfac2352-de5c-442e-a598-7324f7d19b02",
      "label" : "USURE"
    }
  }, {
    "geometry" : {
      "coordinates" : [ [ [ [ -0.2499285712838173, 46.65191762434271 ], [ -0.24992790073156357, 46.65191716405629 ], [ -0.24992723017930984, 46.65191693391308 ], [ -0.24992521852254868, 46.65191693391308 ], [ -0.24992220103740692, 46.65191716405629 ], [ -0.24992220103740692, 46.65191578319702 ], [ -0.24992119520902634, 46.65191555305379 ], [ -0.24992119520902634, 46.65191371190803 ], [ -0.24992253631353378, 46.65191325162158 ], [ -0.24992521852254868, 46.65191325162158 ], [ -0.2499258890748024, 46.65191371190803 ], [ -0.24992689490318298, 46.65191394205125 ], [ -0.24992890655994415, 46.65191532291058 ], [ -0.24993158876895905, 46.65191532291058 ], [ -0.24993158876895905, 46.651917394199494 ], [ -0.2499285712838173, 46.65191762434271 ] ] ] ],
      "type" : "MultiPolygon"
    },
    "type" : "Feature",
    "properties" : {
      "confidence" : null,
      "zoom" : 20,
      "id" : "da89a295-2254-4f64-b60f-474bd54da94a",
      "label" : "USURE"
    }
  }, {
    "geometry" : {
      "coordinates" : [ [ [ [ -0.24992957711219788, 46.65193902765681 ], [ -0.2499285712838173, 46.651938107084334 ], [ -0.24992655962705612, 46.65193787694121 ], [ -0.24992488324642181, 46.65193787694121 ], [ -0.2499242126941681, 46.65193764679809 ], [ -0.2499242126941681, 46.651936956368715 ], [ -0.24992287158966064, 46.65193672622559 ], [ -0.24992186576128006, 46.65193626593934 ], [ -0.24991750717163086, 46.65193626593934 ], [ -0.24991516023874283, 46.65193603579621 ], [ -0.24991482496261597, 46.65193511522367 ], [ -0.2499144896864891, 46.65193442479428 ], [ -0.2499128133058548, 46.65193327407858 ], [ -0.24991247802972794, 46.651932583649156 ], [ -0.24990946054458618, 46.65193235350601 ], [ -0.24990543723106384, 46.651932583649156 ], [ -0.2499030902981758, 46.65193166307657 ], [ -0.24990208446979523, 46.65193143293343 ], [ -0.24990107864141464, 46.65193143293343 ], [ -0.24990040808916092, 46.651931202790266 ], [ -0.24989906698465347, 46.65193005207451 ], [ -0.24989772588014603, 46.65192936164504 ], [ -0.2498970553278923, 46.65192890135872 ], [ -0.24989638477563858, 46.65192798078608 ], [ -0.24989638477563858, 46.65192544921121 ], [ -0.2498970553278923, 46.651924758781675 ], [ -0.24989839643239975, 46.651923838208965 ], [ -0.24989906698465347, 46.651922917636234 ], [ -0.2499030902981758, 46.65192268749304 ], [ -0.24990543723106384, 46.651923608065786 ], [ -0.249907448887825, 46.651923608065786 ], [ -0.24991080164909363, 46.6519233779226 ], [ -0.24991080164909363, 46.65192659992707 ], [ -0.24991147220134735, 46.65192706021341 ], [ -0.24991482496261597, 46.65192706021341 ], [ -0.2499161660671234, 46.651926830070245 ], [ -0.24991650134325027, 46.651923608065786 ], [ -0.249917171895504, 46.651923608065786 ], [ -0.24991750717163086, 46.65192314777942 ], [ -0.24992119520902634, 46.65192314777942 ], [ -0.24992689490318298, 46.6519233779226 ], [ -0.24992689490318298, 46.65192544921121 ], [ -0.24992622435092926, 46.65192613964073 ], [ -0.24992622435092926, 46.65192752049975 ], [ -0.24992790073156357, 46.651927750642905 ], [ -0.24992991238832474, 46.6519284410724 ], [ -0.2499302476644516, 46.6519295917882 ], [ -0.24993158876895905, 46.65193051236082 ], [ -0.2499319240450859, 46.651931202790266 ], [ -0.2499319240450859, 46.651932583649156 ], [ -0.24993527680635452, 46.65193281379229 ], [ -0.24993594735860825, 46.65193350422172 ], [ -0.2499372884631157, 46.65193419465114 ], [ -0.24993795901536942, 46.651934654937406 ], [ -0.24993896484375, 46.651934654937406 ], [ -0.24993896484375, 46.65193649608246 ], [ -0.24993762373924255, 46.65193672622559 ], [ -0.24993561208248138, 46.65193672622559 ], [ -0.24993494153022766, 46.65193856737057 ], [ -0.24993494153022766, 46.65193902765681 ], [ -0.24992957711219788, 46.65193902765681 ] ] ] ],
      "type" : "MultiPolygon"
    },
    "type" : "Feature",
    "properties" : {
      "confidence" : null,
      "zoom" : 20,
      "id" : "a32a47bf-42c5-4a06-b39f-5c43e1b9471f",
      "label" : "USURE"
    }
  }, {
    "geometry" : {
      "coordinates" : [ [ [ [ -0.2495839074254036, 46.65190565689457 ], [ -0.249582901597023, 46.65190519660805 ], [ -0.24957887828350067, 46.65190519660805 ], [ -0.2495785430073738, 46.651904045891726 ], [ -0.2495778724551201, 46.6519035856052 ], [ -0.2495751902461052, 46.65190335546193 ], [ -0.24957451969385147, 46.65190335546193 ], [ -0.24957451969385147, 46.65190151431576 ], [ -0.24957384914159775, 46.651901054029196 ], [ -0.2495735138654709, 46.65190036359936 ], [ -0.24957317858934402, 46.65189967316951 ], [ -0.24957284331321716, 46.65189783202321 ], [ -0.2495725080370903, 46.65189622102013 ], [ -0.2495725080370903, 46.6518941497304 ], [ -0.24957284331321716, 46.65189368944378 ], [ -0.24957384914159775, 46.65189299901385 ], [ -0.2495741844177246, 46.6518923085839 ], [ -0.2495751902461052, 46.651892078440596 ], [ -0.24957586079835892, 46.65189161815396 ], [ -0.24957619607448578, 46.651890927724 ], [ -0.24957619607448578, 46.651889086577405 ], [ -0.2495751902461052, 46.6518883961474 ], [ -0.2495751902461052, 46.651885634427344 ], [ -0.24957552552223206, 46.651883332993854 ], [ -0.24957586079835892, 46.65188149184699 ], [ -0.24957619607448578, 46.65188080141691 ], [ -0.24957653135061264, 46.65188011098681 ], [ -0.24957720190286636, 46.651879420556696 ], [ -0.24957720190286636, 46.65187665883619 ], [ -0.2495795488357544, 46.651875277975876 ], [ -0.2495795488357544, 46.65187320668534 ], [ -0.24957921355962753, 46.65186998467768 ], [ -0.24957988411188126, 46.65186929424745 ], [ -0.2495812252163887, 46.6518686038172 ], [ -0.2495822310447693, 46.65186768324353 ], [ -0.24958323687314987, 46.65186768324353 ], [ -0.24958424270153046, 46.65186722295668 ], [ -0.24958860129117966, 46.65186722295668 ], [ -0.2495899423956871, 46.65186745310011 ], [ -0.2495909482240677, 46.65186791338695 ], [ -0.24959195405244827, 46.651868143530365 ], [ -0.24959295988082886, 46.65186837367379 ], [ -0.24959463626146317, 46.6518686038172 ], [ -0.24959564208984375, 46.6518686038172 ], [ -0.24959564208984375, 46.651885404284 ], [ -0.24959463626146317, 46.651885404284 ], [ -0.24959396570920944, 46.65188586457069 ], [ -0.24959329515695572, 46.65188678514405 ], [ -0.24959329515695572, 46.65188931672072 ], [ -0.2495943009853363, 46.651890007150705 ], [ -0.2495943009853363, 46.65189184829728 ], [ -0.24959295988082886, 46.65189184829728 ], [ -0.249592624604702, 46.65189599087684 ], [ -0.2495916187763214, 46.65189622102013 ], [ -0.24959061294794083, 46.65189691145003 ], [ -0.2495909482240677, 46.65189875259637 ], [ -0.24959195405244827, 46.65189967316951 ], [ -0.24959228932857513, 46.65190059374263 ], [ -0.249592624604702, 46.65190151431576 ], [ -0.249592624604702, 46.65190335546193 ], [ -0.24959195405244827, 46.65190381574847 ], [ -0.24959128350019455, 46.651904045891726 ], [ -0.24959061294794083, 46.651904045891726 ], [ -0.24958893656730652, 46.65190519660805 ], [ -0.24958793073892593, 46.65190542675131 ], [ -0.24958692491054535, 46.65190565689457 ], [ -0.2495839074254036, 46.65190565689457 ] ] ] ],
      "type" : "MultiPolygon"
    },
    "type" : "Feature",
    "properties" : {
      "confidence" : null,
      "zoom" : 20,
      "id" : "9529f77c-ad1f-4d27-a039-5d664436f2d1",
      "label" : "USURE"
    }
  }, {
    "geometry" : {
      "coordinates" : [ [ [ [ -0.24939212948083878, 46.65195559795869 ], [ -0.24939078837633133, 46.65195536781563 ], [ -0.2493901178240776, 46.651955137672594 ], [ -0.24938911199569702, 46.65195467738649 ], [ -0.24938777089118958, 46.65195352667123 ], [ -0.24938777089118958, 46.65195168552676 ], [ -0.2493884414434433, 46.65195099509756 ], [ -0.24938877671957016, 46.65195030466836 ], [ -0.24938877671957016, 46.651949153953005 ], [ -0.24938911199569702, 46.65194869366685 ], [ -0.24938944727182388, 46.6519482333807 ], [ -0.2493901178240776, 46.65194800323762 ], [ -0.24939481168985367, 46.65194800323762 ], [ -0.24939648807048798, 46.651948923809925 ], [ -0.24939816445112228, 46.651950074525296 ], [ -0.249398835003376, 46.65195099509756 ], [ -0.249398835003376, 46.65195306638511 ], [ -0.24939782917499542, 46.65195444724345 ], [ -0.2493971586227417, 46.65195490752954 ], [ -0.24939648807048798, 46.65195536781563 ], [ -0.24939615279436111, 46.65195559795869 ], [ -0.24939212948083878, 46.65195559795869 ] ] ] ],
      "type" : "MultiPolygon"
    },
    "type" : "Feature",
    "properties" : {
      "confidence" : null,
      "zoom" : 20,
      "id" : "1c9a4f4d-0d79-4750-bcb9-b963ac6a844a",
      "label" : "USURE"
    }
  }, {
    "geometry" : {
      "coordinates" : [ [ [ [ -0.2495131641626358, 46.65202855325517 ], [ -0.24951282888650894, 46.652027632684224 ], [ -0.24951249361038208, 46.65202625182776 ], [ -0.24951249361038208, 46.652023490114736 ], [ -0.2495131641626358, 46.65202302982923 ], [ -0.2495131641626358, 46.6520225695437 ], [ -0.2495148405432701, 46.65202164897265 ], [ -0.24951651692390442, 46.65202049825881 ], [ -0.24951718747615814, 46.652020037973266 ], [ -0.24951819330453873, 46.65201934754495 ], [ -0.2495191991329193, 46.6520188872594 ], [ -0.24951986968517303, 46.6520188872594 ], [ -0.24952054023742676, 46.65201865711663 ], [ -0.24952154606580734, 46.65201796668828 ], [ -0.24952523410320282, 46.65201796668828 ], [ -0.24952657520771027, 46.65201842697385 ], [ -0.24953361600637436, 46.65201842697385 ], [ -0.24953562766313553, 46.65201704611715 ], [ -0.24953730404376984, 46.65201635568879 ], [ -0.24953898042440414, 46.65201520497484 ], [ -0.2495403215289116, 46.65201520497484 ], [ -0.2495409920811653, 46.652014744689254 ], [ -0.2495419979095459, 46.652013824118065 ], [ -0.2495419979095459, 46.65201336383247 ], [ -0.24954266846179962, 46.652012673404066 ], [ -0.24954266846179962, 46.65201106240441 ], [ -0.24954300373792648, 46.65201060211879 ], [ -0.2495446801185608, 46.65201060211879 ], [ -0.24954535067081451, 46.652010141833166 ], [ -0.24954535067081451, 46.65200853083344 ], [ -0.24954602122306824, 46.65200830069062 ], [ -0.24955004453659058, 46.65200830069062 ], [ -0.24955004453659058, 46.65200899111908 ], [ -0.24955037981271744, 46.65200945140472 ], [ -0.24955105036497116, 46.65200991169036 ], [ -0.2495533972978592, 46.65200991169036 ], [ -0.24955373257398605, 46.65200830069062 ], [ -0.2495533972978592, 46.65200553897668 ], [ -0.24955272674560547, 46.65200507869101 ], [ -0.24955172091722488, 46.652004848548174 ], [ -0.24955138564109802, 46.65200415811966 ], [ -0.24955105036497116, 46.6520027772626 ], [ -0.24955105036497116, 46.65200116626266 ], [ -0.24955037981271744, 46.65200070597695 ], [ -0.24955037981271744, 46.651999785405536 ], [ -0.24955004453659058, 46.65199932511981 ], [ -0.24954836815595627, 46.651998864834084 ], [ -0.24954769760370255, 46.65199794426263 ], [ -0.24954736232757568, 46.651997253834026 ], [ -0.24954702705144882, 46.65199656340542 ], [ -0.24954669177532196, 46.651995642833924 ], [ -0.24954669177532196, 46.65199380169088 ], [ -0.24954736232757568, 46.65199334140512 ], [ -0.24954903870821, 46.651991960547775 ], [ -0.24954970926046371, 46.651991960547775 ], [ -0.24955037981271744, 46.65199150026199 ], [ -0.24955037981271744, 46.65198942897592 ], [ -0.2495507150888443, 46.6519887385472 ], [ -0.24955138564109802, 46.6519882782614 ], [ -0.24955272674560547, 46.651987817975574 ], [ -0.24955373257398605, 46.65198758783266 ], [ -0.2495567500591278, 46.65198758783266 ], [ -0.24955809116363525, 46.65198666726102 ], [ -0.24955876171588898, 46.651986437118104 ], [ -0.2495594322681427, 46.651986437118104 ], [ -0.24956010282039642, 46.65198620697519 ], [ -0.24956144392490387, 46.65198551654643 ], [ -0.24956177920103073, 46.65198436583183 ], [ -0.24956580251455307, 46.65198436583183 ], [ -0.24956680834293365, 46.651984826117676 ], [ -0.24956949055194855, 46.651984826117676 ], [ -0.24957049638032913, 46.65198505626059 ], [ -0.24957150220870972, 46.651985286403516 ], [ -0.24957217276096344, 46.65198551654643 ], [ -0.24957317858934402, 46.65198597683227 ], [ -0.24957451969385147, 46.65198689740393 ], [ -0.2495751902461052, 46.651987817975574 ], [ -0.2495751902461052, 46.65198965911882 ], [ -0.24957451969385147, 46.651990119404616 ], [ -0.24957451969385147, 46.651991730404895 ], [ -0.24957552552223206, 46.651991960547775 ], [ -0.24957619607448578, 46.65199242083356 ], [ -0.24957753717899323, 46.65199334140512 ], [ -0.24957820773124695, 46.65199403183377 ], [ -0.2495785430073738, 46.651994722262415 ], [ -0.24957887828350067, 46.651995642833924 ], [ -0.24957887828350067, 46.65199909497695 ], [ -0.2495785430073738, 46.6520004758341 ], [ -0.24957820773124695, 46.65200162654837 ], [ -0.24957720190286636, 46.6520027772626 ], [ -0.24957720190286636, 46.65200346769114 ], [ -0.2495768666267395, 46.65200415811966 ], [ -0.24957619607448578, 46.652004848548174 ], [ -0.24957619607448578, 46.65200553897668 ], [ -0.24957586079835892, 46.652006229405174 ], [ -0.24957552552223206, 46.652006689690836 ], [ -0.24957485496997833, 46.6520071499765 ], [ -0.24957451969385147, 46.65200784040497 ], [ -0.24957284331321716, 46.65200899111908 ], [ -0.249570831656456, 46.65201060211879 ], [ -0.24957016110420227, 46.65201106240441 ], [ -0.24956949055194855, 46.65201175283285 ], [ -0.24956915527582169, 46.65201244326126 ], [ -0.24956915527582169, 46.65201290354687 ], [ -0.24956848472356796, 46.652013593975276 ], [ -0.2495681494474411, 46.652014284403656 ], [ -0.24956781417131424, 46.65201520497484 ], [ -0.24956747889518738, 46.652016125546 ], [ -0.24956747889518738, 46.652016585831575 ], [ -0.24956714361906052, 46.65201704611715 ], [ -0.2495664730668068, 46.65201727625993 ], [ -0.2495664730668068, 46.65202026811604 ], [ -0.24956613779067993, 46.65202164897265 ], [ -0.24956580251455307, 46.65202233940095 ], [ -0.2495654672384262, 46.65202325997198 ], [ -0.24956513196229935, 46.652024180543016 ], [ -0.24956446141004562, 46.65202510111402 ], [ -0.24956446141004562, 46.652025791542265 ], [ -0.2495637908577919, 46.65202648197051 ], [ -0.24956345558166504, 46.65202740254148 ], [ -0.24956345558166504, 46.65202855325517 ], [ -0.2495131641626358, 46.65202855325517 ] ] ] ],
      "type" : "MultiPolygon"
    },
    "type" : "Feature",
    "properties" : {
      "confidence" : null,
      "zoom" : 20,
      "id" : "2eaf4254-123d-4582-8a03-b8a5b525a715",
      "label" : "USURE"
    }
  }, {
    "geometry" : {
      "coordinates" : [ [ [ [ -0.24958323687314987, 46.65202855325517 ], [ -0.249582901597023, 46.652027632684224 ], [ -0.2495812252163887, 46.65202717239874 ], [ -0.24958055466413498, 46.65202671211325 ], [ -0.24958021938800812, 46.65202625182776 ], [ -0.24958021938800812, 46.652025791542265 ], [ -0.24957988411188126, 46.65202533125677 ], [ -0.24957921355962753, 46.65202487097127 ], [ -0.2495785430073738, 46.65202464082852 ], [ -0.2495768666267395, 46.65202464082852 ], [ -0.24957552552223206, 46.652024410685755 ], [ -0.24957485496997833, 46.652023490114736 ], [ -0.24957485496997833, 46.652020958544355 ], [ -0.24957552552223206, 46.65202049825881 ], [ -0.24957586079835892, 46.652020037973266 ], [ -0.24957586079835892, 46.65201934754495 ], [ -0.2495768666267395, 46.652018196831065 ], [ -0.2495768666267395, 46.652017506402714 ], [ -0.24957753717899323, 46.65201704611715 ], [ -0.24957887828350067, 46.65201520497484 ], [ -0.24957887828350067, 46.652014744689254 ], [ -0.24957921355962753, 46.65201405426086 ], [ -0.2495812252163887, 46.652012673404066 ], [ -0.2495812252163887, 46.65201129254723 ], [ -0.24958189576864243, 46.6520108322616 ], [ -0.2495855838060379, 46.6520108322616 ], [ -0.2495865896344185, 46.65200991169036 ], [ -0.2495872601866722, 46.65200945140472 ], [ -0.24958793073892593, 46.6520092212619 ], [ -0.24958893656730652, 46.65200899111908 ], [ -0.24959027767181396, 46.65200899111908 ], [ -0.24959128350019455, 46.65200830069062 ], [ -0.24959128350019455, 46.65200784040497 ], [ -0.24959463626146317, 46.652008070547794 ], [ -0.24959564208984375, 46.652008070547794 ], [ -0.24959564208984375, 46.65202855325517 ], [ -0.24958323687314987, 46.65202855325517 ] ] ] ],
      "type" : "MultiPolygon"
    },
    "type" : "Feature",
    "properties" : {
      "confidence" : null,
      "zoom" : 20,
      "id" : "4bfe5fda-a16b-4f3e-b645-c3852c2b7671",
      "label" : "USURE"
    }
  }, {
    "geometry" : {
      "coordinates" : [ [ [ [ -0.24953462183475494, 46.6516043985297 ], [ -0.24953361600637436, 46.651604168385155 ], [ -0.24953294545412064, 46.65160370809606 ], [ -0.24952925741672516, 46.65160370809606 ], [ -0.24952825158834457, 46.65160324780698 ], [ -0.2495262399315834, 46.65160324780698 ], [ -0.24952556937932968, 46.65160301766243 ], [ -0.24952489882707596, 46.65160255737334 ], [ -0.24952389299869537, 46.65160232722879 ], [ -0.24952322244644165, 46.65160186693968 ], [ -0.24952221661806107, 46.65160094636148 ], [ -0.24952121078968048, 46.65160048607236 ], [ -0.24952054023742676, 46.651600255927804 ], [ -0.24951953440904617, 46.65160002578324 ], [ -0.24951618164777756, 46.65160002578324 ], [ -0.2495158463716507, 46.651599105205 ], [ -0.24951450526714325, 46.65159795448216 ], [ -0.24951383471488953, 46.651597494193034 ], [ -0.24951249361038208, 46.65159703390389 ], [ -0.24951182305812836, 46.65159657361474 ], [ -0.24951115250587463, 46.65159588318101 ], [ -0.24951081722974777, 46.65159519274728 ], [ -0.24951014667749405, 46.651594732458115 ], [ -0.2495098114013672, 46.651594042024364 ], [ -0.24950847029685974, 46.651593811879785 ], [ -0.24950847029685974, 46.651591510433875 ], [ -0.24950914084911346, 46.65159058985548 ], [ -0.24950914084911346, 46.65158736783099 ], [ -0.24951249361038208, 46.65158713768638 ], [ -0.2495131641626358, 46.65158805826483 ], [ -0.2495141699910164, 46.65158874869866 ], [ -0.24951551109552383, 46.651589208987865 ], [ -0.24951819330453873, 46.65158943913247 ], [ -0.2495202049612999, 46.65158943913247 ], [ -0.24952121078968048, 46.65158966927708 ], [ -0.24952221661806107, 46.65159012956627 ], [ -0.24953093379735947, 46.65159012956627 ], [ -0.24953193962574005, 46.651589208987865 ], [ -0.2495332807302475, 46.651588978843264 ], [ -0.2495349571108818, 46.651588288409435 ], [ -0.24953696876764297, 46.651588288409435 ], [ -0.24953830987215042, 46.65158782812022 ], [ -0.24953898042440414, 46.65158736783099 ], [ -0.24953965097665787, 46.65158690754177 ], [ -0.2495403215289116, 46.65158644725253 ], [ -0.24954065680503845, 46.65158598696329 ], [ -0.2495409920811653, 46.65158529652943 ], [ -0.2495409920811653, 46.65158437595094 ], [ -0.24954132735729218, 46.65158391566169 ], [ -0.24954568594694138, 46.65158368551706 ], [ -0.24954602122306824, 46.65158414580631 ], [ -0.24954602122306824, 46.65158621710792 ], [ -0.24954702705144882, 46.65158644725253 ], [ -0.24954769760370255, 46.65158690754177 ], [ -0.24954769760370255, 46.65158874869866 ], [ -0.24954602122306824, 46.65158874869866 ], [ -0.24954535067081451, 46.651589208987865 ], [ -0.24954535067081451, 46.65159082000008 ], [ -0.24954836815595627, 46.65159105014468 ], [ -0.2495480328798294, 46.651593351590606 ], [ -0.2495463564991951, 46.65159427216895 ], [ -0.24954602122306824, 46.651594732458115 ], [ -0.24954602122306824, 46.65159680375931 ], [ -0.24954669177532196, 46.65159726404846 ], [ -0.24954736232757568, 46.6515977243376 ], [ -0.24954769760370255, 46.65159933534955 ], [ -0.2495480328798294, 46.65160002578324 ], [ -0.24954903870821, 46.65160048607236 ], [ -0.24954903870821, 46.65160232722879 ], [ -0.24954836815595627, 46.65160278751788 ], [ -0.2495463564991951, 46.65160347795152 ], [ -0.2495409920811653, 46.65160347795152 ], [ -0.24953830987215042, 46.65160370809606 ], [ -0.24953797459602356, 46.6516043985297 ], [ -0.24953462183475494, 46.6516043985297 ] ] ] ],
      "type" : "MultiPolygon"
    },
    "type" : "Feature",
    "properties" : {
      "confidence" : null,
      "zoom" : 20,
      "id" : "600803b4-a796-4ce8-a709-307b06dcf88d",
      "label" : "USURE"
    }
  }, {
    "geometry" : {
      "coordinates" : [ [ [ [ -0.2494434267282486, 46.651621429223034 ], [ -0.24944309145212173, 46.651620738789624 ], [ -0.249442420899868, 46.65162027850068 ], [ -0.24944107979536057, 46.65161981821173 ], [ -0.24944007396697998, 46.65161958806725 ], [ -0.24943940341472626, 46.65161958806725 ], [ -0.24943873286247253, 46.6516191277783 ], [ -0.2494380623102188, 46.651618897633824 ], [ -0.24943672120571136, 46.65161866748934 ], [ -0.24943504482507706, 46.65161866748934 ], [ -0.2494347095489502, 46.65161337416604 ], [ -0.24943403899669647, 46.6516117631545 ], [ -0.24943403899669647, 46.651609461709356 ], [ -0.2494407445192337, 46.651609461709356 ], [ -0.24944208562374115, 46.65160969185388 ], [ -0.2494434267282486, 46.65161015214291 ], [ -0.24944409728050232, 46.65161061243193 ], [ -0.24944476783275604, 46.65161084257645 ], [ -0.24944543838500977, 46.65161084257645 ], [ -0.2494467794895172, 46.651611302865476 ], [ -0.24944745004177094, 46.6516117631545 ], [ -0.24945147335529327, 46.6516117631545 ], [ -0.249452143907547, 46.65161222344352 ], [ -0.24945415556430817, 46.65161291387703 ], [ -0.2494548261165619, 46.65161291387703 ], [ -0.2494554966688156, 46.65161314402154 ], [ -0.2494565024971962, 46.65161383445504 ], [ -0.2494565024971962, 46.65161567561101 ], [ -0.24945583194494247, 46.65161613589999 ], [ -0.24945516139268875, 46.65161705647795 ], [ -0.24945516139268875, 46.651617516766926 ], [ -0.24945415556430817, 46.65161820720037 ], [ -0.24945314973592758, 46.651618437344865 ], [ -0.24945147335529327, 46.65161981821173 ], [ -0.24945080280303955, 46.65162027850068 ], [ -0.24945013225078583, 46.65162050864515 ], [ -0.24944912642240524, 46.651620738789624 ], [ -0.24944812059402466, 46.65162096893409 ], [ -0.24944711476564407, 46.65162119907857 ], [ -0.2494461089372635, 46.651621429223034 ], [ -0.2494434267282486, 46.651621429223034 ] ] ] ],
      "type" : "MultiPolygon"
    },
    "type" : "Feature",
    "properties" : {
      "confidence" : null,
      "zoom" : 20,
      "id" : "680eca2a-971b-471a-94b3-d7494d7355af",
      "label" : "USURE"
    }
  }, {
    "geometry" : {
      "coordinates" : [ [ [ [ -0.24940352886915207, 46.65168356819378 ], [ -0.2494031935930252, 46.65168172704012 ], [ -0.24940218776464462, 46.65168080646327 ], [ -0.2494015172123909, 46.651680346174835 ], [ -0.2494015172123909, 46.65167850502107 ], [ -0.24940185248851776, 46.65167804473261 ], [ -0.24940218776464462, 46.65167758444416 ], [ -0.24940386414527893, 46.65167758444416 ], [ -0.2494041994214058, 46.65167712415569 ], [ -0.24940486997365952, 46.65167712415569 ], [ -0.24940621107816696, 46.65167620357876 ], [ -0.24940788745880127, 46.65167528300181 ], [ -0.24941761046648026, 46.65167528300181 ], [ -0.2494189515709877, 46.65167597343452 ], [ -0.24942096322774887, 46.65167735429992 ], [ -0.24942129850387573, 46.65167804473261 ], [ -0.24942196905612946, 46.65167850502107 ], [ -0.24942196905612946, 46.651680346174835 ], [ -0.24941693991422653, 46.65168057631905 ], [ -0.24941559880971909, 46.651681036607485 ], [ -0.2494145929813385, 46.65168195718433 ], [ -0.2494119107723236, 46.65168195718433 ], [ -0.2494119107723236, 46.65168080646327 ], [ -0.24941056966781616, 46.6516798858864 ], [ -0.24940989911556244, 46.65167965574218 ], [ -0.24940788745880127, 46.65167965574218 ], [ -0.24940721690654755, 46.65168057631905 ], [ -0.24940721690654755, 46.65168356819378 ], [ -0.24940352886915207, 46.65168356819378 ] ] ] ],
      "type" : "MultiPolygon"
    },
    "type" : "Feature",
    "properties" : {
      "confidence" : null,
      "zoom" : 20,
      "id" : "2b345946-9acd-4821-940a-06b6ebb4821f",
      "label" : "USURE"
    }
  }, {
    "geometry" : {
      "coordinates" : [ [ [ [ -0.2494722604751587, 46.651686560068356 ], [ -0.24947091937065125, 46.651686099779965 ], [ -0.24946890771389008, 46.651686099779965 ], [ -0.24946823716163635, 46.65168586963577 ], [ -0.24946756660938263, 46.65168540934739 ], [ -0.24946052581071854, 46.65168563949158 ], [ -0.24945717304944992, 46.65168563949158 ], [ -0.2494565024971962, 46.65168517920319 ], [ -0.24945583194494247, 46.651684949058996 ], [ -0.24945348501205444, 46.651684949058996 ], [ -0.2494494616985321, 46.65168517920319 ], [ -0.24944845587015152, 46.65168563949158 ], [ -0.24944745004177094, 46.65168632992417 ], [ -0.2494467794895172, 46.651686560068356 ], [ -0.24944208562374115, 46.651686560068356 ], [ -0.24944107979536057, 46.65168632992417 ], [ -0.24944007396697998, 46.65168563949158 ], [ -0.2494373917579651, 46.65168563949158 ], [ -0.24943672120571136, 46.65168517920319 ], [ -0.24943571537733078, 46.651684949058996 ], [ -0.24943504482507706, 46.65168448877059 ], [ -0.24943437427282333, 46.65168448877059 ], [ -0.2494337037205696, 46.651684258626396 ], [ -0.2494330331683159, 46.65168356819378 ], [ -0.2494330331683159, 46.651679425597955 ], [ -0.24943269789218903, 46.65167896530951 ], [ -0.2494320273399353, 46.65167850502107 ], [ -0.2494320273399353, 46.65167597343452 ], [ -0.2494330331683159, 46.65167528300181 ], [ -0.24945583194494247, 46.65167528300181 ], [ -0.24945583194494247, 46.65167574329028 ], [ -0.24945616722106934, 46.651676433723 ], [ -0.24945717304944992, 46.65167712415569 ], [ -0.24945717304944992, 46.65167758444416 ], [ -0.24945750832557678, 46.65167804473261 ], [ -0.24945884943008423, 46.65167896530951 ], [ -0.24945951998233795, 46.6516798858864 ], [ -0.24945951998233795, 46.65168057631905 ], [ -0.24946153163909912, 46.65168195718433 ], [ -0.2494635432958603, 46.65168310790538 ], [ -0.24946622550487518, 46.65168310790538 ], [ -0.2494668960571289, 46.651682647616965 ], [ -0.2494668960571289, 46.65168195718433 ], [ -0.24946723133325577, 46.65168149689591 ], [ -0.24947594851255417, 46.65168149689591 ], [ -0.24947628378868103, 46.65168218732854 ], [ -0.24947695434093475, 46.651682647616965 ], [ -0.24947762489318848, 46.651682647616965 ], [ -0.24947762489318848, 46.65168333804958 ], [ -0.24947863072156906, 46.65168356819378 ], [ -0.24947863072156906, 46.651686560068356 ], [ -0.2494722604751587, 46.651686560068356 ] ] ] ],
      "type" : "MultiPolygon"
    },
    "type" : "Feature",
    "properties" : {
      "confidence" : null,
      "zoom" : 20,
      "id" : "83a8065c-382d-4e3a-bd54-d9cd43047ebb",
      "label" : "USURE"
    }
  }, {
    "geometry" : {
      "coordinates" : [ [ [ [ -0.24952054023742676, 46.65171924053362 ], [ -0.24951953440904617, 46.65171901038957 ], [ -0.2495185285806656, 46.65171855010147 ], [ -0.24951450526714325, 46.65171855010147 ], [ -0.24951349943876266, 46.65171831995741 ], [ -0.24951215833425522, 46.6517178596693 ], [ -0.24951081722974777, 46.651716939093056 ], [ -0.2495088055729866, 46.65171624866086 ], [ -0.24950813502073288, 46.65171624866086 ], [ -0.24950679391622543, 46.651715788372734 ], [ -0.24950511753559113, 46.65171463765239 ], [ -0.2495044469833374, 46.65171463765239 ], [ -0.24950377643108368, 46.65171440750831 ], [ -0.24950210005044937, 46.65171302664387 ], [ -0.24950142949819565, 46.651712566355705 ], [ -0.24949908256530762, 46.6517111854912 ], [ -0.2494984120130539, 46.651710725203024 ], [ -0.24949774146080017, 46.65171003477076 ], [ -0.24949707090854645, 46.65170957448257 ], [ -0.24949606508016586, 46.65170911419439 ], [ -0.24949438869953156, 46.65170911419439 ], [ -0.24949438869953156, 46.65170704289749 ], [ -0.24949505925178528, 46.65170681275338 ], [ -0.24949606508016586, 46.65170658260928 ], [ -0.2494967356324196, 46.651706122321066 ], [ -0.24949707090854645, 46.651705431888736 ], [ -0.2494974061846733, 46.65170451131229 ], [ -0.24949774146080017, 46.65170382087993 ], [ -0.24949774146080017, 46.65170290030346 ], [ -0.24949941784143448, 46.65170290030346 ], [ -0.2495000883936882, 46.65170244001521 ], [ -0.24950042366981506, 46.651701979726965 ], [ -0.24950042366981506, 46.65170151943871 ], [ -0.24950075894594193, 46.651701059150454 ], [ -0.24950142949819565, 46.65170059886219 ], [ -0.2495027706027031, 46.65170013857393 ], [ -0.24950947612524033, 46.65170013857393 ], [ -0.24951014667749405, 46.65170059886219 ], [ -0.24951014667749405, 46.651701059150454 ], [ -0.24951081722974777, 46.65170151943871 ], [ -0.24951215833425522, 46.651701979726965 ], [ -0.24951618164777756, 46.651701979726965 ], [ -0.24951953440904617, 46.65170244001521 ], [ -0.24952959269285202, 46.65170244001521 ], [ -0.24953026324510574, 46.65170267015934 ], [ -0.24953126907348633, 46.651703130447586 ], [ -0.2495322749018669, 46.65170359073581 ], [ -0.24953261017799377, 46.651704051024055 ], [ -0.24953261017799377, 46.651705201744626 ], [ -0.24953428655862808, 46.65170635246517 ], [ -0.24953428655862808, 46.651708423762095 ], [ -0.24953361600637436, 46.65170934433848 ], [ -0.24953361600637436, 46.651710495058936 ], [ -0.24953294545412064, 46.65171095534712 ], [ -0.24953261017799377, 46.65171141563529 ], [ -0.24953261017799377, 46.651712336211624 ], [ -0.24953126907348633, 46.651713256787936 ], [ -0.24953093379735947, 46.65171417736424 ], [ -0.24952959269285202, 46.65171509794053 ], [ -0.24952959269285202, 46.651715788372734 ], [ -0.24952925741672516, 46.651716478804936 ], [ -0.2495279163122177, 46.65171739938118 ], [ -0.249527245759964, 46.65171831995741 ], [ -0.24952657520771027, 46.651718780245524 ], [ -0.24952523410320282, 46.651718780245524 ], [ -0.2495245635509491, 46.65171901038957 ], [ -0.24952422827482224, 46.65171924053362 ], [ -0.24952054023742676, 46.65171924053362 ] ] ] ],
      "type" : "MultiPolygon"
    },
    "type" : "Feature",
    "properties" : {
      "confidence" : null,
      "zoom" : 20,
      "id" : "aa4d81b2-83ae-4667-9dc5-16cda8eda9ca",
      "label" : "USURE"
    }
  }, {
    "geometry" : {
      "coordinates" : [ [ [ [ -0.24950746446847916, 46.651736271190806 ], [ -0.24950645864009857, 46.65173581090284 ], [ -0.24950511753559113, 46.65173581090284 ], [ -0.24950411170721054, 46.65173535061488 ], [ -0.2495027706027031, 46.65173535061488 ], [ -0.24950210005044937, 46.651735120470896 ], [ -0.24950210005044937, 46.651732819031 ], [ -0.2495027706027031, 46.651732588887 ], [ -0.2495098114013672, 46.651732588887 ], [ -0.2495104819536209, 46.651732819031 ], [ -0.24951081722974777, 46.65173535061488 ], [ -0.2495104819536209, 46.65173604104682 ], [ -0.24950746446847916, 46.651736271190806 ] ] ] ],
      "type" : "MultiPolygon"
    },
    "type" : "Feature",
    "properties" : {
      "confidence" : null,
      "zoom" : 20,
      "id" : "9997dc7f-33c3-4e04-a53c-f4f9df033bba",
      "label" : "USURE"
    }
  }, {
    "geometry" : {
      "coordinates" : [ [ [ [ -0.24930596351623535, 46.65179288658016 ], [ -0.24930596351623535, 46.651791966005206 ], [ -0.24930663406848907, 46.65179173586146 ], [ -0.24930965155363083, 46.65179150571772 ], [ -0.2493160218000412, 46.65179150571772 ], [ -0.24931669235229492, 46.65179127557396 ], [ -0.24931736290454865, 46.65179081528647 ], [ -0.24931803345680237, 46.65179058514272 ], [ -0.24932373315095901, 46.65179058514272 ], [ -0.24932507425546646, 46.65179081528647 ], [ -0.24932708591222763, 46.651791966005206 ], [ -0.24932708591222763, 46.65179288658016 ], [ -0.24930596351623535, 46.65179288658016 ] ] ] ],
      "type" : "MultiPolygon"
    },
    "type" : "Feature",
    "properties" : {
      "confidence" : null,
      "zoom" : 20,
      "id" : "83952af1-c02a-4f7e-aaca-bc738c5990e1",
      "label" : "USURE"
    }
  }, {
    "geometry" : {
      "coordinates" : [ [ [ [ -0.2492332085967064, 46.65193028221766 ], [ -0.24923086166381836, 46.65193028221766 ], [ -0.24923086166381836, 46.65192936164504 ], [ -0.24923019111156464, 46.6519284410724 ], [ -0.2492295205593109, 46.65192798078608 ], [ -0.24922717362642288, 46.65192798078608 ], [ -0.24922583252191544, 46.65192821092923 ], [ -0.24922549724578857, 46.65193005207451 ], [ -0.24922247976064682, 46.65193005207451 ], [ -0.2492218092083931, 46.651929821931354 ], [ -0.24922113865613937, 46.6519295917882 ], [ -0.24922113865613937, 46.65192913150188 ], [ -0.24921845644712448, 46.65192890135872 ], [ -0.24921778589487076, 46.65192821092923 ], [ -0.24921678006649017, 46.651927750642905 ], [ -0.24921543896198273, 46.651927290356575 ], [ -0.249214768409729, 46.651927290356575 ], [ -0.24921409785747528, 46.651926830070245 ], [ -0.24921175092458725, 46.651925679354385 ], [ -0.24921175092458725, 46.651923838208965 ], [ -0.24921108037233353, 46.6519233779226 ], [ -0.24921108037233353, 46.6519213066339 ], [ -0.24921242147684097, 46.65192061620433 ], [ -0.24921376258134842, 46.65192015591793 ], [ -0.249214768409729, 46.65191992577473 ], [ -0.24921678006649017, 46.65191992577473 ], [ -0.24921778589487076, 46.65191969563154 ], [ -0.24921879172325134, 46.65191923534514 ], [ -0.24921979755163193, 46.65191923534514 ], [ -0.24922147393226624, 46.65191854491553 ], [ -0.24922214448451996, 46.65191854491553 ], [ -0.24922247976064682, 46.65191693391308 ], [ -0.2492218092083931, 46.65191624348345 ], [ -0.2492208033800125, 46.65191555305379 ], [ -0.24921979755163193, 46.65191555305379 ], [ -0.2492191269993782, 46.65191486262413 ], [ -0.24921711534261703, 46.65191463248093 ], [ -0.24921610951423645, 46.651914402337695 ], [ -0.24921543896198273, 46.65191394205125 ], [ -0.249214768409729, 46.65191302147836 ], [ -0.249214768409729, 46.65191095018927 ], [ -0.2492218092083931, 46.65191095018927 ], [ -0.24922281503677368, 46.65191164061897 ], [ -0.24922382086515427, 46.6519118707622 ], [ -0.249224491417408, 46.65191233104866 ], [ -0.2492278441786766, 46.65191233104866 ], [ -0.2492295205593109, 46.65191371190803 ], [ -0.2492295205593109, 46.65191463248093 ], [ -0.24923019111156464, 46.65191555305379 ], [ -0.24923019111156464, 46.65191831477233 ], [ -0.24923086166381836, 46.65191877505873 ], [ -0.2492322027683258, 46.65191900520193 ], [ -0.24923253804445267, 46.651919465488334 ], [ -0.24923253804445267, 46.6519213066339 ], [ -0.24923287332057953, 46.651921766920296 ], [ -0.24923454970121384, 46.651922917636234 ], [ -0.24923555552959442, 46.6519233779226 ], [ -0.249236561357975, 46.651923838208965 ], [ -0.2492375671863556, 46.651924068352145 ], [ -0.24923823773860931, 46.6519245286385 ], [ -0.2492392435669899, 46.651924758781675 ], [ -0.24924058467149734, 46.651925679354385 ], [ -0.2492436021566391, 46.65192590949755 ], [ -0.24924427270889282, 46.65192659992707 ], [ -0.24924661964178085, 46.65192659992707 ], [ -0.24924661964178085, 46.6519284410724 ], [ -0.24924460798501968, 46.6519295917882 ], [ -0.2492436021566391, 46.651929821931354 ], [ -0.24924293160438538, 46.651929821931354 ], [ -0.24924226105213165, 46.65193028221766 ], [ -0.2492419257760048, 46.65193028221766 ], [ -0.24924159049987793, 46.65193051236082 ], [ -0.2492332085967064, 46.65193028221766 ] ] ] ],
      "type" : "MultiPolygon"
    },
    "type" : "Feature",
    "properties" : {
      "confidence" : null,
      "zoom" : 20,
      "id" : "0d82314c-0036-471f-8bb8-9b6392de0a65",
      "label" : "USURE"
    }
  }, {
    "geometry" : {
      "coordinates" : [ [ [ [ -0.2496667206287384, 46.651775625797 ], [ -0.24966605007648468, 46.65177539565319 ], [ -0.2496650442481041, 46.651774935365566 ], [ -0.2496640384197235, 46.651774475077936 ], [ -0.2496633678674698, 46.6517740147903 ], [ -0.24966269731521606, 46.65177378464648 ], [ -0.24966202676296234, 46.651773554502654 ], [ -0.2496590092778206, 46.65177378464648 ], [ -0.24965800344944, 46.651773554502654 ], [ -0.24965666234493256, 46.65177309421501 ], [ -0.24965565651655197, 46.65177240378354 ], [ -0.24965263903141022, 46.65177240378354 ], [ -0.24965230375528336, 46.65177010234523 ], [ -0.24965297430753708, 46.65176964205755 ], [ -0.2496536448597908, 46.65176941191372 ], [ -0.2496546506881714, 46.65176918176988 ], [ -0.24965565651655197, 46.65176895162604 ], [ -0.2496563270688057, 46.65176895162604 ], [ -0.24965733289718628, 46.65176849133836 ], [ -0.24965833872556686, 46.65176826119451 ], [ -0.2496606856584549, 46.651768031050665 ], [ -0.2496633678674698, 46.651768031050665 ], [ -0.24966470897197723, 46.65176849133836 ], [ -0.24966605007648468, 46.65176849133836 ], [ -0.2496667206287384, 46.6517687214822 ], [ -0.249667726457119, 46.65176964205755 ], [ -0.24966873228549957, 46.65177033248906 ], [ -0.24966973811388016, 46.6517705626329 ], [ -0.24967074394226074, 46.65177148320822 ], [ -0.24967074394226074, 46.65177240378354 ], [ -0.24967141449451447, 46.651772864071184 ], [ -0.24967141449451447, 46.65177470522175 ], [ -0.24967007339000702, 46.651775625797 ], [ -0.2496667206287384, 46.651775625797 ] ] ] ],
      "type" : "MultiPolygon"
    },
    "type" : "Feature",
    "properties" : {
      "confidence" : null,
      "zoom" : 20,
      "id" : "97fb91cd-8beb-4351-bc76-b69115056620",
      "label" : "CHEMINEE"
    }
  }, {
    "geometry" : {
      "coordinates" : [ [ [ [ -0.24977736175060272, 46.65180094161042 ], [ -0.24977535009384155, 46.65180071146671 ], [ -0.24977434426546097, 46.65180048132301 ], [ -0.24977266788482666, 46.65180002103559 ], [ -0.24977166205644608, 46.651799790891886 ], [ -0.24976864457130432, 46.651799790891886 ], [ -0.2497679740190506, 46.651799560748174 ], [ -0.24976763874292374, 46.65179910046075 ], [ -0.24976763874292374, 46.65179610859241 ], [ -0.2497679740190506, 46.6517951880175 ], [ -0.24976864457130432, 46.65179472773004 ], [ -0.2497740089893341, 46.65179449758631 ], [ -0.2497783675789833, 46.65179449758631 ], [ -0.24978071451187134, 46.65179472773004 ], [ -0.24978172034025192, 46.651794957873776 ], [ -0.24978306144475937, 46.65179587844868 ], [ -0.2497837319970131, 46.65179679902358 ], [ -0.24978406727313995, 46.65179748945474 ], [ -0.24978406727313995, 46.65180002103559 ], [ -0.2497837319970131, 46.65180048132301 ], [ -0.24978306144475937, 46.65180071146671 ], [ -0.24978071451187134, 46.65180094161042 ], [ -0.24977736175060272, 46.65180094161042 ] ] ] ],
      "type" : "MultiPolygon"
    },
    "type" : "Feature",
    "properties" : {
      "confidence" : null,
      "zoom" : 20,
      "id" : "2067602f-c814-4920-89ed-de43031079f6",
      "label" : "CHEMINEE"
    }
  }, {
    "geometry" : {
      "coordinates" : [ [ [ [ -0.2496492862701416, 46.65180623491536 ], [ -0.24964861571788788, 46.65180600477168 ], [ -0.24964727461338043, 46.65180508419694 ], [ -0.24964693933725357, 46.65180439376588 ], [ -0.24964693933725357, 46.651802322472626 ], [ -0.24964727461338043, 46.65180186218522 ], [ -0.24964895099401474, 46.65180071146671 ], [ -0.24964962154626846, 46.65180048132301 ], [ -0.24965263903141022, 46.65180048132301 ], [ -0.2496536448597908, 46.65180071146671 ], [ -0.24965498596429825, 46.65180094161042 ], [ -0.24965666234493256, 46.65180140189783 ], [ -0.24965733289718628, 46.65180140189783 ], [ -0.24965800344944, 46.65180186218522 ], [ -0.24965800344944, 46.6518037033348 ], [ -0.2496563270688057, 46.65180485405325 ], [ -0.24965498596429825, 46.651805544484304 ], [ -0.24965431541204453, 46.65180600477168 ], [ -0.2496519684791565, 46.65180623491536 ], [ -0.2496492862701416, 46.65180623491536 ] ] ] ],
      "type" : "MultiPolygon"
    },
    "type" : "Feature",
    "properties" : {
      "confidence" : null,
      "zoom" : 20,
      "id" : "e7523097-cc50-4b71-9e04-a06e122b3211",
      "label" : "CHEMINEE"
    }
  }, {
    "geometry" : {
      "coordinates" : [ [ [ [ -0.24993427097797394, 46.651846510044706 ], [ -0.24993259459733963, 46.65184604975768 ], [ -0.24992991238832474, 46.65184604975768 ], [ -0.24992823600769043, 46.65184535932714 ], [ -0.24992723017930984, 46.65184512918363 ], [ -0.24992119520902634, 46.65184512918363 ], [ -0.24992018938064575, 46.651844438753066 ], [ -0.2499198541045189, 46.651843978466026 ], [ -0.24992018938064575, 46.65184075645663 ], [ -0.24992085993289948, 46.651840526313094 ], [ -0.24992354214191437, 46.651840526313094 ], [ -0.2499258890748024, 46.65184098660016 ], [ -0.24992823600769043, 46.65184098660016 ], [ -0.24992890655994415, 46.65184144688723 ], [ -0.24992991238832474, 46.65184236746135 ], [ -0.24993125349283218, 46.65184236746135 ], [ -0.24993225932121277, 46.651841907174294 ], [ -0.24993326514959335, 46.65184167703077 ], [ -0.24993829429149628, 46.65184167703077 ], [ -0.24993862956762314, 46.651844208609546 ], [ -0.24993829429149628, 46.65184581961416 ], [ -0.2499372884631157, 46.651846510044706 ], [ -0.24993427097797394, 46.651846510044706 ] ] ] ],
      "type" : "MultiPolygon"
    },
    "type" : "Feature",
    "properties" : {
      "confidence" : null,
      "zoom" : 20,
      "id" : "38c81376-819d-4674-8768-1e9608787fe8",
      "label" : "CHEMINEE"
    }
  }, {
    "geometry" : {
      "coordinates" : [ [ [ [ -0.24934452027082443, 46.65180209232893 ], [ -0.24934351444244385, 46.65180140189783 ], [ -0.24934351444244385, 46.65180048132301 ], [ -0.24934284389019012, 46.651799790891886 ], [ -0.24934284389019012, 46.65179679902358 ], [ -0.24934317916631699, 46.65179610859241 ], [ -0.24934351444244385, 46.651795648304955 ], [ -0.24934686720371246, 46.651795648304955 ], [ -0.2493482083082199, 46.65179610859241 ], [ -0.24934954941272736, 46.6517970291673 ], [ -0.24934954941272736, 46.65179910046075 ], [ -0.2493492141366005, 46.651799790891886 ], [ -0.24934854358434677, 46.651800251179296 ], [ -0.2493482083082199, 46.65180094161042 ], [ -0.2493475377559662, 46.65180140189783 ], [ -0.2493475377559662, 46.65180186218522 ], [ -0.24934452027082443, 46.65180209232893 ] ] ] ],
      "type" : "MultiPolygon"
    },
    "type" : "Feature",
    "properties" : {
      "confidence" : null,
      "zoom" : 20,
      "id" : "9ef5c933-8f89-4b11-bccc-071525a58b2b",
      "label" : "CHEMINEE"
    }
  }, {
    "geometry" : {
      "coordinates" : [ [ [ [ -0.24931199848651886, 46.65201175283285 ], [ -0.24931099265813828, 46.65201129254723 ], [ -0.24931032210588455, 46.65201129254723 ], [ -0.24930965155363083, 46.65201106240441 ], [ -0.24930831044912338, 46.652010141833166 ], [ -0.24930797517299652, 46.65200945140472 ], [ -0.24930763989686966, 46.652008760976265 ], [ -0.2493062987923622, 46.652008070547794 ], [ -0.2493062987923622, 46.65200599926235 ], [ -0.24930797517299652, 46.652004848548174 ], [ -0.24931132793426514, 46.652004848548174 ], [ -0.24931401014328003, 46.65200507869101 ], [ -0.2493160218000412, 46.65200576911951 ], [ -0.24931702762842178, 46.652006459548005 ], [ -0.24931736290454865, 46.65200691983367 ], [ -0.24931736290454865, 46.65200945140472 ], [ -0.24931702762842178, 46.65200991169036 ], [ -0.24931635707616806, 46.65201060211879 ], [ -0.24931468069553375, 46.65201175283285 ], [ -0.24931199848651886, 46.65201175283285 ] ] ] ],
      "type" : "MultiPolygon"
    },
    "type" : "Feature",
    "properties" : {
      "confidence" : null,
      "zoom" : 20,
      "id" : "1b2ed10d-7c7f-4509-8f8a-ed96b100caa3",
      "label" : "CHEMINEE"
    }
  }, {
    "geometry" : {
      "coordinates" : [ [ [ [ -0.24940520524978638, 46.65160808084223 ], [ -0.24940386414527893, 46.65160716026411 ], [ -0.2494031935930252, 46.65160693011958 ], [ -0.24940252304077148, 46.65160693011958 ], [ -0.24940185248851776, 46.651606469830526 ], [ -0.2494015172123909, 46.65160600954145 ], [ -0.2494015172123909, 46.65160232722879 ], [ -0.24940218776464462, 46.651602097084236 ], [ -0.24940285831689835, 46.65160186693968 ], [ -0.24940554052591324, 46.65160186693968 ], [ -0.24940721690654755, 46.65160301766243 ], [ -0.24940822273492813, 46.65160324780698 ], [ -0.24940889328718185, 46.65160324780698 ], [ -0.24940989911556244, 46.65160347795152 ], [ -0.24941056966781616, 46.65160393824061 ], [ -0.24941124022006989, 46.651604168385155 ], [ -0.24941258132457733, 46.6516043985297 ], [ -0.24941425770521164, 46.6516043985297 ], [ -0.24941526353359222, 46.651604628674235 ], [ -0.24941593408584595, 46.65160508896331 ], [ -0.24941593408584595, 46.65160693011958 ], [ -0.24941526353359222, 46.65160716026411 ], [ -0.2494145929813385, 46.65160739040864 ], [ -0.2494119107723236, 46.65160739040864 ], [ -0.24940989911556244, 46.65160762055317 ], [ -0.249408558011055, 46.65160808084223 ], [ -0.24940520524978638, 46.65160808084223 ] ] ] ],
      "type" : "MultiPolygon"
    },
    "type" : "Feature",
    "properties" : {
      "confidence" : null,
      "zoom" : 20,
      "id" : "6ccf0d50-8824-4292-83a2-e2afb296f680",
      "label" : "CHEMINEE"
    }
  }, {
    "geometry" : {
      "coordinates" : [ [ [ [ -0.24935156106948853, 46.6516462848199 ], [ -0.24934988468885422, 46.651645594386814 ], [ -0.24934686720371246, 46.651645594386814 ], [ -0.24934586137533188, 46.65164536424244 ], [ -0.24934552609920502, 46.651644673809336 ], [ -0.24934418499469757, 46.651643753231845 ], [ -0.24934351444244385, 46.651643753231845 ], [ -0.24934284389019012, 46.651643292943106 ], [ -0.24934284389019012, 46.65164145178807 ], [ -0.24934686720371246, 46.651641681932446 ], [ -0.24934988468885422, 46.651641681932446 ], [ -0.24935390800237656, 46.65164145178807 ], [ -0.249355249106884, 46.65164191207684 ], [ -0.24935591965913773, 46.65164237236559 ], [ -0.24935591965913773, 46.651644673809336 ], [ -0.249355249106884, 46.65164582453117 ], [ -0.24935424327850342, 46.6516462848199 ], [ -0.24935156106948853, 46.6516462848199 ] ] ] ],
      "type" : "MultiPolygon"
    },
    "type" : "Feature",
    "properties" : {
      "confidence" : null,
      "zoom" : 20,
      "id" : "534699f2-1dbb-4b0c-a561-d40d57453819",
      "label" : "CHEMINEE"
    }
  }, {
    "geometry" : {
      "coordinates" : [ [ [ [ -0.24951349943876266, 46.651647435541705 ], [ -0.24951115250587463, 46.65164697525299 ], [ -0.24950779974460602, 46.65164697525299 ], [ -0.24950344115495682, 46.65164720539734 ], [ -0.2495027706027031, 46.65164674510862 ], [ -0.24950142949819565, 46.65164651496427 ], [ -0.24949975311756134, 46.65164651496427 ], [ -0.2494984120130539, 46.65164605467554 ], [ -0.24949807673692703, 46.651645594386814 ], [ -0.24949807673692703, 46.65164260250997 ], [ -0.2494984120130539, 46.65164145178807 ], [ -0.24950142949819565, 46.651641221643686 ], [ -0.24950243532657623, 46.65164191207684 ], [ -0.24950310587882996, 46.651641681932446 ], [ -0.24950377643108368, 46.65164145178807 ], [ -0.24950914084911346, 46.651641681932446 ], [ -0.2495098114013672, 46.65164145178807 ], [ -0.24951081722974777, 46.651640991499306 ], [ -0.2495114877820015, 46.65164053121054 ], [ -0.24951215833425522, 46.651640301066145 ], [ -0.2495131641626358, 46.65164007092175 ], [ -0.2495185285806656, 46.65164007092175 ], [ -0.24951953440904617, 46.651640301066145 ], [ -0.24952154606580734, 46.651641681932446 ], [ -0.24952154606580734, 46.651643523087486 ], [ -0.24952087551355362, 46.65164444366497 ], [ -0.24952087551355362, 46.65164536424244 ], [ -0.24952054023742676, 46.65164582453117 ], [ -0.24951986968517303, 46.6516462848199 ], [ -0.24951819330453873, 46.65164674510862 ], [ -0.249517522752285, 46.65164720539734 ], [ -0.24951718747615814, 46.65164720539734 ], [ -0.24951685220003128, 46.651647435541705 ], [ -0.24951349943876266, 46.651647435541705 ] ] ] ],
      "type" : "MultiPolygon"
    },
    "type" : "Feature",
    "properties" : {
      "confidence" : null,
      "zoom" : 20,
      "id" : "304f2962-cbbc-4c8d-b1dd-0a9ce3dc6482",
      "label" : "CHEMINEE"
    }
  }, {
    "geometry" : {
      "coordinates" : [ [ [ [ -0.24913765490055084, 46.65181336936903 ], [ -0.24913731962442398, 46.65181290908173 ], [ -0.24913698434829712, 46.65181037750147 ], [ -0.24913698434829712, 46.65180715549008 ], [ -0.2491363137960434, 46.651806465059046 ], [ -0.24913597851991653, 46.65180462390957 ], [ -0.24913597851991653, 46.65180278276002 ], [ -0.2491363137960434, 46.65180117175412 ], [ -0.24913698434829712, 46.65180071146671 ], [ -0.24914100766181946, 46.65180071146671 ], [ -0.24914134293794632, 46.65180278276002 ], [ -0.24914100766181946, 46.651805774627995 ], [ -0.24914134293794632, 46.65181152821978 ], [ -0.2491406723856926, 46.651812448794416 ], [ -0.2491406723856926, 46.65181290908173 ], [ -0.24914033710956573, 46.65181336936903 ], [ -0.24913765490055084, 46.65181336936903 ] ] ] ],
      "type" : "MultiPolygon"
    },
    "type" : "Feature",
    "properties" : {
      "confidence" : null,
      "zoom" : 20,
      "id" : "fb6395b0-af27-404d-aeb3-bac8a78d5cb7",
      "label" : "CHEMINEE"
    }
  }, {
    "geometry" : {
      "coordinates" : [ [ [ [ -0.24908199906349182, 46.651815670805505 ], [ -0.24908166378736496, 46.65181521051821 ], [ -0.24908166378736496, 46.65181452008728 ], [ -0.24908099323511124, 46.651813829656334 ], [ -0.24908099323511124, 46.65180807606479 ], [ -0.249084010720253, 46.65180807606479 ], [ -0.24908434599637985, 46.65180853635213 ], [ -0.2490846812725067, 46.651808996639474 ], [ -0.24908501654863358, 46.651809687070475 ], [ -0.24908535182476044, 46.65181037750147 ], [ -0.24908535182476044, 46.65181152821978 ], [ -0.2490856871008873, 46.651811988507106 ], [ -0.2490873634815216, 46.65181313922538 ], [ -0.2490873634815216, 46.65181521051821 ], [ -0.24908669292926788, 46.65181544066185 ], [ -0.2490856871008873, 46.651815670805505 ], [ -0.24908535182476044, 46.65181590094914 ], [ -0.24908199906349182, 46.651815670805505 ] ] ] ],
      "type" : "MultiPolygon"
    },
    "type" : "Feature",
    "properties" : {
      "confidence" : null,
      "zoom" : 20,
      "id" : "cb8c6c06-61b3-4272-8f5b-06ed072cfb31",
      "label" : "CHEMINEE"
    }
  } ],
  "type" : "FeatureCollection"
}